[2026-01-25T15:11:58.904Z] GET /admin/notifications/my - 304 (13ms)
[2026-01-25T15:12:08.318Z] GET /admin/notifications/my - 304 (2ms)
[2026-01-25T15:13:07.574Z] GET /admin/notifications/my - 304 (14ms)
[2026-01-25T15:13:17.915Z] GET /admin/notifications/my - 304 (16ms)
[2026-01-25T15:13:28.336Z] PUT /exams/b86611c4-cbe7-479e-803c-65b41f574533/publish - 200 (41ms)
[2026-01-25T15:13:39.880Z] GET /admin/notifications/my - 304 (14ms)
[2026-01-25T15:13:39.931Z] GET /admin/notifications/my - 304 (2ms)
[2026-01-25T15:13:44.739Z] GET /passes/current - 200 (6ms)
[2026-01-25T15:13:44.752Z] GET /exams/user/stats - 304 (17ms)
[2026-01-25T15:13:44.757Z] GET /exams/user/recent - 304 (21ms)
[2026-01-25T15:13:44.779Z] GET /passes/current - 200 (4ms)
[2026-01-25T15:13:44.781Z] GET /exams/user/stats - 304 (4ms)
[2026-01-25T15:13:44.791Z] GET /exams/user/recent - 304 (7ms)
[2026-01-25T15:13:47.340Z] GET /exams?type=real_exam - 304 (15ms)
[2026-01-25T15:13:47.410Z] GET /exams?type=real_exam - 304 (10ms)
[2026-01-25T15:13:50.071Z] GET /admin/notifications/my - 304 (3ms)
[2026-01-25T15:13:50.073Z] GET /passes/current - 200 (4ms)
[2026-01-25T15:13:50.081Z] GET /exams/user/stats - 304 (6ms)
[2026-01-25T15:13:50.083Z] GET /exams/user/recent - 304 (7ms)
[2026-01-25T15:13:50.088Z] GET /admin/notifications/my - 304 (3ms)
[2026-01-25T15:13:50.097Z] GET /passes/current - 200 (2ms)
[2026-01-25T15:13:50.181Z] GET /exams/user/stats - 304 (7ms)
[2026-01-25T15:13:50.183Z] GET /exams/user/recent - 304 (7ms)
[2026-01-25T15:13:54.880Z] GET /exams?type=real_exam - 304 (8ms)
[2026-01-25T15:13:54.902Z] GET /exams?type=real_exam - 304 (7ms)
[2026-01-25T15:13:54.948Z] GET /admin/notifications/my - 304 (3ms)
[2026-01-25T15:13:56.589Z] GET /admin/notifications/my - 304 (2ms)
[2026-01-25T15:13:56.598Z] GET /exams?type=real_exam - 304 (10ms)
[2026-01-25T15:13:56.788Z] GET /exams?type=real_exam - 304 (9ms)
[2026-01-25T15:14:02.697Z] GET /admin/notifications/my - 304 (2ms)
[2026-01-25T15:14:02.708Z] GET /admin/notifications/my - 304 (2ms)
[2026-01-25T15:14:13.256Z] GET /passes/current - 304 (15ms)
[2026-01-25T15:14:13.258Z] GET /exams/user/stats - 304 (15ms)
[2026-01-25T15:14:13.263Z] GET /exams/user/recent - 304 (14ms)
[2026-01-25T15:14:13.274Z] GET /exams/user/stats - 304 (3ms)
[2026-01-25T15:14:13.275Z] GET /passes/current - 304 (5ms)
[2026-01-25T15:14:13.281Z] GET /exams/user/recent - 304 (5ms)
[2026-01-25T15:15:03.141Z] GET /admin/notifications/my - 304 (17ms)
[2026-01-25T16:31:41.746Z] POST /auth/login - 200 (161ms)
[2026-01-25T16:31:43.168Z] GET /analytics/overview - 200 (25ms)
[2026-01-25T16:31:43.179Z] GET /analytics/overview - 304 (4ms)
[2026-01-25T16:31:43.515Z] GET /admin/system/health - 200 (1ms)
[2026-01-25T16:31:43.519Z] GET /admin/system/api-usage - 200 (1ms)
[2026-01-25T16:31:43.766Z] GET /admin/system/health - 200 (1ms)
[2026-01-25T16:31:43.831Z] GET /admin/system/api-usage - 304 (2ms)
[2026-01-25T16:31:49.424Z] GET /users - 200 (4ms)
[2026-01-25T16:31:49.588Z] GET /users - 304 (3ms)
[2026-01-25T16:32:12.945Z] GET /exams - 200 (35ms)
[2026-01-25T16:32:12.962Z] GET /exams - 304 (9ms)
[2026-01-25T16:32:16.573Z] GET /exams/hierarchy?type=question_bank - 304 (12ms)
[2026-01-25T16:32:16.679Z] GET /exams/hierarchy?type=question_bank - 304 (8ms)
[2026-01-25T16:32:54.612Z] GET /exams/questions/global - 304 (59ms)
[2026-01-25T16:32:54.633Z] GET /exams/questions/global - 304 (15ms)
[2026-01-25T16:33:35.375Z] GET /exams/hierarchy?type=question_bank - 304 (22ms)
[2026-01-25T16:33:35.567Z] GET /exams/hierarchy?type=question_bank - 304 (8ms)
[2026-01-25T16:33:38.217Z] GET /admin/exams - 404: "Cannot GET /admin/exams"
[2026-01-25T16:33:38.221Z] GET /admin/exams - 404 (5ms)
[2026-01-25T16:33:38.336Z] GET /admin/exams - 404: "Cannot GET /admin/exams"
[2026-01-25T16:33:38.339Z] GET /admin/exams - 404 (4ms)
[2026-01-25T16:33:40.665Z] GET /exams - 304 (7ms)
[2026-01-25T16:33:40.679Z] GET /exams - 304 (9ms)
[2026-01-25T17:23:13.077Z] GET /analytics/overview - 304 (100ms)
[2026-01-25T17:23:13.170Z] GET /analytics/overview - 304 (3ms)
[2026-01-25T17:23:13.416Z] GET /admin/system/health - 200 (4ms)
[2026-01-25T17:23:13.436Z] GET /admin/system/api-usage - 304 (1ms)
[2026-01-25T17:23:13.456Z] GET /admin/system/health - 200 (2ms)
[2026-01-25T17:23:13.763Z] GET /admin/system/api-usage - 304 (1ms)
[2026-01-25T17:23:20.358Z] GET /admin/exams - 404: "Cannot GET /admin/exams"
[2026-01-25T17:23:20.360Z] GET /admin/exams - 404 (3ms)
[2026-01-25T17:23:20.368Z] GET /admin/exams - 404: "Cannot GET /admin/exams"
[2026-01-25T17:23:20.370Z] GET /admin/exams - 404 (3ms)
[2026-01-25T17:23:21.274Z] GET /exams/questions/global - 304 (32ms)
[2026-01-25T17:23:21.474Z] GET /exams/questions/global - 304 (17ms)
[2026-01-25T17:23:23.154Z] GET /exams/hierarchy?type=question_bank - 304 (16ms)
[2026-01-25T17:23:23.484Z] GET /exams/hierarchy?type=question_bank - 304 (13ms)
[2026-01-25T17:23:30.935Z] GET /exams?type=previous_year_paper - 200 (16ms)
[2026-01-25T17:23:30.950Z] GET /exams?type=previous_year_paper - 304 (8ms)
[2026-01-25T17:23:43.632Z] GET /exams - 304 (42ms)
[2026-01-25T17:23:43.658Z] GET /exams - 304 (14ms)
[2026-01-25T17:23:52.904Z] GET /exams?type=previous_year_paper - 304 (11ms)
[2026-01-25T17:23:52.920Z] GET /exams?type=previous_year_paper - 304 (8ms)
[2026-01-25T17:24:03.949Z] GET /admin/notifications/my - 304 (27ms)
[2026-01-25T17:24:03.951Z] GET /exams/97762c7e-ce76-40aa-af28-dcf8f2895469/my-attempts - 200 (33ms)
[2026-01-25T17:24:04.244Z] GET /exams/97762c7e-ce76-40aa-af28-dcf8f2895469 - 304 (17ms)
[2026-01-25T17:24:04.270Z] GET /admin/notifications/my - 304 (6ms)
[2026-01-25T17:24:04.277Z] GET /exams/97762c7e-ce76-40aa-af28-dcf8f2895469/my-attempts - 304 (11ms)
[2026-01-25T17:24:04.564Z] GET /exams/97762c7e-ce76-40aa-af28-dcf8f2895469 - 304 (3ms)
[2026-01-25T17:24:14.454Z] GET /exams?type=previous_year_paper - 304 (28ms)
[2026-01-25T17:24:14.696Z] GET /exams?type=previous_year_paper - 304 (9ms)
[2026-01-25T17:24:15.561Z] GET /exams - 304 (11ms)
[2026-01-25T17:24:15.894Z] GET /exams - 304 (10ms)
[2026-01-25T17:24:19.616Z] GET /admin/exams - 404: "Cannot GET /admin/exams"
[2026-01-25T17:24:19.618Z] GET /admin/exams - 404 (3ms)
[2026-01-25T17:24:19.933Z] GET /admin/exams - 404: "Cannot GET /admin/exams"
[2026-01-25T17:24:19.936Z] GET /admin/exams - 404 (3ms)
[2026-01-25T17:24:22.222Z] GET /exams/questions/global - 304 (35ms)
[2026-01-25T17:24:22.389Z] GET /exams/questions/global - 304 (19ms)
[2026-01-25T17:24:23.310Z] GET /exams?type=previous_year_paper - 304 (8ms)
[2026-01-25T17:24:23.625Z] GET /exams?type=previous_year_paper - 304 (6ms)
[2026-01-25T17:24:59.915Z] GET /exams - 304 (38ms)
[2026-01-25T17:25:00.084Z] GET /exams - 304 (10ms)
[2026-01-25T17:25:08.867Z] GET /admin/exams - 404: "Cannot GET /admin/exams"
[2026-01-25T17:25:08.871Z] GET /admin/exams - 404 (4ms)
[2026-01-25T17:25:09.184Z] GET /admin/exams - 404: "Cannot GET /admin/exams"
[2026-01-25T17:25:09.187Z] GET /admin/exams - 404 (3ms)
[2026-01-25T17:25:11.000Z] GET /exams - 304 (29ms)
[2026-01-25T17:25:11.244Z] GET /exams - 304 (8ms)
[2026-01-25T17:26:34.988Z] GET /analytics/overview - 304 (3ms)
[2026-01-25T17:26:35.169Z] GET /analytics/overview - 304 (5ms)
[2026-01-25T17:26:35.310Z] GET /admin/system/health - 200 (2ms)
[2026-01-25T17:26:35.326Z] GET /admin/system/api-usage - 304 (1ms)
[2026-01-25T17:26:35.331Z] GET /admin/system/health - 200 (2ms)
[2026-01-25T17:26:35.653Z] GET /admin/system/api-usage - 304 (1ms)
[2026-01-25T17:26:46.712Z] GET /users - 304 (24ms)
[2026-01-25T17:26:46.889Z] GET /users - 304 (4ms)
[2026-01-25T17:31:22.204Z] POST /auth/login - 200 (122ms)
[2026-01-25T17:31:22.433Z] GET /analytics/overview - 304 (3ms)
[2026-01-25T17:31:22.441Z] GET /analytics/overview - 304 (2ms)
[2026-01-25T17:31:22.473Z] GET /admin/system/health - 200 (2ms)
[2026-01-25T17:31:22.779Z] GET /admin/system/api-usage - 304 (1ms)
[2026-01-25T17:31:22.787Z] GET /admin/system/health - 200 (1ms)
[2026-01-25T17:31:23.105Z] GET /admin/system/api-usage - 304 (1ms)
[2026-01-25T17:31:27.736Z] GET /exams - 304 (14ms)
[2026-01-25T17:31:27.753Z] GET /exams - 304 (9ms)
[2026-01-25T17:31:29.945Z] GET /admin/exams - 404: "Cannot GET /admin/exams"
[2026-01-25T17:31:29.948Z] GET /admin/exams - 404 (3ms)
[2026-01-25T17:31:30.148Z] GET /admin/exams - 404: "Cannot GET /admin/exams"
[2026-01-25T17:31:30.150Z] GET /admin/exams - 404 (3ms)
[2026-01-25T17:31:34.572Z] GET /analytics/overview - 304 (3ms)
[2026-01-25T17:31:34.900Z] GET /admin/system/health - 200 (1ms)
[2026-01-25T17:31:34.904Z] GET /admin/system/api-usage - 304 (1ms)
[2026-01-25T17:31:34.907Z] GET /analytics/overview - 304 (9ms)
[2026-01-25T17:31:35.163Z] GET /admin/system/health - 200 (2ms)
[2026-01-25T17:31:35.212Z] GET /admin/system/api-usage - 304 (1ms)
[2026-01-25T17:31:45.428Z] GET /analytics/overview - 304 (2ms)
[2026-01-25T17:31:45.516Z] GET /analytics/overview - 304 (3ms)
[2026-01-25T17:31:45.585Z] GET /admin/system/health - 200 (1ms)
[2026-01-25T17:31:45.589Z] GET /admin/system/api-usage - 304 (1ms)
[2026-01-25T17:31:45.597Z] GET /admin/system/health - 200 (2ms)
[2026-01-25T17:31:45.602Z] GET /admin/system/api-usage - 304 (1ms)
[2026-01-25T17:32:15.951Z] GET /admin/system/health - 200 (1ms)
[2026-01-25T17:32:15.953Z] GET /admin/system/api-usage - 304 (0ms)
[2026-01-25T17:32:46.262Z] GET /admin/system/health - 200 (1ms)
[2026-01-25T17:32:46.266Z] GET /admin/system/api-usage - 304 (1ms)
[2026-01-25T17:33:15.946Z] GET /admin/system/health - 200 (1ms)
[2026-01-25T17:33:16.256Z] GET /admin/system/api-usage - 304 (1ms)
[2026-01-25T17:33:46.261Z] GET /admin/system/health - 200 (1ms)
[2026-01-25T17:33:46.262Z] GET /admin/system/api-usage - 304 (1ms)
[2026-01-25T17:34:15.943Z] GET /admin/system/health - 200 (1ms)
[2026-01-25T17:34:16.247Z] GET /admin/system/api-usage - 304 (1ms)
[2026-01-25T17:34:46.275Z] GET /admin/system/health - 200 (2ms)
[2026-01-25T17:34:46.278Z] GET /admin/system/api-usage - 304 (1ms)
[2026-01-25T17:36:13.271Z] GET /admin/system/health - 200 (1ms)
[2026-01-25T17:36:13.274Z] GET /admin/system/api-usage - 304 (1ms)
[2026-01-25T17:36:44.699Z] GET /admin/system/health - 200 (2ms)
[2026-01-25T17:36:45.006Z] GET /admin/system/api-usage - 304 (1ms)
[2026-01-25T17:37:16.268Z] GET /admin/system/health - 200 (1ms)
[2026-01-25T17:37:16.271Z] GET /admin/system/api-usage - 304 (1ms)
[2026-01-25T17:37:45.948Z] GET /admin/system/health - 200 (1ms)
[2026-01-25T17:37:46.260Z] GET /admin/system/api-usage - 304 (1ms)
[2026-01-25T17:39:13.259Z] GET /admin/system/health - 200 (1ms)
[2026-01-25T17:39:13.263Z] GET /admin/system/api-usage - 304 (1ms)
[2026-01-25T17:40:12.949Z] GET /admin/system/health - 200 (1ms)
[2026-01-25T17:40:13.255Z] GET /admin/system/api-usage - 304 (1ms)
[2026-01-25T17:40:50.957Z] GET /admin/system/health - 200 (1ms)
[2026-01-25T17:40:50.961Z] GET /admin/system/api-usage - 304 (1ms)
[2026-01-25T17:41:24.953Z] GET /admin/system/health - 200 (1ms)
[2026-01-25T17:41:24.956Z] GET /admin/system/api-usage - 304 (1ms)
[2026-01-25T17:41:47.949Z] GET /admin/system/api-usage - 304 (1ms)
[2026-01-25T17:41:47.952Z] GET /admin/system/health - 200 (0ms)
[2026-01-25T17:43:13.263Z] GET /admin/system/health - 200 (1ms)
[2026-01-25T17:43:13.266Z] GET /admin/system/api-usage - 304 (1ms)
[2026-01-25T17:43:31.849Z] GET /admin/system/health - 200 (1ms)
[2026-01-25T17:43:32.163Z] GET /admin/system/api-usage - 304 (1ms)
[2026-01-25T17:43:45.840Z] GET /admin/system/health - 200 (1ms)
[2026-01-25T17:43:45.848Z] GET /admin/system/api-usage - 304 (6ms)
[2026-01-25T17:44:15.527Z] GET /admin/system/health - 200 (1ms)
[2026-01-25T17:44:15.831Z] GET /admin/system/api-usage - 304 (1ms)
[2026-01-25T17:44:47.387Z] GET /auth/google - 302 (2ms)
[2026-01-25T17:44:52.385Z] GET /auth/google/callback?code=4%2F0ASc3gC1PKXeQ0kb1OIDcyDIWrQJlCzif1Q0_KaZ09txZ0jhRXd5ZkpntPKHldki4sZyBEg&scope=email+profile+https%3A%2F%2Fwww.googleapis.com%2Fauth%2Fuserinfo.profile+https%3A%2F%2Fwww.googleapis.com%2Fauth%2Fuserinfo.email+openid&authuser=1&prompt=none - 302 (568ms)
[2026-01-25T17:44:54.802Z] GET /admin/notifications/my - 304 (5ms)
[2026-01-25T17:44:54.822Z] GET /passes/current - 200 (14ms)
[2026-01-25T17:44:54.841Z] GET /exams/user/stats - 304 (30ms)
[2026-01-25T17:44:54.846Z] GET /exams/user/recent - 304 (32ms)
[2026-01-25T17:44:54.849Z] GET /admin/notifications/my - 304 (5ms)
[2026-01-25T17:44:54.927Z] GET /passes/current - 200 (6ms)
[2026-01-25T17:44:55.154Z] GET /exams/user/stats - 304 (4ms)
[2026-01-25T17:44:55.169Z] GET /exams/user/recent - 304 (7ms)
[2026-01-25T17:45:54.963Z] GET /admin/notifications/my - 304 (19ms)
[2026-01-25T17:46:55.278Z] GET /admin/notifications/my - 304 (19ms)
[2026-01-25T17:47:46.006Z] GET /admin/notifications/my - 304 (40ms)
[2026-01-25T17:47:46.017Z] GET /exams/user/stats - 304 (39ms)
[2026-01-25T17:47:46.020Z] GET /passes/current - 200 (47ms)
[2026-01-25T17:47:46.028Z] GET /exams/user/recent - 304 (46ms)
[2026-01-25T17:47:46.108Z] GET /admin/notifications/my - 304 (4ms)
[2026-01-25T17:47:46.122Z] GET /exams/user/stats - 304 (3ms)
[2026-01-25T17:47:46.336Z] GET /passes/current - 200 (4ms)
[2026-01-25T17:47:46.361Z] GET /exams/user/recent - 304 (4ms)
[2026-01-25T17:48:45.991Z] GET /admin/notifications/my - 304 (24ms)
[2026-01-25T17:49:36.344Z] GET /admin/notifications/my - 304 (33ms)
[2026-01-25T17:49:36.347Z] GET /passes/current - 200 (34ms)
[2026-01-25T17:49:36.357Z] GET /exams/user/stats - 304 (34ms)
[2026-01-25T17:49:36.370Z] GET /exams/user/recent - 304 (45ms)
[2026-01-25T17:49:36.444Z] GET /admin/notifications/my - 304 (6ms)
[2026-01-25T17:49:36.447Z] GET /passes/current - 200 (5ms)
[2026-01-25T17:49:36.681Z] GET /exams/user/stats - 304 (3ms)
[2026-01-25T17:49:36.709Z] GET /exams/user/recent - 304 (5ms)
[2026-01-25T17:50:36.333Z] GET /admin/notifications/my - 304 (23ms)
[2026-01-25T17:51:37.282Z] GET /admin/notifications/my - 304 (22ms)
[2026-01-25T17:52:36.967Z] GET /admin/notifications/my - 304 (21ms)
[2026-01-25T17:53:05.262Z] GET /admin/notifications/my - 304 (26ms)
[2026-01-25T17:53:05.267Z] GET /passes/current - 200 (29ms)
[2026-01-25T17:53:05.270Z] GET /exams/user/stats - 304 (31ms)
[2026-01-25T17:53:05.272Z] GET /exams/user/recent - 304 (31ms)
[2026-01-25T17:53:05.305Z] GET /admin/notifications/my - 304 (8ms)
[2026-01-25T17:53:06.394Z] GET /passes/current - 200 (7ms)
[2026-01-25T17:53:06.398Z] GET /exams/user/stats - 200 (9ms)
[2026-01-25T17:53:06.403Z] GET /admin/notifications/my - 304 (13ms)
[2026-01-25T17:53:06.408Z] GET /exams/user/recent - 200 (16ms)
[2026-01-25T17:53:06.420Z] GET /passes/current - 200 (7ms)
[2026-01-25T17:53:06.423Z] GET /exams/user/stats - 304 (5ms)
[2026-01-25T17:53:06.720Z] GET /admin/notifications/my - 304 (2ms)
[2026-01-25T17:53:06.802Z] GET /exams/user/recent - 304 (7ms)
[2026-01-25T17:54:06.973Z] GET /admin/notifications/my - 304 (22ms)
[2026-01-25T17:54:31.060Z] GET /passes/current - 200 (42ms)
[2026-01-25T17:54:31.063Z] GET /admin/notifications/my - 304 (49ms)
[2026-01-25T17:54:31.073Z] GET /exams/user/stats - 304 (51ms)
[2026-01-25T17:54:31.080Z] GET /exams/user/recent - 304 (54ms)
[2026-01-25T17:54:31.158Z] GET /passes/current - 200 (6ms)
[2026-01-25T17:54:31.160Z] GET /admin/notifications/my - 304 (4ms)
[2026-01-25T17:54:31.418Z] GET /exams/user/stats - 304 (4ms)
[2026-01-25T17:54:31.420Z] GET /exams/user/recent - 304 (4ms)
[2026-01-25T17:54:52.066Z] GET /exams?type=real_exam - 304 (38ms)
[2026-01-25T17:54:52.083Z] GET /exams?type=real_exam - 304 (9ms)
[2026-01-25T17:55:06.880Z] GET /exams/ea974100-c6ab-42a4-bdbb-e68493548c25/my-attempts - 200 (26ms)
[2026-01-25T17:55:06.892Z] GET /exams/ea974100-c6ab-42a4-bdbb-e68493548c25/my-attempts - 304 (5ms)
[2026-01-25T17:55:06.895Z] GET /exams/ea974100-c6ab-42a4-bdbb-e68493548c25 - 200 (39ms)
[2026-01-25T17:55:07.219Z] GET /exams/ea974100-c6ab-42a4-bdbb-e68493548c25 - 304 (3ms)
[2026-01-25T17:55:12.951Z] GET /exams/models/ea974100-c6ab-42a4-bdbb-e68493548c25 - 200 (6ms)
[2026-01-25T17:55:12.966Z] GET /exams/models/ea974100-c6ab-42a4-bdbb-e68493548c25 - 200 (4ms)
[2026-01-25T17:55:13.278Z] GET /exams/ea974100-c6ab-42a4-bdbb-e68493548c25 - 304 (2ms)
[2026-01-25T17:55:13.612Z] GET /exams/ea974100-c6ab-42a4-bdbb-e68493548c25 - 304 (4ms)
[2026-01-25T17:55:13.621Z] POST /test-session/start - 201 (12ms)
[2026-01-25T17:55:13.870Z] POST /test-session/start - 201 (7ms)
[2026-01-25T17:57:23.455Z] POST /test-session/ea974100-c6ab-42a4-bdbb-e68493548c25/sync - 201 (5ms)
[2026-01-25T17:57:27.496Z] POST /test-session/ea974100-c6ab-42a4-bdbb-e68493548c25/sync - 201 (6ms)
[2026-01-25T17:57:37.361Z] POST /test-session/ea974100-c6ab-42a4-bdbb-e68493548c25/sync - 201 (4ms)
[2026-01-25T17:57:41.154Z] POST /test-session/ea974100-c6ab-42a4-bdbb-e68493548c25/sync - 201 (5ms)
[2026-01-25T17:58:01.792Z] POST /test-session/ea974100-c6ab-42a4-bdbb-e68493548c25/submit - 201 (258ms)
[2026-01-25T17:58:06.313Z] GET /admin/notifications/my - 304 (5ms)
[2026-01-25T17:58:06.343Z] GET /exams/attempts/4318bd37-f5c4-4ba4-bc92-aa7e01b7b880 - 200 (34ms)
[2026-01-25T17:58:06.617Z] GET /analytics/percentile/exam/4318bd37-f5c4-4ba4-bc92-aa7e01b7b880 - 400: "No attempts found for this exam"
[2026-01-25T17:58:06.619Z] GET /analytics/percentile/exam/4318bd37-f5c4-4ba4-bc92-aa7e01b7b880 - 400 (6ms)
[2026-01-25T17:58:06.636Z] GET /admin/notifications/my - 304 (2ms)
[2026-01-25T17:58:06.644Z] GET /analytics/attempt/4318bd37-f5c4-4ba4-bc92-aa7e01b7b880 - 200 (34ms)
[2026-01-25T17:58:06.649Z] GET /analytics/patterns - 200 (18ms)
[2026-01-25T17:58:06.671Z] GET /exams/attempts/4318bd37-f5c4-4ba4-bc92-aa7e01b7b880 - 304 (18ms)
[2026-01-25T17:58:06.947Z] GET /analytics/percentile/exam/4318bd37-f5c4-4ba4-bc92-aa7e01b7b880 - 400: "No attempts found for this exam"
[2026-01-25T17:58:06.949Z] GET /analytics/percentile/exam/4318bd37-f5c4-4ba4-bc92-aa7e01b7b880 - 400 (5ms)
[2026-01-25T17:58:06.971Z] GET /analytics/attempt/4318bd37-f5c4-4ba4-bc92-aa7e01b7b880 - 304 (15ms)
[2026-01-25T17:58:06.986Z] GET /analytics/patterns - 304 (11ms)
[2026-01-25T17:59:07.284Z] GET /admin/notifications/my - 304 (22ms)
[2026-01-25T18:00:06.973Z] GET /admin/notifications/my - 304 (21ms)
[2026-01-25T18:01:07.285Z] GET /admin/notifications/my - 304 (27ms)
[2026-01-25T18:02:06.974Z] GET /admin/notifications/my - 304 (21ms)
[2026-01-25T18:03:06.967Z] GET /admin/notifications/my - 304 (17ms)
[2026-01-25T18:04:06.640Z] GET /admin/notifications/my - 304 (20ms)
[2026-01-25T18:04:07.597Z] GET /exams?type=real_exam - 200 (16ms)
[2026-01-25T18:04:07.917Z] GET /exams?type=real_exam - 304 (8ms)
[2026-01-25T18:04:27.725Z] GET /exams?type=live_exam - 200 (33ms)
[2026-01-25T18:04:27.741Z] GET /exams?type=live_exam - 304 (9ms)
[2026-01-25T18:04:35.223Z] GET /exams?type=real_exam - 304 (9ms)
[2026-01-25T18:04:35.478Z] GET /exams?type=real_exam - 304 (9ms)
[2026-01-25T18:04:36.744Z] GET /exams?type=live_exam - 304 (12ms)
[2026-01-25T18:04:37.072Z] GET /exams?type=live_exam - 304 (10ms)
[2026-01-25T18:04:39.344Z] GET /exams?type=previous_year_paper - 200 (13ms)
[2026-01-25T18:04:39.414Z] GET /exams?type=previous_year_paper - 304 (9ms)
[2026-01-25T18:05:06.365Z] GET /admin/notifications/my - 304 (33ms)
[2026-01-25T18:06:06.640Z] GET /admin/notifications/my - 304 (20ms)
[2026-01-25T18:07:07.271Z] GET /admin/notifications/my - 304 (22ms)
[2026-01-25T18:08:13.271Z] GET /admin/notifications/my - 304 (22ms)
[2026-01-25T18:09:12.979Z] GET /admin/notifications/my - 304 (23ms)
[2026-01-25T18:12:53.668Z] GET /admin/notifications/my - 304 (33ms)
[2026-01-25T18:12:53.677Z] GET /exams?type=previous_year_paper - 304 (40ms)
[2026-01-25T18:12:53.795Z] GET /admin/notifications/my - 304 (4ms)
[2026-01-25T18:12:53.809Z] GET /exams?type=previous_year_paper - 304 (11ms)
[2026-01-25T18:13:00.150Z] GET /exams?type=real_exam - 304 (8ms)
[2026-01-25T18:13:00.167Z] GET /exams?type=real_exam - 304 (10ms)
[2026-01-25T18:13:02.869Z] GET /passes/current - 200 (4ms)
[2026-01-25T18:13:02.879Z] GET /exams/user/stats - 200 (12ms)
[2026-01-25T18:13:03.173Z] GET /exams/user/recent - 200 (8ms)
[2026-01-25T18:13:03.186Z] GET /passes/current - 200 (5ms)
[2026-01-25T18:13:03.195Z] GET /exams/user/stats - 304 (6ms)
[2026-01-25T18:13:03.492Z] GET /exams/user/recent - 304 (8ms)
[2026-01-25T18:13:10.486Z] GET /exams?type=real_exam - 304 (11ms)
[2026-01-25T18:13:10.752Z] GET /exams?type=real_exam - 304 (8ms)
[2026-01-25T18:13:12.846Z] GET /exams?type=live_exam - 304 (11ms)
[2026-01-25T18:13:13.015Z] GET /exams?type=live_exam - 304 (10ms)
[2026-01-25T18:13:22.472Z] GET /exams?type=previous_year_paper - 304 (13ms)
[2026-01-25T18:13:22.808Z] GET /exams?type=previous_year_paper - 304 (11ms)
[2026-01-25T18:13:31.436Z] GET /passes/current - 200 (5ms)
[2026-01-25T18:13:31.759Z] GET /exams/user/stats - 304 (11ms)
[2026-01-25T18:13:31.781Z] GET /passes/current - 200 (27ms)
[2026-01-25T18:13:31.784Z] GET /exams/user/recent - 304 (34ms)
[2026-01-25T18:13:32.083Z] GET /exams/user/stats - 304 (6ms)
[2026-01-25T18:13:32.111Z] GET /exams/user/recent - 304 (8ms)
[2026-01-25T18:13:38.048Z] GET /exams/hierarchy - 403: "Forbidden resource"
[2026-01-25T18:13:38.050Z] GET /exams/hierarchy - 403 (3ms)
[2026-01-25T18:13:38.060Z] GET /exams/hierarchy - 403: "Forbidden resource"
[2026-01-25T18:13:38.062Z] GET /exams/hierarchy - 403 (2ms)
[2026-01-25T18:13:52.605Z] GET /exams/performance/trend - 200 (29ms)
[2026-01-25T18:13:52.609Z] GET /adaptive/mastery - 200 (29ms)
[2026-01-25T18:13:52.612Z] GET /exams/user/stats - 304 (34ms)
[2026-01-25T18:13:52.622Z] GET /exams/performance/trend - 304 (6ms)
[2026-01-25T18:13:52.627Z] GET /adaptive/mastery - 304 (7ms)
[2026-01-25T18:13:53.513Z] GET /exams/user/stats - 304 (11ms)
[2026-01-25T18:13:53.941Z] GET /admin/notifications/my - 304 (4ms)
[2026-01-25T18:14:10.125Z] GET /exams/attempts/4318bd37-f5c4-4ba4-bc92-aa7e01b7b880 - 304 (44ms)
[2026-01-25T18:14:10.152Z] GET /exams/attempts/4318bd37-f5c4-4ba4-bc92-aa7e01b7b880 - 304 (15ms)
[2026-01-25T18:14:53.965Z] GET /admin/notifications/my - 304 (20ms)
[2026-01-25T18:15:18.343Z] GET /users/profile - 304 (28ms)
[2026-01-25T18:15:18.354Z] GET /users/profile - 304 (3ms)
[2026-01-25T18:15:53.663Z] GET /admin/notifications/my - 304 (21ms)
[2026-01-25T18:16:04.257Z] PATCH /users/profile - 200 (48ms)
[2026-01-25T18:16:07.096Z] GET /users/profile - 200 (4ms)
[2026-01-25T18:16:07.115Z] GET /admin/notifications/my - 304 (22ms)
[2026-01-25T18:17:07.007Z] GET /admin/notifications/my - 304 (28ms)
[2026-01-25T18:18:07.269Z] GET /admin/notifications/my - 304 (18ms)
[2026-01-25T18:19:06.977Z] GET /admin/notifications/my - 304 (26ms)
[2026-01-25T18:20:06.971Z] GET /admin/notifications/my - 304 (24ms)
[2026-01-25T18:21:07.275Z] GET /admin/notifications/my - 304 (19ms)
[2026-01-25T18:21:24.801Z] GET /exams?type=real_exam - 304 (34ms)
[2026-01-25T18:21:25.123Z] GET /exams?type=real_exam - 304 (11ms)
[2026-01-25T18:21:43.024Z] GET /users/profile - 304 (32ms)
[2026-01-25T18:21:43.342Z] GET /users/profile - 304 (4ms)
[2026-01-25T18:21:50.378Z] PATCH /users/profile - 200 (22ms)
[2026-01-25T18:21:52.674Z] GET /users/profile - 200 (4ms)
[2026-01-25T18:21:52.700Z] GET /admin/notifications/my - 304 (28ms)
[2026-01-25T18:21:55.478Z] GET /passes/current - 200 (7ms)
[2026-01-25T18:21:55.797Z] GET /exams/user/stats - 304 (11ms)
[2026-01-25T18:21:55.807Z] GET /exams/user/recent - 304 (18ms)
[2026-01-25T18:21:55.829Z] GET /passes/current - 200 (36ms)
[2026-01-25T18:21:56.119Z] GET /exams/user/stats - 304 (9ms)
[2026-01-25T18:21:56.135Z] GET /exams/user/recent - 304 (9ms)
[2026-01-25T18:22:00.840Z] GET /users/profile - 304 (3ms)
[2026-01-25T18:22:01.079Z] GET /users/profile - 304 (3ms)
[2026-01-25T18:22:23.156Z] PATCH /users/profile - 200 (39ms)
[2026-01-25T18:22:25.880Z] GET /users/profile - 200 (4ms)
[2026-01-25T18:22:25.911Z] GET /admin/notifications/my - 304 (33ms)
[2026-01-25T18:23:25.973Z] GET /admin/notifications/my - 304 (24ms)
[2026-01-25T18:24:26.282Z] GET /admin/notifications/my - 304 (21ms)
[2026-01-25T18:25:26.277Z] GET /admin/notifications/my - 304 (21ms)
[2026-01-25T18:25:53.379Z] GET /passes/current - 200 (37ms)
[2026-01-25T18:25:53.658Z] GET /exams/user/stats - 304 (9ms)
[2026-01-25T18:25:53.679Z] GET /exams/user/recent - 304 (29ms)
[2026-01-25T18:25:53.693Z] GET /passes/current - 200 (5ms)
[2026-01-25T18:25:53.985Z] GET /exams/user/stats - 304 (7ms)
[2026-01-25T18:25:53.998Z] GET /exams/user/recent - 304 (7ms)
[2026-01-25T18:25:58.040Z] GET /users/profile - 304 (14ms)
[2026-01-25T18:25:58.217Z] GET /users/profile - 304 (3ms)
[2026-01-25T18:26:05.340Z] PATCH /users/profile - 200 (7ms)
[2026-01-25T18:26:07.633Z] GET /users/profile - 200 (3ms)
[2026-01-25T18:26:07.653Z] GET /admin/notifications/my - 304 (22ms)
[2026-01-25T18:26:12.094Z] PATCH /users/profile - 200 (9ms)
[2026-01-25T18:26:14.220Z] GET /users/profile - 200 (4ms)
[2026-01-25T18:26:14.223Z] GET /admin/notifications/my - 304 (6ms)
[2026-01-25T18:26:16.250Z] PATCH /users/profile - 200 (6ms)
[2026-01-25T18:26:18.164Z] GET /admin/notifications/my - 304 (4ms)
[2026-01-25T18:26:18.166Z] GET /users/profile - 200 (4ms)
[2026-01-25T18:27:17.961Z] GET /admin/notifications/my - 304 (21ms)
[2026-01-25T18:28:18.272Z] GET /admin/notifications/my - 304 (21ms)
[2026-01-25T18:29:18.277Z] GET /admin/notifications/my - 304 (21ms)
[2026-01-25T18:30:17.972Z] GET /admin/notifications/my - 304 (20ms)
[2026-01-25T18:31:18.280Z] GET /admin/notifications/my - 304 (20ms)
[2026-01-25T18:32:10.729Z] PATCH /users/profile - 200 (37ms)
[2026-01-25T18:32:13.120Z] GET /admin/notifications/my - 304 (4ms)
[2026-01-25T18:32:13.136Z] GET /users/profile - 200 (19ms)
[2026-01-25T18:32:15.179Z] PATCH /users/profile - 200 (22ms)
[2026-01-25T18:32:17.103Z] GET /users/profile - 200 (3ms)
[2026-01-25T18:32:17.106Z] GET /admin/notifications/my - 304 (5ms)
[2026-01-25T18:32:24.589Z] GET /exams?type=live_exam - 304 (13ms)
[2026-01-25T18:32:24.917Z] GET /exams?type=live_exam - 304 (11ms)
[2026-01-25T18:32:26.979Z] GET /exams?type=real_exam - 304 (12ms)
[2026-01-25T18:32:27.306Z] GET /exams?type=real_exam - 304 (9ms)
[2026-01-25T18:32:30.666Z] GET /users/profile - 304 (3ms)
[2026-01-25T18:32:30.983Z] GET /users/profile - 304 (3ms)
[2026-01-25T18:32:33.153Z] PATCH /users/profile - 200 (8ms)
[2026-01-25T18:32:35.336Z] GET /users/profile - 200 (4ms)
[2026-01-25T18:32:35.359Z] GET /admin/notifications/my - 304 (26ms)
[2026-01-25T18:33:35.019Z] GET /admin/notifications/my - 304 (18ms)
[2026-01-25T18:34:36.285Z] GET /admin/notifications/my - 304 (22ms)
[2026-01-25T18:35:35.967Z] GET /admin/notifications/my - 304 (24ms)
[2026-01-25T18:36:35.965Z] GET /admin/notifications/my - 304 (23ms)
[2026-01-25T18:37:13.424Z] GET /exams/performance/trend - 304 (30ms)
[2026-01-25T18:37:13.579Z] GET /exams/user/stats - 304 (5ms)
[2026-01-25T18:37:13.706Z] GET /adaptive/mastery - 304 (6ms)
[2026-01-25T18:37:13.725Z] GET /exams/performance/trend - 304 (23ms)
[2026-01-25T18:37:13.747Z] GET /exams/user/stats - 304 (7ms)
[2026-01-25T18:37:13.900Z] GET /adaptive/mastery - 304 (6ms)
[2026-01-25T18:37:36.273Z] GET /admin/notifications/my - 304 (19ms)
[2026-01-25T18:38:35.963Z] GET /admin/notifications/my - 304 (19ms)
[2026-01-25T18:39:11.237Z] GET /passes/current - 200 (29ms)
[2026-01-25T18:39:11.525Z] GET /exams/user/stats - 304 (7ms)
[2026-01-25T18:39:11.547Z] GET /exams/user/recent - 304 (28ms)
[2026-01-25T18:39:11.554Z] GET /passes/current - 200 (5ms)
[2026-01-25T18:39:11.847Z] GET /exams/user/stats - 304 (8ms)
[2026-01-25T18:39:11.872Z] GET /exams/user/recent - 304 (7ms)
[2026-01-25T18:39:18.611Z] GET /exams/performance/trend - 304 (15ms)
[2026-01-25T18:39:18.618Z] GET /exams/user/stats - 304 (20ms)
[2026-01-25T18:39:18.899Z] GET /adaptive/mastery - 304 (6ms)
[2026-01-25T18:39:18.928Z] GET /exams/performance/trend - 304 (6ms)
[2026-01-25T18:39:18.940Z] GET /exams/user/stats - 304 (6ms)
[2026-01-25T18:39:19.216Z] GET /adaptive/mastery - 304 (4ms)
[2026-01-25T18:39:23.172Z] GET /passes/current - 200 (4ms)
[2026-01-25T18:39:23.179Z] GET /exams/user/stats - 304 (10ms)
[2026-01-25T18:39:23.202Z] GET /exams/user/recent - 304 (32ms)
[2026-01-25T18:39:23.418Z] GET /passes/current - 200 (5ms)
[2026-01-25T18:39:23.491Z] GET /exams/user/stats - 304 (6ms)
[2026-01-25T18:39:23.504Z] GET /exams/user/recent - 304 (7ms)
[2026-01-25T18:39:35.014Z] GET /admin/notifications/my - 304 (19ms)
[2026-01-25T18:40:36.271Z] GET /admin/notifications/my - 304 (20ms)
[2026-01-25T18:42:13.294Z] GET /admin/notifications/my - 304 (34ms)
[2026-01-25T18:43:12.971Z] GET /admin/notifications/my - 304 (25ms)
[2026-01-25T18:43:39.970Z] GET /admin/notifications/my - 304 (19ms)
[2026-01-25T18:44:40.962Z] GET /admin/notifications/my - 304 (19ms)
[2026-01-25T18:45:49.720Z] GET /admin/notifications/my - 304 (50ms)
[2026-01-25T18:45:57.630Z] GET /exams/performance/trend - 304 (11ms)
[2026-01-25T18:45:57.935Z] GET /exams/user/stats - 304 (7ms)
[2026-01-25T18:45:57.946Z] GET /exams/performance/trend - 304 (4ms)
[2026-01-25T18:45:57.955Z] GET /adaptive/mastery - 304 (26ms)
[2026-01-25T18:45:58.261Z] GET /exams/user/stats - 304 (8ms)
[2026-01-25T18:45:58.272Z] GET /adaptive/mastery - 304 (4ms)
[2026-01-25T18:46:06.353Z] GET /exams/attempts/4318bd37-f5c4-4ba4-bc92-aa7e01b7b880 - 304 (25ms)
[2026-01-25T18:46:06.375Z] GET /exams/attempts/4318bd37-f5c4-4ba4-bc92-aa7e01b7b880 - 304 (15ms)
[2026-01-25T18:46:06.718Z] GET /users/saved-questions/a9dd92de-a078-423d-b55b-e7ff2fac2547/status - 404: "Cannot GET /users/saved-questions/a9dd92de-a078-423d-b55b-e7ff2fac2547/status"
[2026-01-25T18:46:06.720Z] GET /users/saved-questions/a9dd92de-a078-423d-b55b-e7ff2fac2547/status - 404 (2ms)
[2026-01-25T18:46:06.970Z] GET /users/saved-questions/a9dd92de-a078-423d-b55b-e7ff2fac2547/status - 404: "Cannot GET /users/saved-questions/a9dd92de-a078-423d-b55b-e7ff2fac2547/status"
[2026-01-25T18:46:06.972Z] GET /users/saved-questions/a9dd92de-a078-423d-b55b-e7ff2fac2547/status - 404 (2ms)
[2026-01-25T18:46:16.566Z] POST /users/saved-questions/a9dd92de-a078-423d-b55b-e7ff2fac2547/toggle - 404: "Cannot POST /users/saved-questions/a9dd92de-a078-423d-b55b-e7ff2fac2547/toggle"
[2026-01-25T18:46:16.569Z] POST /users/saved-questions/a9dd92de-a078-423d-b55b-e7ff2fac2547/toggle - 404 (4ms)
[2026-01-25T18:46:18.848Z] POST /users/saved-questions/a9dd92de-a078-423d-b55b-e7ff2fac2547/toggle - 404: "Cannot POST /users/saved-questions/a9dd92de-a078-423d-b55b-e7ff2fac2547/toggle"
[2026-01-25T18:46:18.850Z] POST /users/saved-questions/a9dd92de-a078-423d-b55b-e7ff2fac2547/toggle - 404 (2ms)
[2026-01-25T18:46:24.800Z] POST /users/saved-questions/a9dd92de-a078-423d-b55b-e7ff2fac2547/toggle - 404: "Cannot POST /users/saved-questions/a9dd92de-a078-423d-b55b-e7ff2fac2547/toggle"
[2026-01-25T18:46:24.803Z] POST /users/saved-questions/a9dd92de-a078-423d-b55b-e7ff2fac2547/toggle - 404 (4ms)
[2026-01-25T18:46:26.100Z] POST /users/saved-questions/a9dd92de-a078-423d-b55b-e7ff2fac2547/toggle - 404: "Cannot POST /users/saved-questions/a9dd92de-a078-423d-b55b-e7ff2fac2547/toggle"
[2026-01-25T18:46:26.103Z] POST /users/saved-questions/a9dd92de-a078-423d-b55b-e7ff2fac2547/toggle - 404 (3ms)
[2026-01-25T18:46:26.363Z] POST /users/saved-questions/a9dd92de-a078-423d-b55b-e7ff2fac2547/toggle - 404: "Cannot POST /users/saved-questions/a9dd92de-a078-423d-b55b-e7ff2fac2547/toggle"
[2026-01-25T18:46:26.365Z] POST /users/saved-questions/a9dd92de-a078-423d-b55b-e7ff2fac2547/toggle - 404 (3ms)
[2026-01-25T18:46:28.053Z] POST /users/saved-questions/a9dd92de-a078-423d-b55b-e7ff2fac2547/toggle - 404: "Cannot POST /users/saved-questions/a9dd92de-a078-423d-b55b-e7ff2fac2547/toggle"
[2026-01-25T18:46:28.056Z] POST /users/saved-questions/a9dd92de-a078-423d-b55b-e7ff2fac2547/toggle - 404 (4ms)
[2026-01-25T18:46:31.507Z] POST /users/saved-questions/a9dd92de-a078-423d-b55b-e7ff2fac2547/toggle - 404: "Cannot POST /users/saved-questions/a9dd92de-a078-423d-b55b-e7ff2fac2547/toggle"
[2026-01-25T18:46:31.509Z] POST /users/saved-questions/a9dd92de-a078-423d-b55b-e7ff2fac2547/toggle - 404 (3ms)
[2026-01-25T18:46:35.964Z] GET /admin/notifications/my - 304 (20ms)
[2026-01-25T18:48:13.288Z] GET /admin/notifications/my - 304 (24ms)
[2026-01-25T18:49:13.290Z] GET /admin/notifications/my - 304 (24ms)
[2026-01-25T18:49:33.329Z] GET /admin/notifications/my - 304 (28ms)
[2026-01-25T18:49:33.348Z] GET /exams/attempts/4318bd37-f5c4-4ba4-bc92-aa7e01b7b880 - 304 (45ms)
[2026-01-25T18:49:33.458Z] GET /admin/notifications/my - 304 (4ms)
[2026-01-25T18:49:33.488Z] GET /exams/attempts/4318bd37-f5c4-4ba4-bc92-aa7e01b7b880 - 304 (16ms)
[2026-01-25T18:49:33.492Z] GET /users/saved-questions/a9dd92de-a078-423d-b55b-e7ff2fac2547/status - 404: "Cannot GET /users/saved-questions/a9dd92de-a078-423d-b55b-e7ff2fac2547/status"
[2026-01-25T18:49:33.494Z] GET /users/saved-questions/a9dd92de-a078-423d-b55b-e7ff2fac2547/status - 404 (3ms)
[2026-01-25T18:49:33.519Z] GET /users/saved-questions/a9dd92de-a078-423d-b55b-e7ff2fac2547/status - 404: "Cannot GET /users/saved-questions/a9dd92de-a078-423d-b55b-e7ff2fac2547/status"
[2026-01-25T18:49:33.521Z] GET /users/saved-questions/a9dd92de-a078-423d-b55b-e7ff2fac2547/status - 404 (3ms)
[2026-01-25T18:49:35.363Z] POST /users/saved-questions/a9dd92de-a078-423d-b55b-e7ff2fac2547/toggle - 404: "Cannot POST /users/saved-questions/a9dd92de-a078-423d-b55b-e7ff2fac2547/toggle"
[2026-01-25T18:49:35.365Z] POST /users/saved-questions/a9dd92de-a078-423d-b55b-e7ff2fac2547/toggle - 404 (2ms)
[2026-01-25T18:50:34.278Z] GET /admin/notifications/my - 304 (20ms)
[2026-01-25T18:51:35.075Z] GET /admin/notifications/my - 304 (22ms)
[2026-01-25T18:51:35.094Z] GET /exams/attempts/4318bd37-f5c4-4ba4-bc92-aa7e01b7b880 - 304 (38ms)
[2026-01-25T18:51:35.160Z] GET /admin/notifications/my - 304 (4ms)
[2026-01-25T18:51:35.194Z] GET /exams/attempts/4318bd37-f5c4-4ba4-bc92-aa7e01b7b880 - 304 (11ms)
[2026-01-25T18:51:35.411Z] GET /users/saved-questions/a9dd92de-a078-423d-b55b-e7ff2fac2547/status - 404: "Cannot GET /users/saved-questions/a9dd92de-a078-423d-b55b-e7ff2fac2547/status"
[2026-01-25T18:51:35.413Z] GET /users/saved-questions/a9dd92de-a078-423d-b55b-e7ff2fac2547/status - 404 (2ms)
[2026-01-25T18:51:35.419Z] GET /users/saved-questions/a9dd92de-a078-423d-b55b-e7ff2fac2547/status - 404: "Cannot GET /users/saved-questions/a9dd92de-a078-423d-b55b-e7ff2fac2547/status"
[2026-01-25T18:51:35.421Z] GET /users/saved-questions/a9dd92de-a078-423d-b55b-e7ff2fac2547/status - 404 (2ms)
[2026-01-25T18:52:36.280Z] GET /admin/notifications/my - 304 (19ms)
[2026-01-25T18:53:31.900Z] GET /admin/notifications/my - 304 (25ms)
[2026-01-25T18:53:31.927Z] GET /exams/attempts/4318bd37-f5c4-4ba4-bc92-aa7e01b7b880 - 304 (48ms)
[2026-01-25T18:53:32.042Z] GET /admin/notifications/my - 304 (4ms)
[2026-01-25T18:53:32.053Z] GET /users/saved-questions/a9dd92de-a078-423d-b55b-e7ff2fac2547/status - 404: "Cannot GET /users/saved-questions/a9dd92de-a078-423d-b55b-e7ff2fac2547/status"
[2026-01-25T18:53:32.055Z] GET /users/saved-questions/a9dd92de-a078-423d-b55b-e7ff2fac2547/status - 404 (2ms)
[2026-01-25T18:53:32.070Z] GET /exams/attempts/4318bd37-f5c4-4ba4-bc92-aa7e01b7b880 - 304 (23ms)
[2026-01-25T18:53:32.089Z] GET /users/saved-questions/a9dd92de-a078-423d-b55b-e7ff2fac2547/status - 404: "Cannot GET /users/saved-questions/a9dd92de-a078-423d-b55b-e7ff2fac2547/status"
[2026-01-25T18:53:32.091Z] GET /users/saved-questions/a9dd92de-a078-423d-b55b-e7ff2fac2547/status - 404 (2ms)
[2026-01-25T18:53:34.411Z] POST /users/saved-questions/a9dd92de-a078-423d-b55b-e7ff2fac2547/toggle - 404: "Cannot POST /users/saved-questions/a9dd92de-a078-423d-b55b-e7ff2fac2547/toggle"
[2026-01-25T18:53:34.413Z] POST /users/saved-questions/a9dd92de-a078-423d-b55b-e7ff2fac2547/toggle - 404 (2ms)
[2026-01-25T18:57:23.888Z] GET /ping - 404: "Cannot GET /ping"
[2026-01-25T18:57:23.890Z] GET /ping - 404 (3ms)
[2026-01-25T19:06:16.525Z] GET /ping - 200 (6ms)
[2026-01-25T19:06:28.033Z] GET /ping - 200 (1ms)
[2026-01-25T19:06:38.333Z] GET /users/ping - 401: "Unauthorized"
[2026-01-25T19:06:38.336Z] GET /users/ping - 401 (5ms)
[2026-01-25T19:07:42.484Z] GET /admin/notifications/my - 304 (39ms)
[2026-01-25T19:07:53.912Z] GET /admin/notifications/my - 304 (44ms)
[2026-01-25T19:07:53.946Z] GET /exams/attempts/4318bd37-f5c4-4ba4-bc92-aa7e01b7b880 - 200 (71ms)
[2026-01-25T19:07:54.127Z] GET /admin/notifications/my - 304 (5ms)
[2026-01-25T19:07:54.164Z] GET /users/saved-questions/a9dd92de-a078-423d-b55b-e7ff2fac2547/status - 200 (11ms)
[2026-01-25T19:07:54.172Z] GET /exams/attempts/4318bd37-f5c4-4ba4-bc92-aa7e01b7b880 - 304 (33ms)
[2026-01-25T19:07:54.199Z] GET /users/saved-questions/a9dd92de-a078-423d-b55b-e7ff2fac2547/status - 304 (5ms)
[2026-01-25T19:07:58.677Z] POST /users/saved-questions/a9dd92de-a078-423d-b55b-e7ff2fac2547/toggle - 201 (66ms)
[2026-01-25T19:08:10.602Z] GET /users/saved-questions/55292297-87a1-4c84-838c-4d80fe29c11a/status - 200 (22ms)
[2026-01-25T19:08:15.749Z] GET /users/saved-questions/92478de5-37aa-4815-814d-bd3d66e96f30/status - 200 (4ms)
[2026-01-25T19:08:18.092Z] GET /users/saved-questions/e6619525-697c-4976-aa5e-99c8a1d2808d/status - 200 (4ms)
[2026-01-25T19:08:53.954Z] GET /admin/notifications/my - 304 (23ms)
[2026-01-25T19:08:56.606Z] GET /users/profile - 200 (6ms)
[2026-01-25T19:08:56.624Z] GET /users/profile - 304 (9ms)
[2026-01-25T19:09:53.976Z] GET /admin/notifications/my - 304 (21ms)
[2026-01-25T19:10:54.270Z] GET /admin/notifications/my - 304 (22ms)
[2026-01-25T19:11:53.968Z] GET /admin/notifications/my - 304 (24ms)
[2026-01-25T19:12:54.266Z] GET /admin/notifications/my - 304 (21ms)
[2026-01-25T19:15:19.801Z] GET /users/profile - 304 (14ms)
[2026-01-25T19:15:19.803Z] GET /admin/notifications/my - 304 (17ms)
[2026-01-25T19:15:19.851Z] GET /users/profile - 304 (3ms)
[2026-01-25T19:15:19.856Z] GET /admin/notifications/my - 304 (3ms)
[2026-01-25T19:16:19.813Z] GET /admin/notifications/my - 304 (15ms)
[2026-01-25T19:16:40.467Z] PATCH /users/profile - 200 (59ms)
[2026-01-25T19:16:40.675Z] GET /users/profile - 200 (4ms)
[2026-01-25T19:16:40.808Z] GET /admin/notifications/my - 304 (4ms)
[2026-01-25T19:17:41.267Z] GET /admin/notifications/my - 304 (14ms)
[2026-01-25T19:18:40.967Z] GET /admin/notifications/my - 304 (15ms)
[2026-01-25T19:19:10.687Z] GET /passes/my-pass - 200 (22ms)
[2026-01-25T19:19:10.933Z] GET /passes/my-pass - 200 (6ms)
[2026-01-25T19:19:17.039Z] GET /passes/current - 200 (5ms)
[2026-01-25T19:19:17.062Z] GET /exams/user/stats - 304 (25ms)
[2026-01-25T19:19:17.126Z] GET /passes/current - 200 (7ms)
[2026-01-25T19:19:17.130Z] GET /exams/user/recent - 304 (15ms)
[2026-01-25T19:19:17.181Z] GET /exams/user/stats - 304 (7ms)
[2026-01-25T19:19:17.346Z] GET /exams/user/recent - 304 (12ms)
[2026-01-25T19:19:40.504Z] GET /admin/notifications/my - 304 (16ms)
[2026-01-25T19:20:40.816Z] GET /admin/notifications/my - 304 (15ms)
[2026-01-25T19:21:40.953Z] GET /admin/notifications/my - 304 (16ms)
[2026-01-25T19:21:54.276Z] GET /users/profile - 304 (14ms)
[2026-01-25T19:21:54.443Z] GET /users/profile - 304 (4ms)
[2026-01-25T19:22:40.960Z] GET /admin/notifications/my - 304 (16ms)
[2026-01-25T19:24:08.024Z] GET /admin/notifications/my - 304 (15ms)
[2026-01-25T19:24:29.367Z] GET /exams?type=real_exam - 304 (38ms)
[2026-01-25T19:24:29.385Z] GET /exams?type=real_exam - 304 (11ms)
[2026-01-25T19:24:41.256Z] GET /admin/notifications/my - 304 (13ms)
[2026-01-25T19:26:13.267Z] GET /admin/notifications/my - 304 (15ms)
[2026-01-25T19:26:44.960Z] GET /admin/notifications/my - 304 (13ms)
[2026-01-25T19:27:45.953Z] GET /admin/notifications/my - 304 (15ms)
[2026-01-25T19:29:13.278Z] GET /admin/notifications/my - 304 (14ms)
[2026-01-25T19:30:12.960Z] GET /admin/notifications/my - 304 (15ms)
[2026-01-25T19:30:51.094Z] GET /admin/notifications/my - 304 (16ms)
[2026-01-25T19:30:53.361Z] GET /passes/current - 200 (7ms)
[2026-01-25T19:30:53.673Z] GET /exams/user/stats - 304 (12ms)
[2026-01-25T19:30:53.693Z] GET /passes/current - 200 (23ms)
[2026-01-25T19:30:53.696Z] GET /exams/user/recent - 304 (32ms)
[2026-01-25T19:30:53.988Z] GET /exams/user/stats - 304 (6ms)
[2026-01-25T19:30:54.014Z] GET /exams/user/recent - 304 (11ms)
[2026-01-25T19:30:55.500Z] GET /exams?type=real_exam - 304 (9ms)
[2026-01-25T19:30:55.715Z] GET /exams?type=real_exam - 304 (10ms)
[2026-01-25T19:31:00.210Z] GET /exams/ea974100-c6ab-42a4-bdbb-e68493548c25/my-attempts - 200 (10ms)
[2026-01-25T19:31:00.222Z] GET /exams/ea974100-c6ab-42a4-bdbb-e68493548c25 - 200 (23ms)
[2026-01-25T19:31:00.531Z] GET /exams/ea974100-c6ab-42a4-bdbb-e68493548c25/my-attempts - 304 (7ms)
[2026-01-25T19:31:00.535Z] GET /exams/ea974100-c6ab-42a4-bdbb-e68493548c25 - 304 (2ms)
[2026-01-25T19:31:05.800Z] GET /exams/models/ea974100-c6ab-42a4-bdbb-e68493548c25 - 200 (8ms)
[2026-01-25T19:31:05.812Z] GET /exams/models/ea974100-c6ab-42a4-bdbb-e68493548c25 - 200 (6ms)
[2026-01-25T19:31:06.117Z] GET /exams/ea974100-c6ab-42a4-bdbb-e68493548c25 - 304 (3ms)
[2026-01-25T19:31:06.443Z] GET /exams/ea974100-c6ab-42a4-bdbb-e68493548c25 - 304 (5ms)
[2026-01-25T19:31:06.452Z] POST /test-session/start - 201 (13ms)
[2026-01-25T19:31:06.695Z] POST /test-session/start - 201 (7ms)
[2026-01-25T19:31:16.583Z] POST /test-session/ea974100-c6ab-42a4-bdbb-e68493548c25/sync - 201 (3ms)
[2026-01-25T19:31:29.997Z] POST /test-session/ea974100-c6ab-42a4-bdbb-e68493548c25/sync - 201 (5ms)
[2026-01-25T19:31:30.256Z] POST /test-session/ea974100-c6ab-42a4-bdbb-e68493548c25/pause - 404: "Cannot POST /test-session/ea974100-c6ab-42a4-bdbb-e68493548c25/pause"
[2026-01-25T19:31:30.258Z] POST /test-session/ea974100-c6ab-42a4-bdbb-e68493548c25/pause - 404 (3ms)
[2026-01-25T19:31:32.246Z] POST /test-session/ea974100-c6ab-42a4-bdbb-e68493548c25/sync - 201 (4ms)
[2026-01-25T19:31:32.561Z] POST /test-session/ea974100-c6ab-42a4-bdbb-e68493548c25/pause - 404: "Cannot POST /test-session/ea974100-c6ab-42a4-bdbb-e68493548c25/pause"
[2026-01-25T19:31:32.563Z] POST /test-session/ea974100-c6ab-42a4-bdbb-e68493548c25/pause - 404 (3ms)
[2026-01-25T19:31:32.938Z] POST /test-session/ea974100-c6ab-42a4-bdbb-e68493548c25/sync - 201 (2ms)
[2026-01-25T19:31:33.262Z] POST /test-session/ea974100-c6ab-42a4-bdbb-e68493548c25/pause - 404: "Cannot POST /test-session/ea974100-c6ab-42a4-bdbb-e68493548c25/pause"
[2026-01-25T19:31:33.264Z] POST /test-session/ea974100-c6ab-42a4-bdbb-e68493548c25/pause - 404 (2ms)
[2026-01-25T19:31:33.891Z] POST /test-session/ea974100-c6ab-42a4-bdbb-e68493548c25/sync - 201 (3ms)
[2026-01-25T19:31:34.210Z] POST /test-session/ea974100-c6ab-42a4-bdbb-e68493548c25/pause - 404: "Cannot POST /test-session/ea974100-c6ab-42a4-bdbb-e68493548c25/pause"
[2026-01-25T19:31:34.212Z] POST /test-session/ea974100-c6ab-42a4-bdbb-e68493548c25/pause - 404 (2ms)
[2026-01-25T19:31:36.359Z] POST /test-session/ea974100-c6ab-42a4-bdbb-e68493548c25/sync - 201 (3ms)
[2026-01-25T19:31:36.671Z] POST /test-session/ea974100-c6ab-42a4-bdbb-e68493548c25/pause - 404: "Cannot POST /test-session/ea974100-c6ab-42a4-bdbb-e68493548c25/pause"
[2026-01-25T19:31:36.673Z] POST /test-session/ea974100-c6ab-42a4-bdbb-e68493548c25/pause - 404 (3ms)
[2026-01-25T19:33:27.651Z] POST /test-session/ea974100-c6ab-42a4-bdbb-e68493548c25/sync - 201 (4ms)
[2026-01-25T19:33:31.921Z] POST /test-session/ea974100-c6ab-42a4-bdbb-e68493548c25/sync - 201 (3ms)
[2026-01-25T19:33:33.946Z] POST /test-session/ea974100-c6ab-42a4-bdbb-e68493548c25/sync - 201 (2ms)
[2026-01-25T19:33:34.197Z] POST /test-session/ea974100-c6ab-42a4-bdbb-e68493548c25/pause - 404: "Cannot POST /test-session/ea974100-c6ab-42a4-bdbb-e68493548c25/pause"
[2026-01-25T19:33:34.199Z] POST /test-session/ea974100-c6ab-42a4-bdbb-e68493548c25/pause - 404 (3ms)
[2026-01-25T19:33:34.296Z] POST /test-session/ea974100-c6ab-42a4-bdbb-e68493548c25/sync - 201 (3ms)
[2026-01-25T19:33:34.632Z] POST /test-session/ea974100-c6ab-42a4-bdbb-e68493548c25/pause - 404: "Cannot POST /test-session/ea974100-c6ab-42a4-bdbb-e68493548c25/pause"
[2026-01-25T19:33:34.634Z] POST /test-session/ea974100-c6ab-42a4-bdbb-e68493548c25/pause - 404 (2ms)
[2026-01-25T19:34:04.182Z] GET /admin/notifications/my - 304 (16ms)
[2026-01-25T19:34:04.482Z] GET /exams/ea974100-c6ab-42a4-bdbb-e68493548c25 - 304 (6ms)
[2026-01-25T19:34:04.485Z] GET /exams/ea974100-c6ab-42a4-bdbb-e68493548c25/my-attempts - 304 (8ms)
[2026-01-25T19:34:04.494Z] GET /admin/notifications/my - 304 (3ms)
[2026-01-25T19:34:04.792Z] GET /exams/ea974100-c6ab-42a4-bdbb-e68493548c25 - 304 (3ms)
[2026-01-25T19:34:04.804Z] GET /exams/ea974100-c6ab-42a4-bdbb-e68493548c25/my-attempts - 304 (7ms)
[2026-01-25T19:35:05.268Z] GET /admin/notifications/my - 304 (15ms)
[2026-01-25T19:36:04.963Z] GET /admin/notifications/my - 304 (16ms)
[2026-01-25T19:37:04.965Z] GET /admin/notifications/my - 304 (14ms)
[2026-01-25T19:38:05.274Z] GET /admin/notifications/my - 304 (14ms)
[2026-01-25T19:39:04.959Z] GET /admin/notifications/my - 304 (14ms)
[2026-01-25T19:39:17.146Z] GET /exams/hierarchy - 403: "Forbidden resource"
[2026-01-25T19:39:17.148Z] GET /exams/hierarchy - 403 (3ms)
[2026-01-25T19:39:17.155Z] GET /exams/hierarchy - 403: "Forbidden resource"
[2026-01-25T19:39:17.157Z] GET /exams/hierarchy - 403 (2ms)
[2026-01-25T19:40:05.265Z] GET /admin/notifications/my - 304 (13ms)
[2026-01-25T19:41:13.266Z] GET /admin/notifications/my - 304 (14ms)
[2026-01-25T19:42:12.958Z] GET /admin/notifications/my - 304 (15ms)
[2026-01-25T19:43:09.341Z] GET /admin/notifications/my - 304 (16ms)
[2026-01-25T19:43:12.315Z] GET /admin/notifications/my - 304 (3ms)
[2026-01-25T19:43:12.324Z] GET /exams/hierarchy - 403: "Forbidden resource"
[2026-01-25T19:43:12.326Z] GET /exams/hierarchy - 403 (2ms)
[2026-01-25T19:43:12.436Z] GET /admin/notifications/my - 304 (3ms)
[2026-01-25T19:43:12.438Z] GET /exams/hierarchy - 403: "Forbidden resource"
[2026-01-25T19:43:12.441Z] GET /exams/hierarchy - 403 (3ms)
[2026-01-25T19:43:15.087Z] GET /passes/current - 200 (7ms)
[2026-01-25T19:43:15.097Z] GET /passes/current - 200 (4ms)
[2026-01-25T19:43:15.111Z] GET /exams/user/stats - 304 (28ms)
[2026-01-25T19:43:15.114Z] GET /exams/user/recent - 304 (29ms)
[2026-01-25T19:43:15.128Z] GET /exams/user/stats - 304 (10ms)
[2026-01-25T19:43:15.439Z] GET /exams/user/recent - 304 (11ms)
[2026-01-25T19:43:18.765Z] GET /exams?type=real_exam - 200 (11ms)
[2026-01-25T19:43:18.861Z] GET /exams?type=real_exam - 304 (9ms)
[2026-01-25T19:43:22.782Z] GET /exams?type=live_exam - 304 (15ms)
[2026-01-25T19:43:22.799Z] GET /exams?type=live_exam - 304 (11ms)
[2026-01-25T19:44:13.258Z] GET /admin/notifications/my - 304 (14ms)
[2026-01-25T19:44:43.795Z] GET /exams?type=real_exam - 304 (23ms)
[2026-01-25T19:44:43.811Z] GET /exams?type=real_exam - 304 (10ms)
[2026-01-25T19:44:48.024Z] GET /passes/current - 200 (6ms)
[2026-01-25T19:44:48.045Z] GET /exams/user/stats - 304 (23ms)
[2026-01-25T19:44:48.326Z] GET /exams/user/recent - 304 (12ms)
[2026-01-25T19:44:48.337Z] GET /passes/current - 200 (6ms)
[2026-01-25T19:44:48.363Z] GET /exams/user/stats - 304 (7ms)
[2026-01-25T19:44:48.643Z] GET /exams/user/recent - 304 (10ms)
[2026-01-25T19:45:08.134Z] GET /exams/hierarchy - 403: "Forbidden resource"
[2026-01-25T19:45:08.136Z] GET /exams/hierarchy - 403 (3ms)
[2026-01-25T19:45:08.346Z] GET /exams/hierarchy - 403: "Forbidden resource"
[2026-01-25T19:45:08.348Z] GET /exams/hierarchy - 403 (3ms)
[2026-01-25T19:45:12.331Z] GET /admin/notifications/my - 304 (15ms)
[2026-01-25T19:45:27.475Z] GET /exams?type=real_exam - 304 (24ms)
[2026-01-25T19:45:27.673Z] GET /exams?type=real_exam - 304 (11ms)
[2026-01-25T19:45:30.619Z] GET /passes/current - 200 (5ms)
[2026-01-25T19:45:30.930Z] GET /exams/user/stats - 304 (8ms)
[2026-01-25T19:45:30.938Z] GET /passes/current - 200 (5ms)
[2026-01-25T19:45:30.955Z] GET /exams/user/recent - 304 (31ms)
[2026-01-25T19:45:31.252Z] GET /exams/user/stats - 304 (7ms)
[2026-01-25T19:45:31.274Z] GET /exams/user/recent - 304 (9ms)
[2026-01-25T19:45:32.220Z] GET /exams?type=real_exam - 304 (11ms)
[2026-01-25T19:45:32.476Z] GET /exams?type=real_exam - 304 (10ms)
[2026-01-25T19:45:33.072Z] GET /exams?type=live_exam - 304 (10ms)
[2026-01-25T19:45:33.395Z] GET /exams?type=live_exam - 304 (12ms)
[2026-01-25T19:45:35.364Z] GET /exams?type=previous_year_paper - 304 (19ms)
[2026-01-25T19:45:35.424Z] GET /exams?type=previous_year_paper - 304 (10ms)
[2026-01-25T19:46:12.957Z] GET /admin/notifications/my - 304 (13ms)
[2026-01-25T19:47:13.273Z] GET /admin/notifications/my - 304 (14ms)
[2026-01-25T19:48:12.331Z] GET /admin/notifications/my - 304 (16ms)
[2026-01-25T19:48:14.026Z] GET /exams?type=live_exam - 304 (12ms)
[2026-01-25T19:48:14.231Z] GET /exams?type=live_exam - 304 (10ms)
[2026-01-25T19:48:14.821Z] GET /exams/hierarchy - 403: "Forbidden resource"
[2026-01-25T19:48:14.822Z] GET /exams/hierarchy - 403 (2ms)
[2026-01-25T19:48:15.132Z] GET /exams/hierarchy - 403: "Forbidden resource"
[2026-01-25T19:48:15.134Z] GET /exams/hierarchy - 403 (3ms)
[2026-01-25T19:48:21.995Z] GET /exams?type=live_exam - 304 (11ms)
[2026-01-25T19:48:22.254Z] GET /exams?type=live_exam - 304 (10ms)
[2026-01-25T19:49:12.963Z] GET /admin/notifications/my - 304 (14ms)
[2026-01-25T19:50:13.275Z] GET /admin/notifications/my - 304 (14ms)
[2026-01-25T19:51:12.960Z] GET /admin/notifications/my - 304 (15ms)
[2026-01-25T19:52:12.966Z] GET /admin/notifications/my - 304 (16ms)
[2026-01-25T19:53:13.273Z] GET /admin/notifications/my - 304 (16ms)
[2026-01-25T19:53:18.463Z] GET /exams?type=previous_year_paper - 304 (11ms)
[2026-01-25T19:53:18.784Z] GET /exams?type=previous_year_paper - 304 (10ms)
[2026-01-25T19:54:12.333Z] GET /admin/notifications/my - 304 (16ms)
[2026-01-25T19:54:27.393Z] GET /exams?type=live_exam - 304 (24ms)
[2026-01-25T19:54:27.598Z] GET /exams?type=live_exam - 304 (11ms)
[2026-01-25T19:57:29.799Z] GET /admin/notifications/my - 304 (17ms)
[2026-01-25T19:57:29.816Z] GET /exams?type=live_exam - 304 (26ms)
[2026-01-25T19:57:29.919Z] GET /admin/notifications/my - 304 (4ms)
[2026-01-25T19:57:29.937Z] GET /exams?type=live_exam - 304 (10ms)
[2026-01-25T19:57:35.553Z] GET /exams?type=real_exam - 304 (10ms)
[2026-01-25T19:57:35.568Z] GET /exams?type=real_exam - 304 (9ms)
[2026-01-25T19:57:38.001Z] GET /exams?type=live_exam - 304 (10ms)
[2026-01-25T19:57:38.017Z] GET /exams?type=live_exam - 304 (11ms)
[2026-01-25T19:57:39.532Z] GET /exams?type=previous_year_paper - 304 (9ms)
[2026-01-25T19:57:39.634Z] GET /exams?type=previous_year_paper - 304 (12ms)
[2026-01-25T19:57:50.082Z] GET /exams/performance/trend - 304 (19ms)
[2026-01-25T19:57:50.089Z] GET /exams/user/stats - 304 (24ms)
[2026-01-25T19:57:50.371Z] GET /adaptive/mastery - 304 (7ms)
[2026-01-25T19:57:50.396Z] GET /exams/performance/trend - 304 (6ms)
[2026-01-25T19:57:50.409Z] GET /exams/user/stats - 304 (7ms)
[2026-01-25T19:57:50.778Z] GET /adaptive/mastery - 304 (6ms)
[2026-01-25T19:58:30.274Z] GET /admin/notifications/my - 304 (14ms)
[2026-01-25T19:59:29.958Z] GET /admin/notifications/my - 304 (16ms)
[2026-01-25T20:00:30.257Z] GET /admin/notifications/my - 304 (15ms)
[2026-01-25T20:01:08.257Z] GET /exams?type=quiz - 500: "invalid input value for enum exam_type_enum: \"quiz\""
QueryFailedError: invalid input value for enum exam_type_enum: "quiz"
    at PostgresQueryRunner.query (C:\Users\dadim\OneDrive\Desktop\eRankUp\backend\node_modules\typeorm\driver\postgres\PostgresQueryRunner.js:216:19)
    at process.processTicksAndRejections (node:internal/process/task_queues:103:5)
    at async SelectQueryBuilder.loadRawResults (C:\Users\dadim\OneDrive\Desktop\eRankUp\backend\node_modules\typeorm\query-builder\SelectQueryBuilder.js:2231:25)
    at async SelectQueryBuilder.executeEntitiesAndRawResults (C:\Users\dadim\OneDrive\Desktop\eRankUp\backend\node_modules\typeorm\query-builder\SelectQueryBuilder.js:2079:26)
    at async SelectQueryBuilder.getRawAndEntities (C:\Users\dadim\OneDrive\Desktop\eRankUp\backend\node_modules\typeorm\query-builder\SelectQueryBuilder.js:684:29)
    at async SelectQueryBuilder.getMany (C:\Users\dadim\OneDrive\Desktop\eRankUp\backend\node_modules\typeorm\query-builder\SelectQueryBuilder.js:750:25)
    at async ExamsService.findAll (C:\Users\dadim\OneDrive\Desktop\eRankUp\backend\dist\backend\src\exams\exams.service.js:68:23)
    at async ExamsController.findAll (C:\Users\dadim\OneDrive\Desktop\eRankUp\backend\dist\backend\src\exams\exams.controller.js:43:23)
    at async C:\Users\dadim\OneDrive\Desktop\eRankUp\node_modules\@nestjs\core\router\router-execution-context.js:46:28
    at async C:\Users\dadim\OneDrive\Desktop\eRankUp\node_modules\@nestjs\core\router\router-proxy.js:9:17
[2026-01-25T20:01:08.261Z] GET /exams?type=quiz - 500 (54ms)
[2026-01-25T20:01:08.272Z] GET /exams?type=quiz - 500: "invalid input value for enum exam_type_enum: \"quiz\""
QueryFailedError: invalid input value for enum exam_type_enum: "quiz"
    at PostgresQueryRunner.query (C:\Users\dadim\OneDrive\Desktop\eRankUp\backend\node_modules\typeorm\driver\postgres\PostgresQueryRunner.js:216:19)
    at process.processTicksAndRejections (node:internal/process/task_queues:103:5)
    at async SelectQueryBuilder.loadRawResults (C:\Users\dadim\OneDrive\Desktop\eRankUp\backend\node_modules\typeorm\query-builder\SelectQueryBuilder.js:2231:25)
    at async SelectQueryBuilder.executeEntitiesAndRawResults (C:\Users\dadim\OneDrive\Desktop\eRankUp\backend\node_modules\typeorm\query-builder\SelectQueryBuilder.js:2079:26)
    at async SelectQueryBuilder.getRawAndEntities (C:\Users\dadim\OneDrive\Desktop\eRankUp\backend\node_modules\typeorm\query-builder\SelectQueryBuilder.js:684:29)
    at async SelectQueryBuilder.getMany (C:\Users\dadim\OneDrive\Desktop\eRankUp\backend\node_modules\typeorm\query-builder\SelectQueryBuilder.js:750:25)
    at async ExamsService.findAll (C:\Users\dadim\OneDrive\Desktop\eRankUp\backend\dist\backend\src\exams\exams.service.js:68:23)
    at async ExamsController.findAll (C:\Users\dadim\OneDrive\Desktop\eRankUp\backend\dist\backend\src\exams\exams.controller.js:43:23)
    at async C:\Users\dadim\OneDrive\Desktop\eRankUp\node_modules\@nestjs\core\router\router-execution-context.js:46:28
    at async C:\Users\dadim\OneDrive\Desktop\eRankUp\node_modules\@nestjs\core\router\router-proxy.js:9:17
[2026-01-25T20:01:08.274Z] GET /exams?type=quiz - 500 (7ms)
[2026-01-25T20:01:30.115Z] GET /admin/notifications/my - 304 (17ms)
[2026-01-25T20:02:29.961Z] GET /admin/notifications/my - 304 (13ms)
[2026-01-25T20:03:30.274Z] GET /admin/notifications/my - 304 (15ms)
[2026-01-25T20:04:15.660Z] GET /passes/current - 200 (18ms)
[2026-01-25T20:04:15.816Z] GET /exams/user/stats - 304 (9ms)
[2026-01-25T20:04:15.957Z] GET /exams/user/recent - 304 (10ms)
[2026-01-25T20:04:15.972Z] GET /passes/current - 200 (22ms)
[2026-01-25T20:04:15.977Z] GET /exams/user/stats - 304 (9ms)
[2026-01-25T20:04:16.136Z] GET /exams/user/recent - 304 (11ms)
[2026-01-25T20:04:19.534Z] GET /exams?type=live_exam - 304 (11ms)
[2026-01-25T20:04:19.858Z] GET /exams?type=live_exam - 304 (11ms)
[2026-01-25T20:04:20.943Z] GET /exams?type=real_exam - 304 (11ms)
[2026-01-25T20:04:21.266Z] GET /exams?type=real_exam - 304 (10ms)
[2026-01-25T20:04:22.383Z] GET /exams?type=live_exam - 304 (9ms)
[2026-01-25T20:04:22.703Z] GET /exams?type=live_exam - 304 (10ms)
[2026-01-25T20:04:23.658Z] GET /exams?type=previous_year_paper - 304 (10ms)
[2026-01-25T20:04:23.981Z] GET /exams?type=previous_year_paper - 304 (10ms)
[2026-01-25T20:04:26.196Z] GET /exams?type=quiz - 500: "invalid input value for enum exam_type_enum: \"quiz\""
QueryFailedError: invalid input value for enum exam_type_enum: "quiz"
    at PostgresQueryRunner.query (C:\Users\dadim\OneDrive\Desktop\eRankUp\backend\node_modules\typeorm\driver\postgres\PostgresQueryRunner.js:216:19)
    at process.processTicksAndRejections (node:internal/process/task_queues:103:5)
    at async SelectQueryBuilder.loadRawResults (C:\Users\dadim\OneDrive\Desktop\eRankUp\backend\node_modules\typeorm\query-builder\SelectQueryBuilder.js:2231:25)
    at async SelectQueryBuilder.executeEntitiesAndRawResults (C:\Users\dadim\OneDrive\Desktop\eRankUp\backend\node_modules\typeorm\query-builder\SelectQueryBuilder.js:2079:26)
    at async SelectQueryBuilder.getRawAndEntities (C:\Users\dadim\OneDrive\Desktop\eRankUp\backend\node_modules\typeorm\query-builder\SelectQueryBuilder.js:684:29)
    at async SelectQueryBuilder.getMany (C:\Users\dadim\OneDrive\Desktop\eRankUp\backend\node_modules\typeorm\query-builder\SelectQueryBuilder.js:750:25)
    at async ExamsService.findAll (C:\Users\dadim\OneDrive\Desktop\eRankUp\backend\dist\backend\src\exams\exams.service.js:68:23)
    at async ExamsController.findAll (C:\Users\dadim\OneDrive\Desktop\eRankUp\backend\dist\backend\src\exams\exams.controller.js:43:23)
    at async C:\Users\dadim\OneDrive\Desktop\eRankUp\node_modules\@nestjs\core\router\router-execution-context.js:46:28
    at async C:\Users\dadim\OneDrive\Desktop\eRankUp\node_modules\@nestjs\core\router\router-proxy.js:9:17
[2026-01-25T20:04:26.198Z] GET /exams?type=quiz - 500 (9ms)
[2026-01-25T20:04:26.382Z] GET /exams?type=quiz - 500: "invalid input value for enum exam_type_enum: \"quiz\""
QueryFailedError: invalid input value for enum exam_type_enum: "quiz"
    at PostgresQueryRunner.query (C:\Users\dadim\OneDrive\Desktop\eRankUp\backend\node_modules\typeorm\driver\postgres\PostgresQueryRunner.js:216:19)
    at process.processTicksAndRejections (node:internal/process/task_queues:103:5)
    at async SelectQueryBuilder.loadRawResults (C:\Users\dadim\OneDrive\Desktop\eRankUp\backend\node_modules\typeorm\query-builder\SelectQueryBuilder.js:2231:25)
    at async SelectQueryBuilder.executeEntitiesAndRawResults (C:\Users\dadim\OneDrive\Desktop\eRankUp\backend\node_modules\typeorm\query-builder\SelectQueryBuilder.js:2079:26)
    at async SelectQueryBuilder.getRawAndEntities (C:\Users\dadim\OneDrive\Desktop\eRankUp\backend\node_modules\typeorm\query-builder\SelectQueryBuilder.js:684:29)
    at async SelectQueryBuilder.getMany (C:\Users\dadim\OneDrive\Desktop\eRankUp\backend\node_modules\typeorm\query-builder\SelectQueryBuilder.js:750:25)
    at async ExamsService.findAll (C:\Users\dadim\OneDrive\Desktop\eRankUp\backend\dist\backend\src\exams\exams.service.js:68:23)
    at async ExamsController.findAll (C:\Users\dadim\OneDrive\Desktop\eRankUp\backend\dist\backend\src\exams\exams.controller.js:43:23)
    at async C:\Users\dadim\OneDrive\Desktop\eRankUp\node_modules\@nestjs\core\router\router-execution-context.js:46:28
    at async C:\Users\dadim\OneDrive\Desktop\eRankUp\node_modules\@nestjs\core\router\router-proxy.js:9:17
[2026-01-25T20:04:26.384Z] GET /exams?type=quiz - 500 (9ms)
[2026-01-25T20:04:28.121Z] GET /exams/hierarchy - 403: "Forbidden resource"
[2026-01-25T20:04:28.123Z] GET /exams/hierarchy - 403 (2ms)
[2026-01-25T20:04:28.129Z] GET /exams/hierarchy - 403: "Forbidden resource"
[2026-01-25T20:04:28.131Z] GET /exams/hierarchy - 403 (2ms)
[2026-01-25T20:04:29.787Z] GET /admin/notifications/my - 304 (3ms)
[2026-01-25T20:04:33.024Z] GET /passes/current - 200 (7ms)
[2026-01-25T20:04:33.042Z] GET /exams/user/stats - 304 (21ms)
[2026-01-25T20:04:33.050Z] GET /exams/user/recent - 304 (28ms)
[2026-01-25T20:04:33.271Z] GET /passes/current - 200 (5ms)
[2026-01-25T20:04:33.343Z] GET /exams/user/stats - 304 (6ms)
[2026-01-25T20:04:33.359Z] GET /exams/user/recent - 304 (9ms)
[2026-01-25T20:05:29.958Z] GET /admin/notifications/my - 304 (14ms)
[2026-01-25T20:07:13.276Z] GET /admin/notifications/my - 304 (15ms)
[2026-01-25T20:08:12.965Z] GET /admin/notifications/my - 304 (14ms)
[2026-01-25T20:09:13.274Z] GET /admin/notifications/my - 304 (15ms)
[2026-01-25T20:10:04.151Z] GET /admin/notifications/my - 304 (17ms)
[2026-01-25T20:10:06.425Z] GET /exams?type=real_exam - 304 (12ms)
[2026-01-25T20:10:06.623Z] GET /exams?type=real_exam - 304 (9ms)
[2026-01-25T20:10:23.624Z] GET /exams?type=live_exam - 304 (26ms)
[2026-01-25T20:10:23.943Z] GET /exams?type=live_exam - 304 (11ms)
[2026-01-25T20:10:24.793Z] GET /exams?type=previous_year_paper - 304 (10ms)
[2026-01-25T20:10:25.116Z] GET /exams?type=previous_year_paper - 304 (9ms)
[2026-01-25T20:10:25.492Z] GET /exams/hierarchy - 403: "Forbidden resource"
[2026-01-25T20:10:25.494Z] GET /exams/hierarchy - 403 (2ms)
[2026-01-25T20:10:25.801Z] GET /exams/hierarchy - 403: "Forbidden resource"
[2026-01-25T20:10:25.803Z] GET /exams/hierarchy - 403 (2ms)
[2026-01-25T20:10:26.582Z] GET /exams?type=quiz - 500: "invalid input value for enum exam_type_enum: \"quiz\""
QueryFailedError: invalid input value for enum exam_type_enum: "quiz"
    at PostgresQueryRunner.query (C:\Users\dadim\OneDrive\Desktop\eRankUp\backend\node_modules\typeorm\driver\postgres\PostgresQueryRunner.js:216:19)
    at process.processTicksAndRejections (node:internal/process/task_queues:103:5)
    at async SelectQueryBuilder.loadRawResults (C:\Users\dadim\OneDrive\Desktop\eRankUp\backend\node_modules\typeorm\query-builder\SelectQueryBuilder.js:2231:25)
    at async SelectQueryBuilder.executeEntitiesAndRawResults (C:\Users\dadim\OneDrive\Desktop\eRankUp\backend\node_modules\typeorm\query-builder\SelectQueryBuilder.js:2079:26)
    at async SelectQueryBuilder.getRawAndEntities (C:\Users\dadim\OneDrive\Desktop\eRankUp\backend\node_modules\typeorm\query-builder\SelectQueryBuilder.js:684:29)
    at async SelectQueryBuilder.getMany (C:\Users\dadim\OneDrive\Desktop\eRankUp\backend\node_modules\typeorm\query-builder\SelectQueryBuilder.js:750:25)
    at async ExamsService.findAll (C:\Users\dadim\OneDrive\Desktop\eRankUp\backend\dist\backend\src\exams\exams.service.js:68:23)
    at async ExamsController.findAll (C:\Users\dadim\OneDrive\Desktop\eRankUp\backend\dist\backend\src\exams\exams.controller.js:43:23)
    at async C:\Users\dadim\OneDrive\Desktop\eRankUp\node_modules\@nestjs\core\router\router-execution-context.js:46:28
    at async C:\Users\dadim\OneDrive\Desktop\eRankUp\node_modules\@nestjs\core\router\router-proxy.js:9:17
[2026-01-25T20:10:26.585Z] GET /exams?type=quiz - 500 (10ms)
[2026-01-25T20:10:26.804Z] GET /exams?type=quiz - 500: "invalid input value for enum exam_type_enum: \"quiz\""
QueryFailedError: invalid input value for enum exam_type_enum: "quiz"
    at PostgresQueryRunner.query (C:\Users\dadim\OneDrive\Desktop\eRankUp\backend\node_modules\typeorm\driver\postgres\PostgresQueryRunner.js:216:19)
    at process.processTicksAndRejections (node:internal/process/task_queues:103:5)
    at async SelectQueryBuilder.loadRawResults (C:\Users\dadim\OneDrive\Desktop\eRankUp\backend\node_modules\typeorm\query-builder\SelectQueryBuilder.js:2231:25)
    at async SelectQueryBuilder.executeEntitiesAndRawResults (C:\Users\dadim\OneDrive\Desktop\eRankUp\backend\node_modules\typeorm\query-builder\SelectQueryBuilder.js:2079:26)
    at async SelectQueryBuilder.getRawAndEntities (C:\Users\dadim\OneDrive\Desktop\eRankUp\backend\node_modules\typeorm\query-builder\SelectQueryBuilder.js:684:29)
    at async SelectQueryBuilder.getMany (C:\Users\dadim\OneDrive\Desktop\eRankUp\backend\node_modules\typeorm\query-builder\SelectQueryBuilder.js:750:25)
    at async ExamsService.findAll (C:\Users\dadim\OneDrive\Desktop\eRankUp\backend\dist\backend\src\exams\exams.service.js:68:23)
    at async ExamsController.findAll (C:\Users\dadim\OneDrive\Desktop\eRankUp\backend\dist\backend\src\exams\exams.controller.js:43:23)
    at async C:\Users\dadim\OneDrive\Desktop\eRankUp\node_modules\@nestjs\core\router\router-execution-context.js:46:28
    at async C:\Users\dadim\OneDrive\Desktop\eRankUp\node_modules\@nestjs\core\router\router-proxy.js:9:17
[2026-01-25T20:10:26.806Z] GET /exams?type=quiz - 500 (8ms)
[2026-01-25T20:10:27.006Z] GET /exams/performance/trend - 304 (6ms)
[2026-01-25T20:10:27.319Z] GET /exams/user/stats - 304 (7ms)
[2026-01-25T20:10:27.329Z] GET /exams/performance/trend - 304 (5ms)
[2026-01-25T20:10:27.338Z] GET /adaptive/mastery - 304 (24ms)
[2026-01-25T20:10:27.639Z] GET /exams/user/stats - 304 (8ms)
[2026-01-25T20:10:27.658Z] GET /adaptive/mastery - 304 (5ms)
[2026-01-25T20:10:30.246Z] GET /admin/notifications/my - 304 (4ms)
[2026-01-25T20:10:33.080Z] GET /users/saved-questions - 200 (10ms)
[2026-01-25T20:10:33.097Z] GET /users/saved-questions - 304 (7ms)
[2026-01-25T20:11:30.263Z] GET /admin/notifications/my - 304 (15ms)
[2026-01-25T20:13:13.262Z] GET /admin/notifications/my - 304 (15ms)
[2026-01-25T20:13:48.253Z] GET /users/saved-questions - 304 (16ms)
[2026-01-25T20:13:48.491Z] GET /users/saved-questions - 304 (3ms)
[2026-01-25T20:13:48.940Z] GET /admin/notifications/my - 304 (3ms)
[2026-01-25T20:14:29.797Z] GET /admin/notifications/my - 304 (17ms)
[2026-01-25T20:15:21.667Z] GET /passes/current - 200 (19ms)
[2026-01-25T20:15:21.845Z] GET /exams/user/stats - 304 (7ms)
[2026-01-25T20:15:21.974Z] GET /exams/user/recent - 304 (13ms)
[2026-01-25T20:15:21.987Z] GET /exams/user/stats - 304 (8ms)
[2026-01-25T20:15:21.992Z] GET /passes/current - 200 (27ms)
[2026-01-25T20:15:22.165Z] GET /exams/user/recent - 304 (12ms)
[2026-01-25T20:15:30.477Z] GET /admin/notifications/my - 304 (3ms)
[2026-01-25T20:15:33.217Z] GET /exams/attempts/4318bd37-f5c4-4ba4-bc92-aa7e01b7b880 - 304 (20ms)
[2026-01-25T20:15:33.243Z] GET /analytics/attempt/4318bd37-f5c4-4ba4-bc92-aa7e01b7b880 - 304 (40ms)
[2026-01-25T20:15:33.518Z] GET /analytics/percentile/exam/4318bd37-f5c4-4ba4-bc92-aa7e01b7b880 - 400: "No attempts found for this exam"
[2026-01-25T20:15:33.520Z] GET /analytics/percentile/exam/4318bd37-f5c4-4ba4-bc92-aa7e01b7b880 - 400 (10ms)
[2026-01-25T20:15:33.531Z] GET /analytics/patterns - 304 (19ms)
[2026-01-25T20:15:33.550Z] GET /exams/attempts/4318bd37-f5c4-4ba4-bc92-aa7e01b7b880 - 304 (17ms)
[2026-01-25T20:15:33.574Z] GET /analytics/attempt/4318bd37-f5c4-4ba4-bc92-aa7e01b7b880 - 304 (17ms)
[2026-01-25T20:15:33.836Z] GET /analytics/percentile/exam/4318bd37-f5c4-4ba4-bc92-aa7e01b7b880 - 400: "No attempts found for this exam"
[2026-01-25T20:15:33.838Z] GET /analytics/percentile/exam/4318bd37-f5c4-4ba4-bc92-aa7e01b7b880 - 400 (5ms)
[2026-01-25T20:15:33.854Z] GET /analytics/patterns - 304 (13ms)
[2026-01-25T20:16:27.904Z] GET /exams/attempts/4318bd37-f5c4-4ba4-bc92-aa7e01b7b880 - 304 (36ms)
[2026-01-25T20:16:27.928Z] GET /exams/attempts/4318bd37-f5c4-4ba4-bc92-aa7e01b7b880 - 304 (18ms)
[2026-01-25T20:16:28.241Z] GET /users/saved-questions/a9dd92de-a078-423d-b55b-e7ff2fac2547/status - 200 (3ms)
[2026-01-25T20:16:28.565Z] GET /users/saved-questions/a9dd92de-a078-423d-b55b-e7ff2fac2547/status - 304 (3ms)
[2026-01-25T20:16:30.108Z] GET /admin/notifications/my - 304 (4ms)
[2026-01-25T20:16:40.226Z] GET /users/saved-questions/55292297-87a1-4c84-838c-4d80fe29c11a/status - 304 (14ms)
[2026-01-25T20:16:43.458Z] GET /users/saved-questions/92478de5-37aa-4815-814d-bd3d66e96f30/status - 304 (4ms)
[2026-01-25T20:16:51.285Z] GET /users/saved-questions/e6619525-697c-4976-aa5e-99c8a1d2808d/status - 304 (3ms)
[2026-01-25T20:16:53.398Z] GET /users/saved-questions/8e541ab8-c620-4a85-b90a-7b8a9aa6bdf4/status - 200 (3ms)
[2026-01-25T20:17:00.419Z] GET /exams?type=real_exam - 304 (11ms)
[2026-01-25T20:17:00.743Z] GET /exams?type=real_exam - 304 (11ms)
[2026-01-25T20:17:03.151Z] GET /passes/current - 200 (5ms)
[2026-01-25T20:17:03.459Z] GET /exams/user/stats - 304 (8ms)
[2026-01-25T20:17:03.470Z] GET /passes/current - 200 (6ms)
[2026-01-25T20:17:03.484Z] GET /exams/user/recent - 304 (30ms)
[2026-01-25T20:17:03.774Z] GET /exams/user/stats - 304 (7ms)
[2026-01-25T20:17:03.803Z] GET /exams/user/recent - 304 (9ms)
[2026-01-25T20:17:07.731Z] GET /exams/performance/trend - 304 (6ms)
[2026-01-25T20:17:07.737Z] GET /exams/user/stats - 304 (9ms)
[2026-01-25T20:17:08.039Z] GET /adaptive/mastery - 304 (5ms)
[2026-01-25T20:17:08.054Z] GET /exams/performance/trend - 304 (6ms)
[2026-01-25T20:17:08.060Z] GET /exams/user/stats - 304 (8ms)
[2026-01-25T20:17:08.360Z] GET /adaptive/mastery - 304 (5ms)
[2026-01-25T20:17:18.191Z] GET /exams/attempts/4318bd37-f5c4-4ba4-bc92-aa7e01b7b880 - 304 (17ms)
[2026-01-25T20:17:18.288Z] GET /exams/attempts/4318bd37-f5c4-4ba4-bc92-aa7e01b7b880 - 304 (17ms)
[2026-01-25T20:17:18.508Z] GET /users/saved-questions/a9dd92de-a078-423d-b55b-e7ff2fac2547/status - 304 (3ms)
[2026-01-25T20:17:18.517Z] GET /users/saved-questions/a9dd92de-a078-423d-b55b-e7ff2fac2547/status - 304 (3ms)
[2026-01-25T20:17:29.796Z] GET /admin/notifications/my - 304 (15ms)
[2026-01-25T20:18:30.257Z] GET /admin/notifications/my - 304 (14ms)
[2026-01-25T20:19:37.954Z] GET /admin/notifications/my - 304 (14ms)
[2026-01-25T20:20:38.964Z] GET /admin/notifications/my - 304 (14ms)
[2026-01-25T20:22:13.274Z] GET /admin/notifications/my - 304 (14ms)
[2026-01-25T20:22:37.736Z] GET /admin/notifications/my - 304 (21ms)
[2026-01-25T20:22:42.778Z] GET /admin/notifications/my - 304 (4ms)
[2026-01-25T20:22:42.810Z] GET /exams/attempts/4318bd37-f5c4-4ba4-bc92-aa7e01b7b880 - 304 (34ms)
[2026-01-25T20:22:42.901Z] GET /admin/notifications/my - 304 (4ms)
[2026-01-25T20:22:42.932Z] GET /users/saved-questions/a9dd92de-a078-423d-b55b-e7ff2fac2547/status - 304 (7ms)
[2026-01-25T20:22:42.936Z] GET /exams/attempts/4318bd37-f5c4-4ba4-bc92-aa7e01b7b880 - 304 (18ms)
[2026-01-25T20:22:42.953Z] GET /users/saved-questions/a9dd92de-a078-423d-b55b-e7ff2fac2547/status - 304 (3ms)
[2026-01-25T20:23:28.266Z] GET /passes/current - 200 (19ms)
[2026-01-25T20:23:28.272Z] GET /exams/user/stats - 304 (24ms)
[2026-01-25T20:23:28.274Z] GET /exams/user/recent - 304 (25ms)
[2026-01-25T20:23:28.582Z] GET /passes/current - 200 (5ms)
[2026-01-25T20:23:28.599Z] GET /exams/user/stats - 304 (10ms)
[2026-01-25T20:23:28.602Z] GET /exams/user/recent - 304 (11ms)
[2026-01-25T20:23:33.825Z] GET /exams/hierarchy - 403: "Forbidden resource"
[2026-01-25T20:23:33.827Z] GET /exams/hierarchy - 403 (3ms)
[2026-01-25T20:23:33.834Z] GET /exams/hierarchy - 403: "Forbidden resource"
[2026-01-25T20:23:33.836Z] GET /exams/hierarchy - 403 (2ms)
[2026-01-25T20:23:37.236Z] GET /exams?type=real_exam - 304 (10ms)
[2026-01-25T20:23:37.250Z] GET /exams?type=real_exam - 304 (9ms)
[2026-01-25T20:23:43.069Z] GET /admin/notifications/my - 304 (4ms)
[2026-01-25T20:23:43.217Z] GET /exams/ea974100-c6ab-42a4-bdbb-e68493548c25 - 304 (2ms)
[2026-01-25T20:23:43.421Z] GET /exams/ea974100-c6ab-42a4-bdbb-e68493548c25/my-attempts - 304 (4ms)
[2026-01-25T20:23:43.536Z] GET /exams/ea974100-c6ab-42a4-bdbb-e68493548c25 - 304 (6ms)
[2026-01-25T20:23:43.538Z] GET /exams/ea974100-c6ab-42a4-bdbb-e68493548c25/my-attempts - 304 (7ms)
[2026-01-25T20:23:48.314Z] GET /exams/models/ea974100-c6ab-42a4-bdbb-e68493548c25 - 200 (7ms)
[2026-01-25T20:23:48.636Z] GET /exams/ea974100-c6ab-42a4-bdbb-e68493548c25 - 304 (1ms)
[2026-01-25T20:23:48.638Z] GET /exams/models/ea974100-c6ab-42a4-bdbb-e68493548c25 - 200 (6ms)
[2026-01-25T20:23:48.970Z] GET /exams/ea974100-c6ab-42a4-bdbb-e68493548c25 - 304 (2ms)
[2026-01-25T20:23:48.973Z] POST /test-session/start - 201 (11ms)
[2026-01-25T20:23:49.221Z] POST /test-session/start - 201 (7ms)
[2026-01-25T20:23:57.461Z] POST /test-session/ea974100-c6ab-42a4-bdbb-e68493548c25/submit - 201 (187ms)
[2026-01-25T20:23:58.801Z] GET /admin/notifications/my - 304 (8ms)
[2026-01-25T20:23:58.818Z] GET /exams/attempts/37cd791d-0ba1-4157-9f6e-8306267f3138 - 200 (23ms)
[2026-01-25T20:23:59.125Z] GET /analytics/percentile/exam/37cd791d-0ba1-4157-9f6e-8306267f3138 - 400: "No attempts found for this exam"
[2026-01-25T20:23:59.127Z] GET /analytics/percentile/exam/37cd791d-0ba1-4157-9f6e-8306267f3138 - 400 (14ms)
[2026-01-25T20:23:59.132Z] GET /admin/notifications/my - 304 (13ms)
[2026-01-25T20:23:59.139Z] GET /analytics/patterns - 200 (24ms)
[2026-01-25T20:23:59.151Z] GET /analytics/attempt/37cd791d-0ba1-4157-9f6e-8306267f3138 - 200 (42ms)
[2026-01-25T20:23:59.162Z] GET /exams/attempts/37cd791d-0ba1-4157-9f6e-8306267f3138 - 304 (21ms)
[2026-01-25T20:23:59.445Z] GET /analytics/percentile/exam/37cd791d-0ba1-4157-9f6e-8306267f3138 - 400: "No attempts found for this exam"
[2026-01-25T20:23:59.447Z] GET /analytics/percentile/exam/37cd791d-0ba1-4157-9f6e-8306267f3138 - 400 (5ms)
[2026-01-25T20:23:59.464Z] GET /analytics/patterns - 304 (11ms)
[2026-01-25T20:23:59.487Z] GET /analytics/attempt/37cd791d-0ba1-4157-9f6e-8306267f3138 - 304 (17ms)
[2026-01-25T20:24:12.808Z] GET /exams/models/ea974100-c6ab-42a4-bdbb-e68493548c25 - 200 (20ms)
[2026-01-25T20:24:13.033Z] GET /exams/models/ea974100-c6ab-42a4-bdbb-e68493548c25 - 200 (5ms)
[2026-01-25T20:24:13.126Z] GET /exams/ea974100-c6ab-42a4-bdbb-e68493548c25 - 304 (2ms)
[2026-01-25T20:24:13.134Z] GET /exams/ea974100-c6ab-42a4-bdbb-e68493548c25 - 304 (3ms)
[2026-01-25T20:24:13.461Z] POST /test-session/start - 201 (20ms)
[2026-01-25T20:24:13.464Z] POST /test-session/start - 201 (7ms)
[2026-01-25T20:24:32.464Z] POST /test-session/ea974100-c6ab-42a4-bdbb-e68493548c25/sync - 201 (2ms)
[2026-01-25T20:24:40.242Z] POST /test-session/ea974100-c6ab-42a4-bdbb-e68493548c25/sync - 201 (3ms)
[2026-01-25T20:24:44.661Z] POST /test-session/ea974100-c6ab-42a4-bdbb-e68493548c25/sync - 201 (3ms)
[2026-01-25T20:24:45.363Z] POST /test-session/ea974100-c6ab-42a4-bdbb-e68493548c25/sync - 201 (2ms)
[2026-01-25T20:24:50.113Z] POST /test-session/ea974100-c6ab-42a4-bdbb-e68493548c25/sync - 201 (2ms)
[2026-01-25T20:24:55.184Z] POST /test-session/ea974100-c6ab-42a4-bdbb-e68493548c25/sync - 201 (3ms)
[2026-01-25T20:24:59.362Z] POST /test-session/ea974100-c6ab-42a4-bdbb-e68493548c25/sync - 201 (3ms)
[2026-01-25T20:25:05.758Z] POST /test-session/ea974100-c6ab-42a4-bdbb-e68493548c25/sync - 201 (3ms)
[2026-01-25T20:25:10.272Z] POST /test-session/ea974100-c6ab-42a4-bdbb-e68493548c25/submit - 201 (145ms)
[2026-01-25T20:25:11.592Z] GET /admin/notifications/my - 304 (3ms)
[2026-01-25T20:25:11.606Z] GET /exams/attempts/cc6a5329-7193-469b-9cd9-02f492c49fbf - 200 (24ms)
[2026-01-25T20:25:11.904Z] GET /analytics/percentile/exam/cc6a5329-7193-469b-9cd9-02f492c49fbf - 400: "No attempts found for this exam"
[2026-01-25T20:25:11.906Z] GET /analytics/percentile/exam/cc6a5329-7193-469b-9cd9-02f492c49fbf - 400 (10ms)
[2026-01-25T20:25:11.915Z] GET /analytics/patterns - 200 (18ms)
[2026-01-25T20:25:11.927Z] GET /analytics/attempt/cc6a5329-7193-469b-9cd9-02f492c49fbf - 200 (37ms)
[2026-01-25T20:25:11.929Z] GET /admin/notifications/my - 304 (10ms)
[2026-01-25T20:25:11.942Z] GET /exams/attempts/cc6a5329-7193-469b-9cd9-02f492c49fbf - 304 (20ms)
[2026-01-25T20:25:12.217Z] GET /analytics/percentile/exam/cc6a5329-7193-469b-9cd9-02f492c49fbf - 400: "No attempts found for this exam"
[2026-01-25T20:25:12.219Z] GET /analytics/percentile/exam/cc6a5329-7193-469b-9cd9-02f492c49fbf - 400 (6ms)
[2026-01-25T20:25:12.240Z] GET /analytics/patterns - 304 (14ms)
[2026-01-25T20:25:12.261Z] GET /analytics/attempt/cc6a5329-7193-469b-9cd9-02f492c49fbf - 304 (18ms)
[2026-01-25T20:25:21.075Z] GET /exams/attempts/cc6a5329-7193-469b-9cd9-02f492c49fbf - 304 (18ms)
[2026-01-25T20:25:21.153Z] GET /exams/attempts/cc6a5329-7193-469b-9cd9-02f492c49fbf - 304 (19ms)
[2026-01-25T20:25:21.403Z] GET /users/saved-questions/a9dd92de-a078-423d-b55b-e7ff2fac2547/status - 304 (4ms)
[2026-01-25T20:25:21.412Z] GET /users/saved-questions/a9dd92de-a078-423d-b55b-e7ff2fac2547/status - 304 (3ms)
[2026-01-25T20:26:08.625Z] GET /users/saved-questions/55292297-87a1-4c84-838c-4d80fe29c11a/status - 304 (15ms)
[2026-01-25T20:26:11.597Z] GET /admin/notifications/my - 304 (4ms)
[2026-01-25T20:27:12.256Z] GET /admin/notifications/my - 304 (15ms)
[2026-01-25T20:28:11.956Z] GET /admin/notifications/my - 304 (14ms)
[2026-01-25T20:29:12.254Z] GET /admin/notifications/my - 304 (14ms)
[2026-01-25T20:30:11.966Z] GET /admin/notifications/my - 304 (14ms)
[2026-01-25T20:31:12.257Z] GET /admin/notifications/my - 304 (13ms)
[2026-01-25T20:32:13.271Z] GET /admin/notifications/my - 304 (15ms)
[2026-01-25T20:33:12.952Z] GET /admin/notifications/my - 304 (15ms)
[2026-01-25T20:33:19.005Z] GET /admin/notifications/my - 304 (5ms)
[2026-01-25T20:33:19.036Z] GET /exams/attempts/cc6a5329-7193-469b-9cd9-02f492c49fbf - 304 (33ms)
[2026-01-25T20:33:19.123Z] GET /admin/notifications/my - 304 (4ms)
[2026-01-25T20:33:19.149Z] GET /users/saved-questions/a9dd92de-a078-423d-b55b-e7ff2fac2547/status - 304 (7ms)
[2026-01-25T20:33:19.154Z] GET /exams/attempts/cc6a5329-7193-469b-9cd9-02f492c49fbf - 304 (18ms)
[2026-01-25T20:33:19.174Z] GET /users/saved-questions/a9dd92de-a078-423d-b55b-e7ff2fac2547/status - 304 (3ms)
[2026-01-25T20:33:24.188Z] GET /users/saved-questions/55292297-87a1-4c84-838c-4d80fe29c11a/status - 304 (3ms)
[2026-01-25T20:34:16.128Z] GET /admin/notifications/my - 304 (18ms)
[2026-01-25T20:34:16.142Z] GET /exams/attempts/cc6a5329-7193-469b-9cd9-02f492c49fbf - 304 (31ms)
[2026-01-25T20:34:16.239Z] GET /admin/notifications/my - 304 (5ms)
[2026-01-25T20:34:16.256Z] GET /users/saved-questions/a9dd92de-a078-423d-b55b-e7ff2fac2547/status - 304 (6ms)
[2026-01-25T20:34:16.261Z] GET /exams/attempts/cc6a5329-7193-469b-9cd9-02f492c49fbf - 304 (17ms)
[2026-01-25T20:34:16.275Z] GET /users/saved-questions/a9dd92de-a078-423d-b55b-e7ff2fac2547/status - 304 (3ms)
[2026-01-25T20:34:20.138Z] GET /users/saved-questions/55292297-87a1-4c84-838c-4d80fe29c11a/status - 304 (3ms)
[2026-01-25T20:34:24.299Z] GET /admin/notifications/my - 304 (7ms)
[2026-01-25T20:34:24.314Z] GET /exams/attempts/cc6a5329-7193-469b-9cd9-02f492c49fbf - 304 (21ms)
[2026-01-25T20:34:24.416Z] GET /admin/notifications/my - 304 (4ms)
[2026-01-25T20:34:24.442Z] GET /users/saved-questions/a9dd92de-a078-423d-b55b-e7ff2fac2547/status - 304 (6ms)
[2026-01-25T20:34:24.447Z] GET /exams/attempts/cc6a5329-7193-469b-9cd9-02f492c49fbf - 304 (19ms)
[2026-01-25T20:34:24.466Z] GET /users/saved-questions/a9dd92de-a078-423d-b55b-e7ff2fac2547/status - 304 (4ms)
[2026-01-25T20:35:25.271Z] GET /admin/notifications/my - 304 (13ms)
[2026-01-25T20:36:24.958Z] GET /admin/notifications/my - 304 (15ms)
[2026-01-25T20:37:24.619Z] GET /admin/notifications/my - 304 (15ms)
[2026-01-25T20:37:29.738Z] GET /admin/notifications/my - 304 (3ms)
[2026-01-25T20:37:29.763Z] GET /exams/attempts/cc6a5329-7193-469b-9cd9-02f492c49fbf - 304 (22ms)
[2026-01-25T20:37:29.867Z] GET /admin/notifications/my - 304 (3ms)
[2026-01-25T20:37:29.900Z] GET /exams/attempts/cc6a5329-7193-469b-9cd9-02f492c49fbf - 304 (18ms)
[2026-01-25T20:37:29.911Z] GET /users/saved-questions/a9dd92de-a078-423d-b55b-e7ff2fac2547/status - 304 (22ms)
[2026-01-25T20:37:29.921Z] GET /users/saved-questions/a9dd92de-a078-423d-b55b-e7ff2fac2547/status - 304 (4ms)
[2026-01-25T20:37:33.320Z] GET /admin/notifications/my - 304 (4ms)
[2026-01-25T20:37:33.347Z] GET /exams/attempts/cc6a5329-7193-469b-9cd9-02f492c49fbf - 304 (25ms)
[2026-01-25T20:37:33.448Z] GET /admin/notifications/my - 304 (3ms)
[2026-01-25T20:37:33.477Z] GET /users/saved-questions/a9dd92de-a078-423d-b55b-e7ff2fac2547/status - 304 (7ms)
[2026-01-25T20:37:33.482Z] GET /exams/attempts/cc6a5329-7193-469b-9cd9-02f492c49fbf - 304 (20ms)
[2026-01-25T20:37:33.497Z] GET /users/saved-questions/a9dd92de-a078-423d-b55b-e7ff2fac2547/status - 304 (2ms)
[2026-01-25T20:37:37.967Z] GET /users/saved-questions/55292297-87a1-4c84-838c-4d80fe29c11a/status - 304 (3ms)
[2026-01-25T20:37:42.308Z] GET /users/saved-questions/92478de5-37aa-4815-814d-bd3d66e96f30/status - 304 (3ms)
[2026-01-25T20:38:34.270Z] GET /admin/notifications/my - 304 (15ms)
[2026-01-25T20:39:33.960Z] GET /admin/notifications/my - 304 (15ms)
[2026-01-25T20:40:34.268Z] GET /admin/notifications/my - 304 (13ms)
[2026-01-25T20:41:33.960Z] GET /admin/notifications/my - 304 (14ms)
[2026-01-25T20:42:34.267Z] GET /admin/notifications/my - 304 (14ms)
[2026-01-25T20:43:33.966Z] GET /admin/notifications/my - 304 (14ms)
[2026-01-25T20:45:13.275Z] GET /admin/notifications/my - 304 (15ms)
[2026-01-25T20:46:12.953Z] GET /admin/notifications/my - 304 (13ms)
[2026-01-25T20:46:58.864Z] GET /admin/notifications/my - 304 (15ms)
[2026-01-25T20:47:02.110Z] GET /admin/notifications/my - 304 (5ms)
[2026-01-25T20:47:02.144Z] GET /exams/attempts/cc6a5329-7193-469b-9cd9-02f492c49fbf - 304 (37ms)
[2026-01-25T20:47:02.217Z] GET /admin/notifications/my - 304 (3ms)
[2026-01-25T20:47:02.242Z] GET /users/saved-questions/a9dd92de-a078-423d-b55b-e7ff2fac2547/status - 304 (7ms)
[2026-01-25T20:47:02.246Z] GET /exams/attempts/cc6a5329-7193-469b-9cd9-02f492c49fbf - 304 (18ms)
[2026-01-25T20:47:02.263Z] GET /users/saved-questions/a9dd92de-a078-423d-b55b-e7ff2fac2547/status - 304 (3ms)
[2026-01-25T20:47:06.227Z] GET /admin/notifications/my - 304 (8ms)
[2026-01-25T20:47:06.243Z] GET /exams/attempts/cc6a5329-7193-469b-9cd9-02f492c49fbf - 304 (22ms)
[2026-01-25T20:47:06.342Z] GET /admin/notifications/my - 304 (3ms)
[2026-01-25T20:47:06.363Z] GET /exams/attempts/cc6a5329-7193-469b-9cd9-02f492c49fbf - 304 (16ms)
[2026-01-25T20:47:06.366Z] GET /users/saved-questions/a9dd92de-a078-423d-b55b-e7ff2fac2547/status - 304 (6ms)
[2026-01-25T20:47:06.379Z] GET /users/saved-questions/a9dd92de-a078-423d-b55b-e7ff2fac2547/status - 304 (3ms)
[2026-01-25T20:48:07.271Z] GET /admin/notifications/my - 304 (15ms)
[2026-01-25T20:49:06.967Z] GET /admin/notifications/my - 304 (15ms)
[2026-01-25T20:50:07.265Z] GET /admin/notifications/my - 304 (12ms)
[2026-01-25T20:51:06.953Z] GET /admin/notifications/my - 304 (14ms)
[2026-01-25T20:52:07.263Z] GET /admin/notifications/my - 304 (15ms)
[2026-01-25T20:53:06.953Z] GET /admin/notifications/my - 304 (14ms)
[2026-01-25T20:54:13.272Z] GET /admin/notifications/my - 304 (16ms)
[2026-01-25T20:55:13.273Z] GET /admin/notifications/my - 304 (14ms)
[2026-01-25T20:56:12.950Z] GET /admin/notifications/my - 304 (14ms)
[2026-01-25T20:57:13.267Z] GET /admin/notifications/my - 304 (15ms)
[2026-01-25T20:58:12.958Z] GET /admin/notifications/my - 304 (15ms)
[2026-01-25T20:59:12.953Z] GET /admin/notifications/my - 304 (14ms)
[2026-01-25T20:59:19.797Z] GET /exams/attempts/cc6a5329-7193-469b-9cd9-02f492c49fbf - 304 (15ms)
[2026-01-25T20:59:19.814Z] GET /exams/attempts/cc6a5329-7193-469b-9cd9-02f492c49fbf - 304 (13ms)
[2026-01-25T20:59:19.931Z] GET /users/saved-questions/a9dd92de-a078-423d-b55b-e7ff2fac2547/status - 304 (3ms)
[2026-01-25T20:59:19.977Z] GET /users/saved-questions/a9dd92de-a078-423d-b55b-e7ff2fac2547/status - 304 (2ms)
[2026-01-25T21:00:12.951Z] GET /admin/notifications/my - 304 (13ms)
[2026-01-25T21:01:13.259Z] GET /admin/notifications/my - 304 (16ms)
[2026-01-25T21:02:06.927Z] GET /admin/notifications/my - 200 (7ms)
[2026-01-25T21:02:06.962Z] GET /exams/attempts/cc6a5329-7193-469b-9cd9-02f492c49fbf - 304 (40ms)
[2026-01-25T21:02:07.056Z] GET /admin/notifications/my - 304 (4ms)
[2026-01-25T21:02:07.084Z] GET /users/saved-questions/a9dd92de-a078-423d-b55b-e7ff2fac2547/status - 304 (8ms)
[2026-01-25T21:02:07.090Z] GET /exams/attempts/cc6a5329-7193-469b-9cd9-02f492c49fbf - 304 (21ms)
[2026-01-25T21:02:07.106Z] GET /users/saved-questions/a9dd92de-a078-423d-b55b-e7ff2fac2547/status - 304 (4ms)
[2026-01-25T21:02:15.120Z] GET /admin/notifications/my - 304 (8ms)
[2026-01-25T21:02:15.137Z] GET /exams/attempts/cc6a5329-7193-469b-9cd9-02f492c49fbf - 304 (23ms)
[2026-01-25T21:02:15.235Z] GET /admin/notifications/my - 304 (3ms)
[2026-01-25T21:02:15.258Z] GET /users/saved-questions/a9dd92de-a078-423d-b55b-e7ff2fac2547/status - 304 (3ms)
[2026-01-25T21:02:15.261Z] GET /exams/attempts/cc6a5329-7193-469b-9cd9-02f492c49fbf - 304 (20ms)
[2026-01-25T21:02:15.288Z] GET /users/saved-questions/a9dd92de-a078-423d-b55b-e7ff2fac2547/status - 304 (4ms)
[2026-01-25T21:02:22.998Z] GET /passes/current - 200 (7ms)
[2026-01-25T21:02:23.004Z] GET /exams/user/stats - 200 (10ms)
[2026-01-25T21:02:23.026Z] GET /exams/user/recent - 200 (30ms)
[2026-01-25T21:02:23.321Z] GET /passes/current - 200 (6ms)
[2026-01-25T21:02:23.327Z] GET /exams/user/stats - 304 (8ms)
[2026-01-25T21:02:23.350Z] GET /exams/user/recent - 304 (11ms)
[2026-01-25T21:02:32.206Z] GET /exams?type=real_exam - 200 (19ms)
[2026-01-25T21:02:32.308Z] GET /exams?type=real_exam - 304 (9ms)
[2026-01-25T21:02:37.034Z] GET /exams?type=live_exam - 304 (13ms)
[2026-01-25T21:02:37.214Z] GET /exams?type=live_exam - 304 (10ms)
[2026-01-25T21:02:39.515Z] GET /exams?type=previous_year_paper - 304 (13ms)
[2026-01-25T21:02:39.723Z] GET /exams?type=previous_year_paper - 304 (13ms)
[2026-01-25T21:02:42.741Z] GET /exams/hierarchy - 403: "Forbidden resource"
[2026-01-25T21:02:42.742Z] GET /exams/hierarchy - 403 (2ms)
[2026-01-25T21:02:43.050Z] GET /exams/hierarchy - 403: "Forbidden resource"
[2026-01-25T21:02:43.052Z] GET /exams/hierarchy - 403 (3ms)
[2026-01-25T21:02:46.299Z] GET /exams?type=quiz - 500: "invalid input value for enum exam_type_enum: \"quiz\""
QueryFailedError: invalid input value for enum exam_type_enum: "quiz"
    at PostgresQueryRunner.query (C:\Users\dadim\OneDrive\Desktop\eRankUp\backend\node_modules\typeorm\driver\postgres\PostgresQueryRunner.js:216:19)
    at process.processTicksAndRejections (node:internal/process/task_queues:103:5)
    at async SelectQueryBuilder.loadRawResults (C:\Users\dadim\OneDrive\Desktop\eRankUp\backend\node_modules\typeorm\query-builder\SelectQueryBuilder.js:2231:25)
    at async SelectQueryBuilder.executeEntitiesAndRawResults (C:\Users\dadim\OneDrive\Desktop\eRankUp\backend\node_modules\typeorm\query-builder\SelectQueryBuilder.js:2079:26)
    at async SelectQueryBuilder.getRawAndEntities (C:\Users\dadim\OneDrive\Desktop\eRankUp\backend\node_modules\typeorm\query-builder\SelectQueryBuilder.js:684:29)
    at async SelectQueryBuilder.getMany (C:\Users\dadim\OneDrive\Desktop\eRankUp\backend\node_modules\typeorm\query-builder\SelectQueryBuilder.js:750:25)
    at async ExamsService.findAll (C:\Users\dadim\OneDrive\Desktop\eRankUp\backend\dist\backend\src\exams\exams.service.js:68:23)
    at async ExamsController.findAll (C:\Users\dadim\OneDrive\Desktop\eRankUp\backend\dist\backend\src\exams\exams.controller.js:43:23)
    at async C:\Users\dadim\OneDrive\Desktop\eRankUp\node_modules\@nestjs\core\router\router-execution-context.js:46:28
    at async C:\Users\dadim\OneDrive\Desktop\eRankUp\node_modules\@nestjs\core\router\router-proxy.js:9:17
[2026-01-25T21:02:46.301Z] GET /exams?type=quiz - 500 (11ms)
[2026-01-25T21:02:46.314Z] GET /exams?type=quiz - 500: "invalid input value for enum exam_type_enum: \"quiz\""
QueryFailedError: invalid input value for enum exam_type_enum: "quiz"
    at PostgresQueryRunner.query (C:\Users\dadim\OneDrive\Desktop\eRankUp\backend\node_modules\typeorm\driver\postgres\PostgresQueryRunner.js:216:19)
    at process.processTicksAndRejections (node:internal/process/task_queues:103:5)
    at async SelectQueryBuilder.loadRawResults (C:\Users\dadim\OneDrive\Desktop\eRankUp\backend\node_modules\typeorm\query-builder\SelectQueryBuilder.js:2231:25)
    at async SelectQueryBuilder.executeEntitiesAndRawResults (C:\Users\dadim\OneDrive\Desktop\eRankUp\backend\node_modules\typeorm\query-builder\SelectQueryBuilder.js:2079:26)
    at async SelectQueryBuilder.getRawAndEntities (C:\Users\dadim\OneDrive\Desktop\eRankUp\backend\node_modules\typeorm\query-builder\SelectQueryBuilder.js:684:29)
    at async SelectQueryBuilder.getMany (C:\Users\dadim\OneDrive\Desktop\eRankUp\backend\node_modules\typeorm\query-builder\SelectQueryBuilder.js:750:25)
    at async ExamsService.findAll (C:\Users\dadim\OneDrive\Desktop\eRankUp\backend\dist\backend\src\exams\exams.service.js:68:23)
    at async ExamsController.findAll (C:\Users\dadim\OneDrive\Desktop\eRankUp\backend\dist\backend\src\exams\exams.controller.js:43:23)
    at async C:\Users\dadim\OneDrive\Desktop\eRankUp\node_modules\@nestjs\core\router\router-execution-context.js:46:28
    at async C:\Users\dadim\OneDrive\Desktop\eRankUp\node_modules\@nestjs\core\router\router-proxy.js:9:17
[2026-01-25T21:02:46.317Z] GET /exams?type=quiz - 500 (9ms)
[2026-01-25T21:02:50.616Z] GET /passes - 200 (5ms)
[2026-01-25T21:02:50.625Z] GET /passes - 304 (3ms)
[2026-01-25T21:02:54.756Z] GET /passes/current - 200 (9ms)
[2026-01-25T21:02:54.937Z] GET /exams/user/stats - 304 (7ms)
[2026-01-25T21:02:55.062Z] GET /exams/user/recent - 304 (12ms)
[2026-01-25T21:02:55.076Z] GET /exams/user/stats - 304 (7ms)
[2026-01-25T21:02:55.079Z] GET /passes/current - 200 (24ms)
[2026-01-25T21:02:55.266Z] GET /exams/user/recent - 304 (13ms)
[2026-01-25T21:02:59.915Z] GET /exams?type=real_exam - 304 (13ms)
[2026-01-25T21:03:00.247Z] GET /exams?type=real_exam - 304 (13ms)
[2026-01-25T21:03:15.953Z] GET /admin/notifications/my - 304 (14ms)
[2026-01-25T21:04:16.282Z] GET /admin/notifications/my - 304 (14ms)
[2026-01-25T21:05:15.959Z] GET /admin/notifications/my - 304 (14ms)
[2026-01-25T21:06:16.269Z] GET /admin/notifications/my - 304 (14ms)
[2026-01-25T21:07:15.961Z] GET /admin/notifications/my - 304 (15ms)
[2026-01-25T21:08:15.956Z] GET /admin/notifications/my - 304 (16ms)
[2026-01-25T21:09:09.015Z] GET /passes/current - 200 (18ms)
[2026-01-25T21:09:09.189Z] GET /exams/user/stats - 304 (9ms)
[2026-01-25T21:09:09.315Z] GET /exams/user/recent - 304 (12ms)
[2026-01-25T21:09:09.330Z] GET /passes/current - 200 (23ms)
[2026-01-25T21:09:09.332Z] GET /exams/user/stats - 304 (7ms)
[2026-01-25T21:09:09.508Z] GET /exams/user/recent - 304 (13ms)
[2026-01-25T21:09:15.111Z] GET /admin/notifications/my - 304 (4ms)
[2026-01-25T21:09:18.527Z] GET /exams?type=real_exam - 304 (10ms)
[2026-01-25T21:09:18.715Z] GET /exams?type=real_exam - 304 (10ms)
[2026-01-25T21:09:20.589Z] GET /passes/current - 200 (5ms)
[2026-01-25T21:09:20.904Z] GET /exams/user/stats - 304 (9ms)
[2026-01-25T21:09:20.923Z] GET /passes/current - 200 (22ms)
[2026-01-25T21:09:20.926Z] GET /exams/user/recent - 304 (29ms)
[2026-01-25T21:09:21.217Z] GET /exams/user/stats - 304 (7ms)
[2026-01-25T21:09:21.246Z] GET /exams/user/recent - 304 (10ms)
[2026-01-25T21:09:29.733Z] GET /exams?type=real_exam - 304 (10ms)
[2026-01-25T21:09:30.001Z] GET /exams?type=real_exam - 304 (13ms)
[2026-01-25T21:09:34.417Z] GET /exams?type=live_exam - 304 (10ms)
[2026-01-25T21:09:34.741Z] GET /exams?type=live_exam - 304 (12ms)
[2026-01-25T21:09:35.955Z] GET /exams?type=previous_year_paper - 304 (12ms)
[2026-01-25T21:09:36.281Z] GET /exams?type=previous_year_paper - 304 (10ms)
[2026-01-25T21:10:15.958Z] GET /admin/notifications/my - 304 (14ms)
[2026-01-25T21:11:16.273Z] GET /admin/notifications/my - 304 (15ms)
[2026-01-25T21:13:13.275Z] GET /admin/notifications/my - 304 (14ms)
[2026-01-25T21:14:08.626Z] GET /passes/current - 200 (18ms)
[2026-01-25T21:14:08.922Z] GET /exams/user/stats - 304 (8ms)
[2026-01-25T21:14:08.940Z] GET /passes/current - 200 (6ms)
[2026-01-25T21:14:08.943Z] GET /exams/user/recent - 304 (27ms)
[2026-01-25T21:14:09.238Z] GET /exams/user/stats - 304 (6ms)
[2026-01-25T21:14:09.265Z] GET /exams/user/recent - 304 (11ms)
[2026-01-25T21:14:11.476Z] GET /exams?type=real_exam - 304 (10ms)
[2026-01-25T21:14:11.672Z] GET /exams?type=real_exam - 304 (10ms)
[2026-01-25T21:14:15.113Z] GET /admin/notifications/my - 304 (3ms)
[2026-01-25T21:14:20.532Z] GET /exams?type=previous_year_paper - 304 (10ms)
[2026-01-25T21:14:20.743Z] GET /exams?type=previous_year_paper - 304 (12ms)
[2026-01-25T21:15:15.952Z] GET /admin/notifications/my - 304 (15ms)
[2026-01-25T21:16:51.955Z] GET /admin/notifications/my - 304 (15ms)
[2026-01-25T21:17:46.963Z] GET /admin/notifications/my - 304 (15ms)
[2026-01-25T21:19:13.165Z] GET /admin/notifications/my - 304 (16ms)
[2026-01-25T21:19:15.270Z] GET /exams?type=real_exam - 304 (11ms)
[2026-01-25T21:19:15.588Z] GET /exams?type=real_exam - 304 (9ms)
[2026-01-25T21:19:18.149Z] GET /exams?type=live_exam - 304 (11ms)
[2026-01-25T21:19:18.466Z] GET /exams?type=live_exam - 304 (9ms)
[2026-01-25T21:19:20.737Z] GET /exams?type=real_exam - 304 (10ms)
[2026-01-25T21:19:21.053Z] GET /exams?type=real_exam - 304 (9ms)
[2026-01-25T21:19:27.835Z] GET /exams?type=previous_year_paper - 304 (9ms)
[2026-01-25T21:19:28.156Z] GET /exams?type=previous_year_paper - 304 (10ms)
[2026-01-25T21:19:29.482Z] GET /exams/hierarchy - 403: "Forbidden resource"
[2026-01-25T21:19:29.484Z] GET /exams/hierarchy - 403 (2ms)
[2026-01-25T21:19:29.793Z] GET /exams/hierarchy - 403: "Forbidden resource"
[2026-01-25T21:19:29.795Z] GET /exams/hierarchy - 403 (3ms)
[2026-01-25T21:19:31.950Z] GET /exams?type=quiz - 500: "invalid input value for enum exam_type_enum: \"quiz\""
QueryFailedError: invalid input value for enum exam_type_enum: "quiz"
    at PostgresQueryRunner.query (C:\Users\dadim\OneDrive\Desktop\eRankUp\backend\node_modules\typeorm\driver\postgres\PostgresQueryRunner.js:216:19)
    at process.processTicksAndRejections (node:internal/process/task_queues:103:5)
    at async SelectQueryBuilder.loadRawResults (C:\Users\dadim\OneDrive\Desktop\eRankUp\backend\node_modules\typeorm\query-builder\SelectQueryBuilder.js:2231:25)
    at async SelectQueryBuilder.executeEntitiesAndRawResults (C:\Users\dadim\OneDrive\Desktop\eRankUp\backend\node_modules\typeorm\query-builder\SelectQueryBuilder.js:2079:26)
    at async SelectQueryBuilder.getRawAndEntities (C:\Users\dadim\OneDrive\Desktop\eRankUp\backend\node_modules\typeorm\query-builder\SelectQueryBuilder.js:684:29)
    at async SelectQueryBuilder.getMany (C:\Users\dadim\OneDrive\Desktop\eRankUp\backend\node_modules\typeorm\query-builder\SelectQueryBuilder.js:750:25)
    at async ExamsService.findAll (C:\Users\dadim\OneDrive\Desktop\eRankUp\backend\dist\backend\src\exams\exams.service.js:68:23)
    at async ExamsController.findAll (C:\Users\dadim\OneDrive\Desktop\eRankUp\backend\dist\backend\src\exams\exams.controller.js:43:23)
    at async C:\Users\dadim\OneDrive\Desktop\eRankUp\node_modules\@nestjs\core\router\router-execution-context.js:46:28
    at async C:\Users\dadim\OneDrive\Desktop\eRankUp\node_modules\@nestjs\core\router\router-proxy.js:9:17
[2026-01-25T21:19:31.952Z] GET /exams?type=quiz - 500 (10ms)
[2026-01-25T21:19:31.965Z] GET /exams?type=quiz - 500: "invalid input value for enum exam_type_enum: \"quiz\""
QueryFailedError: invalid input value for enum exam_type_enum: "quiz"
    at PostgresQueryRunner.query (C:\Users\dadim\OneDrive\Desktop\eRankUp\backend\node_modules\typeorm\driver\postgres\PostgresQueryRunner.js:216:19)
    at process.processTicksAndRejections (node:internal/process/task_queues:103:5)
    at async SelectQueryBuilder.loadRawResults (C:\Users\dadim\OneDrive\Desktop\eRankUp\backend\node_modules\typeorm\query-builder\SelectQueryBuilder.js:2231:25)
    at async SelectQueryBuilder.executeEntitiesAndRawResults (C:\Users\dadim\OneDrive\Desktop\eRankUp\backend\node_modules\typeorm\query-builder\SelectQueryBuilder.js:2079:26)
    at async SelectQueryBuilder.getRawAndEntities (C:\Users\dadim\OneDrive\Desktop\eRankUp\backend\node_modules\typeorm\query-builder\SelectQueryBuilder.js:684:29)
    at async SelectQueryBuilder.getMany (C:\Users\dadim\OneDrive\Desktop\eRankUp\backend\node_modules\typeorm\query-builder\SelectQueryBuilder.js:750:25)
    at async ExamsService.findAll (C:\Users\dadim\OneDrive\Desktop\eRankUp\backend\dist\backend\src\exams\exams.service.js:68:23)
    at async ExamsController.findAll (C:\Users\dadim\OneDrive\Desktop\eRankUp\backend\dist\backend\src\exams\exams.controller.js:43:23)
    at async C:\Users\dadim\OneDrive\Desktop\eRankUp\node_modules\@nestjs\core\router\router-execution-context.js:46:28
    at async C:\Users\dadim\OneDrive\Desktop\eRankUp\node_modules\@nestjs\core\router\router-proxy.js:9:17
[2026-01-25T21:19:31.967Z] GET /exams?type=quiz - 500 (9ms)
[2026-01-25T21:19:36.111Z] GET /exams/performance/trend - 200 (7ms)
[2026-01-25T21:19:36.131Z] GET /exams/user/stats - 304 (23ms)
[2026-01-25T21:19:36.409Z] GET /adaptive/mastery - 304 (7ms)
[2026-01-25T21:19:36.429Z] GET /exams/performance/trend - 304 (6ms)
[2026-01-25T21:19:36.443Z] GET /exams/user/stats - 304 (5ms)
[2026-01-25T21:19:36.937Z] GET /adaptive/mastery - 304 (7ms)
[2026-01-25T21:19:43.941Z] GET /passes - 304 (4ms)
[2026-01-25T21:19:44.147Z] GET /passes - 304 (4ms)
[2026-01-25T21:19:48.476Z] GET /users/saved-questions - 200 (5ms)
[2026-01-25T21:19:48.486Z] GET /users/saved-questions - 304 (4ms)
[2026-01-25T21:20:15.438Z] GET /admin/notifications/my - 304 (15ms)
[2026-01-25T21:21:15.968Z] GET /admin/notifications/my - 304 (15ms)
[2026-01-25T21:22:15.430Z] GET /admin/notifications/my - 304 (17ms)
[2026-01-25T21:23:16.266Z] GET /admin/notifications/my - 304 (15ms)
[2026-01-25T21:24:36.265Z] GET /admin/notifications/my - 304 (14ms)
[2026-01-25T21:25:15.125Z] GET /admin/notifications/my - 304 (15ms)
[2026-01-25T21:25:48.267Z] GET /users/profile - 304 (23ms)
[2026-01-25T21:25:48.277Z] GET /users/profile - 304 (4ms)
[2026-01-25T21:25:53.623Z] GET /passes/my-pass - 200 (6ms)
[2026-01-25T21:25:53.879Z] GET /passes/my-pass - 200 (4ms)
[2026-01-25T21:26:15.126Z] GET /admin/notifications/my - 304 (17ms)
[2026-01-25T21:27:16.273Z] GET /admin/notifications/my - 304 (14ms)
[2026-01-25T21:29:13.277Z] GET /admin/notifications/my - 304 (16ms)
[2026-01-25T21:30:13.551Z] GET /passes/current - 200 (20ms)
[2026-01-25T21:30:13.557Z] GET /exams/user/stats - 304 (24ms)
[2026-01-25T21:30:13.845Z] GET /exams/user/recent - 304 (13ms)
[2026-01-25T21:30:13.866Z] GET /passes/current - 200 (5ms)
[2026-01-25T21:30:13.876Z] GET /exams/user/stats - 304 (7ms)
[2026-01-25T21:30:14.161Z] GET /exams/user/recent - 304 (10ms)
[2026-01-25T21:30:15.419Z] GET /admin/notifications/my - 304 (4ms)
[2026-01-25T21:30:15.698Z] GET /exams?type=live_exam - 304 (11ms)
[2026-01-25T21:30:15.713Z] GET /exams?type=live_exam - 304 (9ms)
[2026-01-25T21:30:17.945Z] GET /exams/hierarchy - 403: "Forbidden resource"
[2026-01-25T21:30:17.947Z] GET /exams/hierarchy - 403 (2ms)
[2026-01-25T21:30:17.954Z] GET /exams/hierarchy - 403: "Forbidden resource"
[2026-01-25T21:30:17.956Z] GET /exams/hierarchy - 403 (2ms)
[2026-01-25T21:30:18.383Z] GET /exams?type=previous_year_paper - 304 (11ms)
[2026-01-25T21:30:18.600Z] GET /exams?type=previous_year_paper - 304 (12ms)
[2026-01-25T21:30:30.179Z] GET /passes/current - 200 (19ms)
[2026-01-25T21:30:30.473Z] GET /exams/user/stats - 304 (9ms)
[2026-01-25T21:30:30.493Z] GET /exams/user/recent - 304 (27ms)
[2026-01-25T21:30:30.495Z] GET /passes/current - 200 (5ms)
[2026-01-25T21:30:30.785Z] GET /exams/user/stats - 304 (6ms)
[2026-01-25T21:30:30.812Z] GET /exams/user/recent - 304 (11ms)
[2026-01-25T21:30:41.581Z] GET /users/saved-questions - 304 (19ms)
[2026-01-25T21:30:41.776Z] GET /users/saved-questions - 304 (5ms)
[2026-01-25T21:31:15.955Z] GET /admin/notifications/my - 304 (13ms)
[2026-01-25T21:32:15.128Z] GET /admin/notifications/my - 304 (18ms)
[2026-01-25T21:32:15.776Z] GET /passes/current - 200 (7ms)
[2026-01-25T21:32:16.084Z] GET /exams/user/stats - 304 (8ms)
[2026-01-25T21:32:16.095Z] GET /passes/current - 200 (6ms)
[2026-01-25T21:32:16.109Z] GET /exams/user/recent - 304 (31ms)
[2026-01-25T21:32:16.401Z] GET /exams/user/stats - 304 (8ms)
[2026-01-25T21:32:16.428Z] GET /exams/user/recent - 304 (10ms)
[2026-01-25T21:33:16.281Z] GET /admin/notifications/my - 304 (14ms)
[2026-01-25T21:35:13.262Z] GET /admin/notifications/my - 304 (14ms)
[2026-01-25T21:35:47.869Z] GET /exams?type=real_exam - 304 (23ms)
[2026-01-25T21:35:47.885Z] GET /exams?type=real_exam - 304 (10ms)
[2026-01-25T21:35:56.679Z] GET /passes/current - 200 (6ms)
[2026-01-25T21:35:56.879Z] GET /exams/user/stats - 304 (7ms)
[2026-01-25T21:35:56.997Z] GET /exams/user/recent - 304 (15ms)
[2026-01-25T21:35:57.010Z] GET /passes/current - 200 (23ms)
[2026-01-25T21:35:57.013Z] GET /exams/user/stats - 304 (25ms)
[2026-01-25T21:35:57.207Z] GET /exams/user/recent - 304 (12ms)
[2026-01-25T21:35:58.218Z] GET /exams?type=live_exam - 304 (12ms)
[2026-01-25T21:35:58.539Z] GET /exams?type=live_exam - 304 (10ms)
[2026-01-25T21:36:00.020Z] GET /exams?type=previous_year_paper - 304 (10ms)
[2026-01-25T21:36:00.348Z] GET /exams?type=previous_year_paper - 304 (10ms)
[2026-01-25T21:36:01.635Z] GET /exams/hierarchy - 403: "Forbidden resource"
[2026-01-25T21:36:01.637Z] GET /exams/hierarchy - 403 (2ms)
[2026-01-25T21:36:01.643Z] GET /exams/hierarchy - 403: "Forbidden resource"
[2026-01-25T21:36:01.646Z] GET /exams/hierarchy - 403 (3ms)
[2026-01-25T21:36:04.175Z] GET /exams/performance/trend - 304 (7ms)
[2026-01-25T21:36:04.181Z] GET /exams/user/stats - 304 (10ms)
[2026-01-25T21:36:04.474Z] GET /adaptive/mastery - 304 (6ms)
[2026-01-25T21:36:04.487Z] GET /exams/performance/trend - 304 (6ms)
[2026-01-25T21:36:04.499Z] GET /exams/user/stats - 304 (6ms)
[2026-01-25T21:36:04.786Z] GET /adaptive/mastery - 304 (5ms)
[2026-01-25T21:36:06.344Z] GET /passes - 304 (4ms)
[2026-01-25T21:36:06.353Z] GET /passes - 304 (4ms)
[2026-01-25T21:36:15.127Z] GET /admin/notifications/my - 304 (4ms)
[2026-01-25T21:36:21.188Z] GET /users/saved-questions - 304 (4ms)
[2026-01-25T21:36:21.405Z] GET /users/saved-questions - 304 (5ms)
[2026-01-25T21:36:33.124Z] GET /passes/current - 200 (16ms)
[2026-01-25T21:36:33.425Z] GET /exams/user/stats - 304 (7ms)
[2026-01-25T21:36:33.442Z] GET /passes/current - 200 (6ms)
[2026-01-25T21:36:33.446Z] GET /exams/user/recent - 304 (26ms)
[2026-01-25T21:36:33.746Z] GET /exams/user/stats - 304 (6ms)
[2026-01-25T21:36:33.765Z] GET /exams/user/recent - 304 (12ms)
[2026-01-25T21:36:43.461Z] GET /exams/attempts/cc6a5329-7193-469b-9cd9-02f492c49fbf - 304 (22ms)
[2026-01-25T21:36:43.495Z] GET /analytics/attempt/cc6a5329-7193-469b-9cd9-02f492c49fbf - 304 (49ms)
[2026-01-25T21:36:43.799Z] GET /analytics/percentile/exam/cc6a5329-7193-469b-9cd9-02f492c49fbf - 400: "No attempts found for this exam"
[2026-01-25T21:36:43.801Z] GET /analytics/percentile/exam/cc6a5329-7193-469b-9cd9-02f492c49fbf - 400 (12ms)
[2026-01-25T21:36:43.821Z] GET /analytics/patterns - 304 (30ms)
[2026-01-25T21:36:43.829Z] GET /exams/attempts/cc6a5329-7193-469b-9cd9-02f492c49fbf - 304 (26ms)
[2026-01-25T21:36:43.852Z] GET /analytics/attempt/cc6a5329-7193-469b-9cd9-02f492c49fbf - 304 (21ms)
[2026-01-25T21:36:44.117Z] GET /analytics/percentile/exam/cc6a5329-7193-469b-9cd9-02f492c49fbf - 400: "No attempts found for this exam"
[2026-01-25T21:36:44.119Z] GET /analytics/percentile/exam/cc6a5329-7193-469b-9cd9-02f492c49fbf - 400 (5ms)
[2026-01-25T21:36:44.144Z] GET /analytics/patterns - 304 (16ms)
[2026-01-25T21:37:01.617Z] GET /exams/attempts/cc6a5329-7193-469b-9cd9-02f492c49fbf - 304 (30ms)
[2026-01-25T21:37:01.641Z] GET /exams/attempts/cc6a5329-7193-469b-9cd9-02f492c49fbf - 304 (17ms)
[2026-01-25T21:37:01.952Z] GET /users/saved-questions/a9dd92de-a078-423d-b55b-e7ff2fac2547/status - 304 (4ms)
[2026-01-25T21:37:02.262Z] GET /users/saved-questions/a9dd92de-a078-423d-b55b-e7ff2fac2547/status - 304 (3ms)
[2026-01-25T21:37:12.411Z] GET /exams?type=live_exam - 304 (23ms)
[2026-01-25T21:37:12.730Z] GET /exams?type=live_exam - 304 (12ms)
[2026-01-25T21:37:14.407Z] GET /exams?type=previous_year_paper - 304 (10ms)
[2026-01-25T21:37:14.745Z] GET /exams?type=previous_year_paper - 304 (11ms)
[2026-01-25T21:37:15.453Z] GET /admin/notifications/my - 304 (4ms)
[2026-01-25T21:37:15.517Z] GET /exams/hierarchy - 403: "Forbidden resource"
[2026-01-25T21:37:15.519Z] GET /exams/hierarchy - 403 (2ms)
[2026-01-25T21:37:15.831Z] GET /exams/hierarchy - 403: "Forbidden resource"
[2026-01-25T21:37:15.833Z] GET /exams/hierarchy - 403 (3ms)
[2026-01-25T21:37:19.314Z] GET /exams/performance/trend - 304 (6ms)
[2026-01-25T21:37:19.335Z] GET /exams/user/stats - 304 (24ms)
[2026-01-25T21:37:19.617Z] GET /adaptive/mastery - 304 (5ms)
[2026-01-25T21:37:19.630Z] GET /exams/performance/trend - 304 (7ms)
[2026-01-25T21:37:19.659Z] GET /exams/user/stats - 304 (6ms)
[2026-01-25T21:37:19.933Z] GET /adaptive/mastery - 304 (5ms)
[2026-01-25T21:37:21.252Z] GET /exams?type=quiz - 500: "invalid input value for enum exam_type_enum: \"quiz\""
QueryFailedError: invalid input value for enum exam_type_enum: "quiz"
    at PostgresQueryRunner.query (C:\Users\dadim\OneDrive\Desktop\eRankUp\backend\node_modules\typeorm\driver\postgres\PostgresQueryRunner.js:216:19)
    at process.processTicksAndRejections (node:internal/process/task_queues:103:5)
    at async SelectQueryBuilder.loadRawResults (C:\Users\dadim\OneDrive\Desktop\eRankUp\backend\node_modules\typeorm\query-builder\SelectQueryBuilder.js:2231:25)
    at async SelectQueryBuilder.executeEntitiesAndRawResults (C:\Users\dadim\OneDrive\Desktop\eRankUp\backend\node_modules\typeorm\query-builder\SelectQueryBuilder.js:2079:26)
    at async SelectQueryBuilder.getRawAndEntities (C:\Users\dadim\OneDrive\Desktop\eRankUp\backend\node_modules\typeorm\query-builder\SelectQueryBuilder.js:684:29)
    at async SelectQueryBuilder.getMany (C:\Users\dadim\OneDrive\Desktop\eRankUp\backend\node_modules\typeorm\query-builder\SelectQueryBuilder.js:750:25)
    at async ExamsService.findAll (C:\Users\dadim\OneDrive\Desktop\eRankUp\backend\dist\backend\src\exams\exams.service.js:68:23)
    at async ExamsController.findAll (C:\Users\dadim\OneDrive\Desktop\eRankUp\backend\dist\backend\src\exams\exams.controller.js:43:23)
    at async C:\Users\dadim\OneDrive\Desktop\eRankUp\node_modules\@nestjs\core\router\router-execution-context.js:46:28
    at async C:\Users\dadim\OneDrive\Desktop\eRankUp\node_modules\@nestjs\core\router\router-proxy.js:9:17
[2026-01-25T21:37:21.254Z] GET /exams?type=quiz - 500 (9ms)
[2026-01-25T21:37:21.512Z] GET /exams?type=quiz - 500: "invalid input value for enum exam_type_enum: \"quiz\""
QueryFailedError: invalid input value for enum exam_type_enum: "quiz"
    at PostgresQueryRunner.query (C:\Users\dadim\OneDrive\Desktop\eRankUp\backend\node_modules\typeorm\driver\postgres\PostgresQueryRunner.js:216:19)
    at process.processTicksAndRejections (node:internal/process/task_queues:103:5)
    at async SelectQueryBuilder.loadRawResults (C:\Users\dadim\OneDrive\Desktop\eRankUp\backend\node_modules\typeorm\query-builder\SelectQueryBuilder.js:2231:25)
    at async SelectQueryBuilder.executeEntitiesAndRawResults (C:\Users\dadim\OneDrive\Desktop\eRankUp\backend\node_modules\typeorm\query-builder\SelectQueryBuilder.js:2079:26)
    at async SelectQueryBuilder.getRawAndEntities (C:\Users\dadim\OneDrive\Desktop\eRankUp\backend\node_modules\typeorm\query-builder\SelectQueryBuilder.js:684:29)
    at async SelectQueryBuilder.getMany (C:\Users\dadim\OneDrive\Desktop\eRankUp\backend\node_modules\typeorm\query-builder\SelectQueryBuilder.js:750:25)
    at async ExamsService.findAll (C:\Users\dadim\OneDrive\Desktop\eRankUp\backend\dist\backend\src\exams\exams.service.js:68:23)
    at async ExamsController.findAll (C:\Users\dadim\OneDrive\Desktop\eRankUp\backend\dist\backend\src\exams\exams.controller.js:43:23)
    at async C:\Users\dadim\OneDrive\Desktop\eRankUp\node_modules\@nestjs\core\router\router-execution-context.js:46:28
    at async C:\Users\dadim\OneDrive\Desktop\eRankUp\node_modules\@nestjs\core\router\router-proxy.js:9:17
[2026-01-25T21:37:21.515Z] GET /exams?type=quiz - 500 (11ms)
[2026-01-25T21:37:22.556Z] GET /passes - 304 (5ms)
[2026-01-25T21:37:22.867Z] GET /passes - 304 (4ms)
[2026-01-25T21:37:25.393Z] GET /users/saved-questions - 304 (5ms)
[2026-01-25T21:37:25.708Z] GET /users/saved-questions - 304 (4ms)
[2026-01-25T21:37:38.010Z] GET /passes/current - 200 (17ms)
[2026-01-25T21:37:38.195Z] GET /exams/user/stats - 304 (8ms)
[2026-01-25T21:37:38.314Z] GET /exams/user/recent - 304 (11ms)
[2026-01-25T21:37:38.326Z] GET /exams/user/stats - 304 (6ms)
[2026-01-25T21:37:38.330Z] GET /passes/current - 200 (22ms)
[2026-01-25T21:37:38.522Z] GET /exams/user/recent - 304 (14ms)
[2026-01-25T21:38:15.961Z] GET /admin/notifications/my - 304 (16ms)
[2026-01-25T21:39:15.429Z] GET /admin/notifications/my - 304 (16ms)
[2026-01-26T04:02:29.917Z] POST /auth/login - 200 (156ms)
[2026-01-26T04:02:31.167Z] GET /analytics/overview - 200 (27ms)
[2026-01-26T04:02:31.179Z] GET /analytics/overview - 304 (5ms)
[2026-01-26T04:02:31.209Z] GET /admin/system/health - 200 (2ms)
[2026-01-26T04:02:31.513Z] GET /admin/system/api-usage - 304 (1ms)
[2026-01-26T04:02:31.521Z] GET /admin/system/health - 200 (2ms)
[2026-01-26T04:02:31.826Z] GET /admin/system/api-usage - 304 (1ms)
[2026-01-26T04:02:43.354Z] GET /admin/exams - 404: "Cannot GET /admin/exams"
[2026-01-26T04:02:43.356Z] GET /admin/exams - 404 (4ms)
[2026-01-26T04:02:43.364Z] GET /admin/exams - 404: "Cannot GET /admin/exams"
[2026-01-26T04:02:43.366Z] GET /admin/exams - 404 (3ms)
[2026-01-26T04:02:45.957Z] GET /exams - 304 (82ms)
[2026-01-26T04:02:45.992Z] GET /exams - 304 (9ms)
[2026-01-26T04:02:51.165Z] GET /admin/exams - 404: "Cannot GET /admin/exams"
[2026-01-26T04:02:51.167Z] GET /admin/exams - 404 (2ms)
[2026-01-26T04:02:51.173Z] GET /admin/exams - 404: "Cannot GET /admin/exams"
[2026-01-26T04:02:51.175Z] GET /admin/exams - 404 (2ms)
[2026-01-26T04:02:54.733Z] GET /exams/questions/global - 200 (34ms)
[2026-01-26T04:02:54.760Z] GET /exams/questions/global - 304 (20ms)
[2026-01-26T04:02:58.305Z] GET /exams/hierarchy?type=question_bank - 304 (12ms)
[2026-01-26T04:02:58.319Z] GET /exams/hierarchy?type=question_bank - 304 (8ms)
[2026-01-26T04:03:04.781Z] GET /exams?type=previous_year_paper - 200 (11ms)
[2026-01-26T04:03:04.796Z] GET /exams?type=previous_year_paper - 304 (8ms)
[2026-01-26T04:03:16.577Z] GET /explanations - 304 (25ms)
[2026-01-26T04:03:16.585Z] GET /explanations/admin/stats - 304 (31ms)
[2026-01-26T04:03:16.893Z] GET /explanations - 304 (8ms)
[2026-01-26T04:03:16.903Z] GET /explanations/admin/stats - 304 (7ms)
[2026-01-26T04:03:25.185Z] GET /analytics/overview - 304 (3ms)
[2026-01-26T04:03:25.254Z] GET /admin/system/health - 200 (1ms)
[2026-01-26T04:03:25.257Z] GET /analytics/overview - 304 (5ms)
[2026-01-26T04:03:25.519Z] GET /admin/system/api-usage - 304 (1ms)
[2026-01-26T04:03:25.573Z] GET /admin/system/health - 200 (2ms)
[2026-01-26T04:03:25.829Z] GET /admin/system/api-usage - 304 (1ms)
[2026-01-26T04:04:01.607Z] POST /auth/login - 401: "Invalid credentials"
[2026-01-26T04:04:01.609Z] POST /auth/login - 401 (19ms)
[2026-01-26T04:04:13.588Z] POST /auth/login - 401: "Invalid credentials"
[2026-01-26T04:04:13.590Z] POST /auth/login - 401 (16ms)
[2026-01-26T04:21:12.550Z] POST /auth/login - 200 (152ms)
[2026-01-26T04:21:14.645Z] GET /analytics/overview - 304 (19ms)
[2026-01-26T04:21:14.656Z] GET /analytics/overview - 304 (3ms)
[2026-01-26T04:21:14.822Z] GET /admin/system/health - 200 (2ms)
[2026-01-26T04:21:14.989Z] GET /admin/system/api-usage - 304 (1ms)
[2026-01-26T04:21:14.993Z] GET /admin/system/health - 200 (2ms)
[2026-01-26T04:21:15.136Z] GET /admin/system/api-usage - 304 (1ms)
[2026-01-26T04:21:30.454Z] GET /admin/notifications/my - 304 (29ms)
[2026-01-26T04:21:30.458Z] GET /exams/user/stats - 200 (26ms)
[2026-01-26T04:21:30.460Z] GET /exams/user/recent - 200 (24ms)
[2026-01-26T04:21:30.463Z] GET /passes/current - 200 (35ms)
[2026-01-26T04:21:30.469Z] GET /admin/notifications/my - 304 (3ms)
[2026-01-26T04:21:30.475Z] GET /exams/user/stats - 304 (4ms)
[2026-01-26T04:21:30.775Z] GET /exams/user/recent - 304 (9ms)
[2026-01-26T04:21:30.781Z] GET /passes/current - 200 (4ms)
[2026-01-26T04:21:41.792Z] GET /exams?type=real_exam - 200 (34ms)
[2026-01-26T04:21:41.810Z] GET /exams?type=real_exam - 304 (8ms)
[2026-01-26T04:21:44.003Z] GET /passes/current - 200 (5ms)
[2026-01-26T04:21:44.019Z] GET /exams/user/stats - 304 (19ms)
[2026-01-26T04:21:44.022Z] GET /exams/user/recent - 304 (21ms)
[2026-01-26T04:21:44.251Z] GET /passes/current - 200 (4ms)
[2026-01-26T04:21:44.319Z] GET /exams/user/stats - 304 (4ms)
[2026-01-26T04:21:44.329Z] GET /exams/user/recent - 304 (4ms)
[2026-01-26T04:21:46.023Z] GET /analytics/overview - 304 (2ms)
[2026-01-26T04:21:46.336Z] GET /analytics/overview - 304 (2ms)
[2026-01-26T04:21:46.356Z] GET /admin/system/health - 200 (1ms)
[2026-01-26T04:21:46.359Z] GET /admin/system/api-usage - 304 (1ms)
[2026-01-26T04:21:46.605Z] GET /admin/system/health - 200 (1ms)
[2026-01-26T04:21:46.667Z] GET /admin/system/api-usage - 304 (0ms)
[2026-01-26T04:21:55.042Z] GET /users - 200 (16ms)
[2026-01-26T04:21:55.176Z] GET /users - 304 (4ms)
[2026-01-26T04:22:12.823Z] GET /auth/google - 302 (1ms)
[2026-01-26T04:22:19.194Z] GET /auth/google/callback?code=4%2F0ASc3gC3NvoqXhHnEkf22BV1EsxTUBR4Zfn2PF8BSXPtR5W8YRt5_Mh7NjaYle4iqEQYHOA&scope=email+profile+https%3A%2F%2Fwww.googleapis.com%2Fauth%2Fuserinfo.email+openid+https%3A%2F%2Fwww.googleapis.com%2Fauth%2Fuserinfo.profile&authuser=1&prompt=none - 302 (564ms)
[2026-01-26T04:22:21.287Z] GET /admin/notifications/my - 304 (4ms)
[2026-01-26T04:22:21.295Z] GET /passes/current - 200 (5ms)
[2026-01-26T04:22:21.318Z] GET /exams/user/stats - 200 (24ms)
[2026-01-26T04:22:21.349Z] GET /exams/user/recent - 200 (10ms)
[2026-01-26T04:22:21.402Z] GET /admin/notifications/my - 304 (4ms)
[2026-01-26T04:22:21.446Z] GET /passes/current - 200 (4ms)
[2026-01-26T04:22:21.606Z] GET /exams/user/stats - 304 (6ms)
[2026-01-26T04:22:21.685Z] GET /exams/user/recent - 304 (10ms)
[2026-01-26T04:23:22.564Z] GET /admin/notifications/my - 304 (14ms)
[2026-01-26T04:24:22.250Z] GET /admin/notifications/my - 304 (14ms)
[2026-01-26T04:25:22.245Z] GET /admin/notifications/my - 304 (14ms)
[2026-01-26T04:25:47.637Z] GET /admin/notifications/my - 304 (20ms)
[2026-01-26T04:25:47.640Z] GET /passes/current - 200 (21ms)
[2026-01-26T04:25:47.655Z] GET /exams/user/stats - 304 (24ms)
[2026-01-26T04:25:47.659Z] GET /exams/user/recent - 304 (27ms)
[2026-01-26T04:25:47.718Z] GET /admin/notifications/my - 304 (3ms)
[2026-01-26T04:25:47.724Z] GET /passes/current - 200 (4ms)
[2026-01-26T04:25:48.008Z] GET /exams/user/stats - 304 (7ms)
[2026-01-26T04:25:48.013Z] GET /exams/user/recent - 304 (10ms)
[2026-01-26T04:26:06.738Z] GET /exams?type=real_exam - 200 (26ms)
[2026-01-26T04:26:06.754Z] GET /exams?type=real_exam - 304 (9ms)
[2026-01-26T04:26:10.714Z] GET /exams?type=live_exam - 304 (13ms)
[2026-01-26T04:26:10.729Z] GET /exams?type=live_exam - 304 (9ms)
[2026-01-26T04:26:15.693Z] GET /exams?type=previous_year_paper - 200 (15ms)
[2026-01-26T04:26:15.709Z] GET /exams?type=previous_year_paper - 304 (9ms)
[2026-01-26T04:26:19.309Z] GET /exams/hierarchy - 403: "Forbidden resource"
[2026-01-26T04:26:19.311Z] GET /exams/hierarchy - 403 (3ms)
[2026-01-26T04:26:19.318Z] GET /exams/hierarchy - 403: "Forbidden resource"
[2026-01-26T04:26:19.320Z] GET /exams/hierarchy - 403 (2ms)
[2026-01-26T04:26:26.374Z] GET /exams?type=quiz - 500: "invalid input value for enum exam_type_enum: \"quiz\""
QueryFailedError: invalid input value for enum exam_type_enum: "quiz"
    at PostgresQueryRunner.query (C:\Users\dadim\OneDrive\Desktop\eRankUp\backend\node_modules\typeorm\driver\postgres\PostgresQueryRunner.js:216:19)
    at process.processTicksAndRejections (node:internal/process/task_queues:103:5)
    at async SelectQueryBuilder.loadRawResults (C:\Users\dadim\OneDrive\Desktop\eRankUp\backend\node_modules\typeorm\query-builder\SelectQueryBuilder.js:2231:25)
    at async SelectQueryBuilder.executeEntitiesAndRawResults (C:\Users\dadim\OneDrive\Desktop\eRankUp\backend\node_modules\typeorm\query-builder\SelectQueryBuilder.js:2079:26)
    at async SelectQueryBuilder.getRawAndEntities (C:\Users\dadim\OneDrive\Desktop\eRankUp\backend\node_modules\typeorm\query-builder\SelectQueryBuilder.js:684:29)
    at async SelectQueryBuilder.getMany (C:\Users\dadim\OneDrive\Desktop\eRankUp\backend\node_modules\typeorm\query-builder\SelectQueryBuilder.js:750:25)
    at async ExamsService.findAll (C:\Users\dadim\OneDrive\Desktop\eRankUp\backend\dist\backend\src\exams\exams.service.js:68:23)
    at async ExamsController.findAll (C:\Users\dadim\OneDrive\Desktop\eRankUp\backend\dist\backend\src\exams\exams.controller.js:43:23)
[2026-01-26T04:26:26.378Z] GET /exams?type=quiz - 500 (37ms)
[2026-01-26T04:26:26.386Z] GET /exams?type=quiz - 500: "invalid input value for enum exam_type_enum: \"quiz\""
QueryFailedError: invalid input value for enum exam_type_enum: "quiz"
    at PostgresQueryRunner.query (C:\Users\dadim\OneDrive\Desktop\eRankUp\backend\node_modules\typeorm\driver\postgres\PostgresQueryRunner.js:216:19)
    at process.processTicksAndRejections (node:internal/process/task_queues:103:5)
    at async SelectQueryBuilder.loadRawResults (C:\Users\dadim\OneDrive\Desktop\eRankUp\backend\node_modules\typeorm\query-builder\SelectQueryBuilder.js:2231:25)
    at async SelectQueryBuilder.executeEntitiesAndRawResults (C:\Users\dadim\OneDrive\Desktop\eRankUp\backend\node_modules\typeorm\query-builder\SelectQueryBuilder.js:2079:26)
    at async SelectQueryBuilder.getRawAndEntities (C:\Users\dadim\OneDrive\Desktop\eRankUp\backend\node_modules\typeorm\query-builder\SelectQueryBuilder.js:684:29)
    at async SelectQueryBuilder.getMany (C:\Users\dadim\OneDrive\Desktop\eRankUp\backend\node_modules\typeorm\query-builder\SelectQueryBuilder.js:750:25)
    at async ExamsService.findAll (C:\Users\dadim\OneDrive\Desktop\eRankUp\backend\dist\backend\src\exams\exams.service.js:68:23)
    at async ExamsController.findAll (C:\Users\dadim\OneDrive\Desktop\eRankUp\backend\dist\backend\src\exams\exams.controller.js:43:23)
[2026-01-26T04:26:26.388Z] GET /exams?type=quiz - 500 (6ms)
[2026-01-26T04:26:48.551Z] GET /admin/notifications/my - 304 (12ms)
[2026-01-26T04:27:19.596Z] GET /exams/performance/trend - 304 (21ms)
[2026-01-26T04:27:19.604Z] GET /exams/user/stats - 304 (25ms)
[2026-01-26T04:27:19.606Z] GET /adaptive/mastery - 304 (25ms)
[2026-01-26T04:27:19.609Z] GET /exams/performance/trend - 304 (7ms)
[2026-01-26T04:27:19.618Z] GET /exams/user/stats - 304 (7ms)
[2026-01-26T04:27:19.925Z] GET /adaptive/mastery - 304 (5ms)
[2026-01-26T04:27:27.991Z] GET /passes - 304 (4ms)
[2026-01-26T04:27:27.999Z] GET /passes - 304 (2ms)
[2026-01-26T04:27:47.928Z] GET /admin/notifications/my - 304 (17ms)
[2026-01-26T04:27:50.782Z] GET /users/saved-questions - 200 (7ms)
[2026-01-26T04:27:50.835Z] GET /users/saved-questions - 304 (4ms)
[2026-01-26T04:28:14.607Z] GET /users/saved-questions - 304 (16ms)
[2026-01-26T04:28:14.855Z] GET /users/saved-questions - 304 (3ms)
[2026-01-26T04:28:48.248Z] GET /admin/notifications/my - 304 (12ms)
[2026-01-26T04:29:10.318Z] GET /exams?type=real_exam - 304 (23ms)
[2026-01-26T04:29:10.639Z] GET /exams?type=real_exam - 304 (7ms)
[2026-01-26T04:29:14.039Z] GET /exams/performance/trend - 304 (6ms)
[2026-01-26T04:29:14.353Z] GET /exams/user/stats - 304 (6ms)
[2026-01-26T04:29:14.370Z] GET /exams/performance/trend - 304 (18ms)
[2026-01-26T04:29:14.372Z] GET /adaptive/mastery - 304 (22ms)
[2026-01-26T04:29:14.672Z] GET /exams/user/stats - 304 (8ms)
[2026-01-26T04:29:14.683Z] GET /adaptive/mastery - 304 (5ms)
[2026-01-26T04:29:22.547Z] GET /exams/attempts/cc6a5329-7193-469b-9cd9-02f492c49fbf - 200 (19ms)
[2026-01-26T04:29:22.568Z] GET /exams/attempts/cc6a5329-7193-469b-9cd9-02f492c49fbf - 304 (14ms)
[2026-01-26T04:29:22.899Z] GET /users/saved-questions/a9dd92de-a078-423d-b55b-e7ff2fac2547/status - 304 (3ms)
[2026-01-26T04:29:23.140Z] GET /users/saved-questions/a9dd92de-a078-423d-b55b-e7ff2fac2547/status - 304 (3ms)
[2026-01-26T04:29:35.939Z] GET /users/saved-questions/55292297-87a1-4c84-838c-4d80fe29c11a/status - 304 (15ms)
[2026-01-26T04:29:39.662Z] GET /users/saved-questions/92478de5-37aa-4815-814d-bd3d66e96f30/status - 304 (3ms)
[2026-01-26T04:29:47.618Z] GET /admin/notifications/my - 304 (4ms)
[2026-01-26T04:30:22.692Z] GET /users/saved-questions - 304 (18ms)
[2026-01-26T04:30:22.887Z] GET /users/saved-questions - 304 (5ms)
[2026-01-26T04:30:26.240Z] GET /passes/current - 200 (4ms)
[2026-01-26T04:30:26.550Z] GET /exams/user/stats - 304 (9ms)
[2026-01-26T04:30:26.564Z] GET /exams/user/recent - 304 (22ms)
[2026-01-26T04:30:26.566Z] GET /passes/current - 200 (18ms)
[2026-01-26T04:30:26.865Z] GET /exams/user/stats - 304 (7ms)
[2026-01-26T04:30:26.880Z] GET /exams/user/recent - 304 (8ms)
[2026-01-26T04:30:28.697Z] GET /exams/performance/trend - 304 (5ms)
[2026-01-26T04:30:28.703Z] GET /exams/user/stats - 304 (9ms)
[2026-01-26T04:30:29.003Z] GET /adaptive/mastery - 304 (4ms)
[2026-01-26T04:30:29.009Z] GET /exams/performance/trend - 304 (5ms)
[2026-01-26T04:30:29.018Z] GET /exams/user/stats - 304 (4ms)
[2026-01-26T04:30:29.321Z] GET /adaptive/mastery - 304 (5ms)
[2026-01-26T04:30:48.543Z] GET /admin/notifications/my - 304 (14ms)
[2026-01-26T04:30:55.139Z] GET /passes/current - 200 (4ms)
[2026-01-26T04:30:55.454Z] GET /exams/user/stats - 304 (8ms)
[2026-01-26T04:30:55.467Z] GET /exams/user/recent - 304 (20ms)
[2026-01-26T04:30:55.469Z] GET /passes/current - 200 (17ms)
[2026-01-26T04:30:55.769Z] GET /exams/user/stats - 304 (7ms)
[2026-01-26T04:30:55.782Z] GET /exams/user/recent - 304 (8ms)
[2026-01-26T04:31:48.566Z] GET /admin/notifications/my - 304 (14ms)
[2026-01-26T04:33:11.557Z] GET /admin/notifications/my - 304 (15ms)
[2026-01-26T04:33:21.712Z] GET /exams?type=real_exam - 304 (21ms)
[2026-01-26T04:33:22.026Z] GET /exams?type=real_exam - 304 (8ms)
[2026-01-26T04:33:24.897Z] GET /exams/performance/trend - 304 (4ms)
[2026-01-26T04:33:25.212Z] GET /exams/user/stats - 304 (7ms)
[2026-01-26T04:33:25.222Z] GET /adaptive/mastery - 304 (16ms)
[2026-01-26T04:33:25.228Z] GET /exams/performance/trend - 304 (18ms)
[2026-01-26T04:33:25.524Z] GET /exams/user/stats - 304 (6ms)
[2026-01-26T04:33:25.534Z] GET /adaptive/mastery - 304 (4ms)
[2026-01-26T04:33:30.870Z] GET /exams/attempts/cc6a5329-7193-469b-9cd9-02f492c49fbf - 304 (16ms)
[2026-01-26T04:33:30.974Z] GET /exams/attempts/cc6a5329-7193-469b-9cd9-02f492c49fbf - 304 (11ms)
[2026-01-26T04:33:31.182Z] GET /users/saved-questions/a9dd92de-a078-423d-b55b-e7ff2fac2547/status - 304 (3ms)
[2026-01-26T04:33:31.199Z] GET /users/saved-questions/a9dd92de-a078-423d-b55b-e7ff2fac2547/status - 304 (3ms)
[2026-01-26T04:33:37.576Z] GET /admin/notifications/my - 304 (4ms)
[2026-01-26T04:33:37.600Z] GET /exams/attempts/cc6a5329-7193-469b-9cd9-02f492c49fbf - 304 (15ms)
[2026-01-26T04:33:37.693Z] GET /admin/notifications/my - 304 (3ms)
[2026-01-26T04:33:37.717Z] GET /exams/attempts/cc6a5329-7193-469b-9cd9-02f492c49fbf - 304 (15ms)
[2026-01-26T04:33:37.734Z] GET /users/saved-questions/a9dd92de-a078-423d-b55b-e7ff2fac2547/status - 304 (22ms)
[2026-01-26T04:33:37.742Z] GET /users/saved-questions/a9dd92de-a078-423d-b55b-e7ff2fac2547/status - 304 (2ms)
[2026-01-26T04:34:38.565Z] GET /admin/notifications/my - 304 (13ms)
[2026-01-26T04:35:43.080Z] GET /auth/google - 302 (5ms)
[2026-01-26T04:35:48.779Z] GET /auth/google/callback?code=4%2F0ASc3gC2cGiXeiO2UJUN11ihW7pyMP_DEn9bnzbs1grlWE0skOQFHIuzxmgnvt1V_b44nug&scope=email+profile+https%3A%2F%2Fwww.googleapis.com%2Fauth%2Fuserinfo.email+https%3A%2F%2Fwww.googleapis.com%2Fauth%2Fuserinfo.profile+openid&authuser=1&prompt=none - 302 (598ms)
[2026-01-26T04:35:52.134Z] GET /admin/notifications/my - 304 (27ms)
[2026-01-26T04:35:52.158Z] GET /passes/current - 200 (42ms)
[2026-01-26T04:35:52.166Z] GET /exams/user/stats - 304 (43ms)
[2026-01-26T04:35:52.171Z] GET /exams/user/recent - 304 (43ms)
[2026-01-26T04:35:52.235Z] GET /admin/notifications/my - 304 (4ms)
[2026-01-26T04:35:52.250Z] GET /passes/current - 200 (4ms)
[2026-01-26T04:35:52.559Z] GET /exams/user/stats - 304 (13ms)
[2026-01-26T04:35:52.567Z] GET /exams/user/recent - 304 (18ms)
[2026-01-26T04:36:00.350Z] GET /exams/performance/trend - 304 (6ms)
[2026-01-26T04:36:00.355Z] GET /exams/user/stats - 304 (9ms)
[2026-01-26T04:36:00.645Z] GET /adaptive/mastery - 304 (5ms)
[2026-01-26T04:36:00.684Z] GET /exams/performance/trend - 304 (6ms)
[2026-01-26T04:36:00.689Z] GET /exams/user/stats - 304 (9ms)
[2026-01-26T04:36:00.961Z] GET /adaptive/mastery - 304 (5ms)
[2026-01-26T04:36:08.058Z] GET /exams/attempts/cc6a5329-7193-469b-9cd9-02f492c49fbf - 304 (22ms)
[2026-01-26T04:36:08.090Z] GET /exams/attempts/cc6a5329-7193-469b-9cd9-02f492c49fbf - 304 (17ms)
[2026-01-26T04:36:08.288Z] GET /users/saved-questions/a9dd92de-a078-423d-b55b-e7ff2fac2547/status - 304 (4ms)
[2026-01-26T04:36:08.375Z] GET /users/saved-questions/a9dd92de-a078-423d-b55b-e7ff2fac2547/status - 304 (4ms)
[2026-01-26T04:36:52.242Z] GET /admin/notifications/my - 304 (15ms)
[2026-01-26T04:37:52.554Z] GET /admin/notifications/my - 304 (14ms)
[2026-01-26T04:38:52.252Z] GET /admin/notifications/my - 304 (15ms)
[2026-01-26T04:39:52.557Z] GET /admin/notifications/my - 304 (15ms)
[2026-01-26T04:40:52.250Z] GET /admin/notifications/my - 304 (15ms)
[2026-01-26T04:41:52.559Z] GET /admin/notifications/my - 304 (15ms)
[2026-01-26T04:43:11.567Z] GET /admin/notifications/my - 304 (15ms)
[2026-01-26T04:44:11.238Z] GET /admin/notifications/my - 304 (14ms)
[2026-01-26T04:45:11.562Z] GET /admin/notifications/my - 304 (15ms)
[2026-01-26T04:46:11.243Z] GET /admin/notifications/my - 304 (13ms)
[2026-01-26T04:47:11.559Z] GET /admin/notifications/my - 304 (13ms)
[2026-01-26T04:48:11.249Z] GET /admin/notifications/my - 304 (15ms)
[2026-01-26T04:49:11.556Z] GET /admin/notifications/my - 304 (15ms)
[2026-01-26T04:50:11.242Z] GET /admin/notifications/my - 304 (14ms)
[2026-01-26T04:51:11.563Z] GET /admin/notifications/my - 304 (13ms)
[2026-01-26T04:52:11.246Z] GET /admin/notifications/my - 304 (15ms)
[2026-01-26T04:53:11.565Z] GET /admin/notifications/my - 304 (13ms)
[2026-01-26T04:54:11.246Z] GET /admin/notifications/my - 304 (14ms)
[2026-01-26T04:55:11.553Z] GET /admin/notifications/my - 304 (13ms)
[2026-01-26T04:56:11.246Z] GET /admin/notifications/my - 304 (14ms)
[2026-01-26T04:57:11.565Z] GET /admin/notifications/my - 304 (15ms)
[2026-01-26T04:58:11.250Z] GET /admin/notifications/my - 304 (14ms)
[2026-01-26T04:59:11.547Z] GET /admin/notifications/my - 304 (13ms)
[2026-01-26T05:00:11.244Z] GET /admin/notifications/my - 304 (13ms)
[2026-01-26T05:01:11.570Z] GET /admin/notifications/my - 304 (14ms)
[2026-01-26T05:02:11.242Z] GET /admin/notifications/my - 304 (13ms)
[2026-01-26T05:03:11.557Z] GET /admin/notifications/my - 304 (14ms)
[2026-01-26T05:04:11.254Z] GET /admin/notifications/my - 304 (15ms)
[2026-01-26T05:05:11.568Z] GET /admin/notifications/my - 304 (14ms)
[2026-01-26T05:06:11.246Z] GET /admin/notifications/my - 304 (14ms)
[2026-01-26T05:07:11.563Z] GET /admin/notifications/my - 304 (14ms)
[2026-01-26T05:08:11.250Z] GET /admin/notifications/my - 304 (14ms)
[2026-01-26T05:09:11.555Z] GET /admin/notifications/my - 304 (13ms)
[2026-01-26T05:10:11.244Z] GET /admin/notifications/my - 304 (14ms)
[2026-01-26T05:11:11.562Z] GET /admin/notifications/my - 304 (14ms)
[2026-01-26T05:12:11.240Z] GET /admin/notifications/my - 304 (14ms)
[2026-01-26T05:13:11.560Z] GET /admin/notifications/my - 304 (15ms)
[2026-01-26T05:14:11.241Z] GET /admin/notifications/my - 304 (15ms)
[2026-01-26T05:15:11.568Z] GET /admin/notifications/my - 304 (14ms)
[2026-01-26T05:16:11.238Z] GET /admin/notifications/my - 304 (13ms)
[2026-01-26T05:17:11.558Z] GET /admin/notifications/my - 304 (15ms)
[2026-01-26T05:18:11.242Z] GET /admin/notifications/my - 304 (14ms)
[2026-01-26T05:19:11.560Z] GET /admin/notifications/my - 304 (14ms)
[2026-01-26T05:20:11.243Z] GET /admin/notifications/my - 304 (14ms)
[2026-01-26T05:21:11.564Z] GET /admin/notifications/my - 304 (14ms)
[2026-01-26T05:25:54.486Z] GET /admin/notifications/my - 304 (16ms)
[2026-01-26T05:26:10.683Z] GET /admin/notifications/my - 304 (16ms)
[2026-01-26T05:26:10.708Z] GET /exams/attempts/cc6a5329-7193-469b-9cd9-02f492c49fbf - 304 (29ms)
[2026-01-26T05:26:10.795Z] GET /admin/notifications/my - 304 (3ms)
[2026-01-26T05:26:10.816Z] GET /exams/attempts/cc6a5329-7193-469b-9cd9-02f492c49fbf - 304 (13ms)
[2026-01-26T05:26:10.819Z] GET /users/saved-questions/a9dd92de-a078-423d-b55b-e7ff2fac2547/status - 304 (9ms)
[2026-01-26T05:26:10.842Z] GET /users/saved-questions/a9dd92de-a078-423d-b55b-e7ff2fac2547/status - 304 (3ms)
[2026-01-26T05:26:20.357Z] GET /passes/current - 200 (5ms)
[2026-01-26T05:26:20.359Z] GET /exams/user/stats - 304 (6ms)
[2026-01-26T05:26:20.658Z] GET /exams/user/recent - 304 (6ms)
[2026-01-26T05:26:20.669Z] GET /passes/current - 200 (5ms)
[2026-01-26T05:26:20.674Z] GET /exams/user/stats - 304 (7ms)
[2026-01-26T05:26:20.974Z] GET /exams/user/recent - 304 (9ms)
[2026-01-26T05:26:40.636Z] GET /exams?type=real_exam - 304 (27ms)
[2026-01-26T05:26:40.648Z] GET /exams?type=real_exam - 304 (7ms)
[2026-01-26T05:26:46.762Z] GET /exams/ea974100-c6ab-42a4-bdbb-e68493548c25/my-attempts - 200 (6ms)
[2026-01-26T05:26:46.785Z] GET /exams/ea974100-c6ab-42a4-bdbb-e68493548c25 - 200 (31ms)
[2026-01-26T05:26:47.076Z] GET /exams/ea974100-c6ab-42a4-bdbb-e68493548c25/my-attempts - 304 (5ms)
[2026-01-26T05:26:47.097Z] GET /exams/ea974100-c6ab-42a4-bdbb-e68493548c25 - 200 (4ms)
[2026-01-26T05:26:57.806Z] GET /exams/models/ea974100-c6ab-42a4-bdbb-e68493548c25 - 200 (16ms)
[2026-01-26T05:26:57.815Z] GET /exams/models/ea974100-c6ab-42a4-bdbb-e68493548c25 - 200 (3ms)
[2026-01-26T05:26:58.132Z] GET /exams/ea974100-c6ab-42a4-bdbb-e68493548c25 - 304 (2ms)
[2026-01-26T05:26:58.468Z] GET /exams/ea974100-c6ab-42a4-bdbb-e68493548c25 - 304 (20ms)
[2026-01-26T05:26:58.474Z] POST /test-session/start - 201 (25ms)
[2026-01-26T05:26:58.705Z] POST /test-session/start - 201 (6ms)
[2026-01-26T05:27:10.652Z] POST /test-session/ea974100-c6ab-42a4-bdbb-e68493548c25/sync - 201 (4ms)
[2026-01-26T05:27:15.010Z] POST /test-session/ea974100-c6ab-42a4-bdbb-e68493548c25/flag - 201 (4ms)
[2026-01-26T05:27:15.269Z] POST /test-session/ea974100-c6ab-42a4-bdbb-e68493548c25/sync - 201 (3ms)
[2026-01-26T05:27:18.619Z] POST /test-session/ea974100-c6ab-42a4-bdbb-e68493548c25/flag - 201 (3ms)
[2026-01-26T05:27:18.936Z] POST /test-session/ea974100-c6ab-42a4-bdbb-e68493548c25/sync - 201 (3ms)
[2026-01-26T05:27:49.388Z] POST /test-session/ea974100-c6ab-42a4-bdbb-e68493548c25/sync - 201 (3ms)
[2026-01-26T05:27:52.162Z] POST /test-session/ea974100-c6ab-42a4-bdbb-e68493548c25/sync - 201 (4ms)
[2026-01-26T05:27:56.710Z] POST /test-session/ea974100-c6ab-42a4-bdbb-e68493548c25/flag - 201 (4ms)
[2026-01-26T05:27:57.024Z] POST /test-session/ea974100-c6ab-42a4-bdbb-e68493548c25/sync - 201 (4ms)
[2026-01-26T05:28:00.088Z] POST /test-session/ea974100-c6ab-42a4-bdbb-e68493548c25/sync - 201 (4ms)
[2026-01-26T05:28:05.776Z] POST /test-session/ea974100-c6ab-42a4-bdbb-e68493548c25/sync - 201 (4ms)
[2026-01-26T05:28:15.079Z] POST /test-session/ea974100-c6ab-42a4-bdbb-e68493548c25/sync - 201 (4ms)
[2026-01-26T05:28:21.838Z] POST /test-session/ea974100-c6ab-42a4-bdbb-e68493548c25/submit - 201 (153ms)
[2026-01-26T05:28:25.020Z] GET /admin/notifications/my - 304 (7ms)
[2026-01-26T05:28:25.035Z] GET /exams/attempts/df846971-0f29-4df7-b613-9d0421165d82 - 200 (19ms)
[2026-01-26T05:28:25.326Z] GET /analytics/percentile/exam/df846971-0f29-4df7-b613-9d0421165d82 - 400: "No attempts found for this exam"
[2026-01-26T05:28:25.327Z] GET /analytics/percentile/exam/df846971-0f29-4df7-b613-9d0421165d82 - 400 (6ms)
[2026-01-26T05:28:25.342Z] GET /analytics/patterns - 200 (20ms)
[2026-01-26T05:28:25.344Z] GET /analytics/attempt/df846971-0f29-4df7-b613-9d0421165d82 - 200 (26ms)
[2026-01-26T05:28:25.346Z] GET /admin/notifications/my - 304 (12ms)
[2026-01-26T05:28:25.364Z] GET /exams/attempts/df846971-0f29-4df7-b613-9d0421165d82 - 304 (15ms)
[2026-01-26T05:28:25.644Z] GET /analytics/percentile/exam/df846971-0f29-4df7-b613-9d0421165d82 - 400: "No attempts found for this exam"
[2026-01-26T05:28:25.646Z] GET /analytics/percentile/exam/df846971-0f29-4df7-b613-9d0421165d82 - 400 (5ms)
[2026-01-26T05:28:25.667Z] GET /analytics/patterns - 304 (11ms)
[2026-01-26T05:28:25.675Z] GET /analytics/attempt/df846971-0f29-4df7-b613-9d0421165d82 - 304 (18ms)
[2026-01-26T05:28:31.075Z] GET /exams/attempts/df846971-0f29-4df7-b613-9d0421165d82 - 304 (12ms)
[2026-01-26T05:28:31.162Z] GET /exams/attempts/df846971-0f29-4df7-b613-9d0421165d82 - 304 (12ms)
[2026-01-26T05:28:31.392Z] GET /users/saved-questions/a9dd92de-a078-423d-b55b-e7ff2fac2547/status - 304 (3ms)
[2026-01-26T05:28:31.402Z] GET /users/saved-questions/a9dd92de-a078-423d-b55b-e7ff2fac2547/status - 304 (3ms)
[2026-01-26T05:28:46.483Z] GET /exams/attempts/df846971-0f29-4df7-b613-9d0421165d82 - 304 (26ms)
[2026-01-26T05:28:46.784Z] GET /analytics/attempt/df846971-0f29-4df7-b613-9d0421165d82 - 304 (14ms)
[2026-01-26T05:28:46.793Z] GET /analytics/percentile/exam/df846971-0f29-4df7-b613-9d0421165d82 - 400: "No attempts found for this exam"
[2026-01-26T05:28:46.795Z] GET /analytics/percentile/exam/df846971-0f29-4df7-b613-9d0421165d82 - 400 (23ms)
[2026-01-26T05:28:46.806Z] GET /exams/attempts/df846971-0f29-4df7-b613-9d0421165d82 - 304 (15ms)
[2026-01-26T05:28:46.812Z] GET /analytics/patterns - 304 (38ms)
[2026-01-26T05:28:47.107Z] GET /analytics/attempt/df846971-0f29-4df7-b613-9d0421165d82 - 304 (8ms)
[2026-01-26T05:28:47.116Z] GET /analytics/percentile/exam/df846971-0f29-4df7-b613-9d0421165d82 - 400: "No attempts found for this exam"
[2026-01-26T05:28:47.118Z] GET /analytics/percentile/exam/df846971-0f29-4df7-b613-9d0421165d82 - 400 (4ms)
[2026-01-26T05:28:47.132Z] GET /analytics/patterns - 304 (9ms)
[2026-01-26T05:29:25.338Z] GET /admin/notifications/my - 304 (16ms)
[2026-01-26T05:30:25.029Z] GET /admin/notifications/my - 304 (14ms)
[2026-01-26T05:31:13.456Z] GET /passes/current - 200 (19ms)
[2026-01-26T05:31:13.459Z] GET /exams/user/stats - 200 (20ms)
[2026-01-26T05:31:13.746Z] GET /exams/user/recent - 200 (8ms)
[2026-01-26T05:31:13.768Z] GET /passes/current - 200 (5ms)
[2026-01-26T05:31:13.777Z] GET /exams/user/stats - 304 (5ms)
[2026-01-26T05:31:14.063Z] GET /exams/user/recent - 304 (7ms)
[2026-01-26T05:31:19.247Z] GET /exams?type=real_exam - 200 (9ms)
[2026-01-26T05:31:19.440Z] GET /exams?type=real_exam - 304 (10ms)
[2026-01-26T05:31:25.460Z] GET /admin/notifications/my - 304 (3ms)
[2026-01-26T05:31:26.869Z] GET /exams?type=previous_year_paper - 304 (12ms)
[2026-01-26T05:31:26.937Z] GET /exams?type=previous_year_paper - 304 (7ms)
[2026-01-26T05:31:32.916Z] GET /exams/hierarchy - 403: "Forbidden resource"
[2026-01-26T05:31:32.917Z] GET /exams/hierarchy - 403 (2ms)
[2026-01-26T05:31:32.922Z] GET /exams/hierarchy - 403: "Forbidden resource"
[2026-01-26T05:31:32.924Z] GET /exams/hierarchy - 403 (3ms)
[2026-01-26T05:31:52.365Z] GET /passes - 304 (14ms)
[2026-01-26T05:31:52.373Z] GET /passes - 304 (2ms)
[2026-01-26T05:32:09.298Z] GET /users/saved-questions - 200 (16ms)
[2026-01-26T05:32:09.309Z] GET /users/saved-questions - 304 (4ms)
[2026-01-26T05:32:25.329Z] GET /admin/notifications/my - 304 (14ms)
[2026-01-26T05:32:36.453Z] GET /exams?type=live_exam - 304 (24ms)
[2026-01-26T05:32:36.542Z] GET /exams?type=live_exam - 304 (7ms)
[2026-01-26T05:32:43.608Z] GET /exams/hierarchy - 403: "Forbidden resource"
[2026-01-26T05:32:43.610Z] GET /exams/hierarchy - 403 (2ms)
[2026-01-26T05:32:43.616Z] GET /exams/hierarchy - 403: "Forbidden resource"
[2026-01-26T05:32:43.618Z] GET /exams/hierarchy - 403 (2ms)
[2026-01-26T05:32:49.328Z] GET /exams/user/stats - 304 (17ms)
[2026-01-26T05:32:49.332Z] GET /exams/performance/trend - 200 (22ms)
[2026-01-26T05:32:49.614Z] GET /adaptive/mastery - 304 (4ms)
[2026-01-26T05:32:49.648Z] GET /exams/performance/trend - 304 (5ms)
[2026-01-26T05:32:49.651Z] GET /exams/user/stats - 304 (9ms)
[2026-01-26T05:32:49.926Z] GET /adaptive/mastery - 304 (4ms)
[2026-01-26T05:33:25.331Z] GET /admin/notifications/my - 304 (17ms)
[2026-01-26T05:33:51.422Z] GET /users/profile - 304 (15ms)
[2026-01-26T05:33:51.490Z] GET /users/profile - 304 (2ms)
[2026-01-26T05:34:18.188Z] GET /passes/current - 200 (18ms)
[2026-01-26T05:34:18.195Z] GET /exams/user/recent - 304 (23ms)
[2026-01-26T05:34:18.198Z] GET /exams/user/stats - 304 (25ms)
[2026-01-26T05:34:18.499Z] GET /passes/current - 200 (4ms)
[2026-01-26T05:34:18.515Z] GET /exams/user/recent - 304 (7ms)
[2026-01-26T05:34:18.517Z] GET /exams/user/stats - 304 (7ms)
[2026-01-26T05:34:25.335Z] GET /admin/notifications/my - 304 (3ms)
[2026-01-26T05:34:30.804Z] GET /adaptive/learning-path - 200 (22ms)
[2026-01-26T05:34:30.920Z] GET /adaptive/learning-path - 200 (16ms)
[2026-01-26T05:35:06.222Z] POST /adaptive/start-session - 201 (34ms)
[2026-01-26T05:35:07.917Z] GET /test-session/adaptive-1769405706219-8766 - 500: "invalid input syntax for type uuid: \"adaptive-1769405706219-8766\""
QueryFailedError: invalid input syntax for type uuid: "adaptive-1769405706219-8766"
    at PostgresQueryRunner.query (C:\Users\dadim\OneDrive\Desktop\eRankUp\backend\node_modules\typeorm\driver\postgres\PostgresQueryRunner.js:216:19)
    at process.processTicksAndRejections (node:internal/process/task_queues:103:5)
    at async SelectQueryBuilder.loadRawResults (C:\Users\dadim\OneDrive\Desktop\eRankUp\backend\node_modules\typeorm\query-builder\SelectQueryBuilder.js:2231:25)
    at async SelectQueryBuilder.getRawMany (C:\Users\dadim\OneDrive\Desktop\eRankUp\backend\node_modules\typeorm\query-builder\SelectQueryBuilder.js:646:29)
    at async SelectQueryBuilder.executeEntitiesAndRawResults (C:\Users\dadim\OneDrive\Desktop\eRankUp\backend\node_modules\typeorm\query-builder\SelectQueryBuilder.js:2018:26)
    at async SelectQueryBuilder.getRawAndEntities (C:\Users\dadim\OneDrive\Desktop\eRankUp\backend\node_modules\typeorm\query-builder\SelectQueryBuilder.js:684:29)
    at async SelectQueryBuilder.getOne (C:\Users\dadim\OneDrive\Desktop\eRankUp\backend\node_modules\typeorm\query-builder\SelectQueryBuilder.js:711:25)
    at async ExamsService.findModel (C:\Users\dadim\OneDrive\Desktop\eRankUp\backend\dist\backend\src\exams\exams.service.js:123:23)
    at async PremiumGuard.canActivate (C:\Users\dadim\OneDrive\Desktop\eRankUp\backend\dist\backend\src\payments\guards\premium.guard.js:34:23)
    at async GuardsConsumer.tryActivate (C:\Users\dadim\OneDrive\Desktop\eRankUp\node_modules\@nestjs\core\guards\guards-consumer.js:16:17)
[2026-01-26T05:35:07.920Z] GET /test-session/adaptive-1769405706219-8766 - 500 (7ms)
[2026-01-26T05:35:07.929Z] GET /test-session/adaptive-1769405706219-8766 - 500: "invalid input syntax for type uuid: \"adaptive-1769405706219-8766\""
QueryFailedError: invalid input syntax for type uuid: "adaptive-1769405706219-8766"
    at PostgresQueryRunner.query (C:\Users\dadim\OneDrive\Desktop\eRankUp\backend\node_modules\typeorm\driver\postgres\PostgresQueryRunner.js:216:19)
    at process.processTicksAndRejections (node:internal/process/task_queues:103:5)
    at async SelectQueryBuilder.loadRawResults (C:\Users\dadim\OneDrive\Desktop\eRankUp\backend\node_modules\typeorm\query-builder\SelectQueryBuilder.js:2231:25)
    at async SelectQueryBuilder.getRawMany (C:\Users\dadim\OneDrive\Desktop\eRankUp\backend\node_modules\typeorm\query-builder\SelectQueryBuilder.js:646:29)
    at async SelectQueryBuilder.executeEntitiesAndRawResults (C:\Users\dadim\OneDrive\Desktop\eRankUp\backend\node_modules\typeorm\query-builder\SelectQueryBuilder.js:2018:26)
    at async SelectQueryBuilder.getRawAndEntities (C:\Users\dadim\OneDrive\Desktop\eRankUp\backend\node_modules\typeorm\query-builder\SelectQueryBuilder.js:684:29)
    at async SelectQueryBuilder.getOne (C:\Users\dadim\OneDrive\Desktop\eRankUp\backend\node_modules\typeorm\query-builder\SelectQueryBuilder.js:711:25)
    at async ExamsService.findModel (C:\Users\dadim\OneDrive\Desktop\eRankUp\backend\dist\backend\src\exams\exams.service.js:123:23)
    at async PremiumGuard.canActivate (C:\Users\dadim\OneDrive\Desktop\eRankUp\backend\dist\backend\src\payments\guards\premium.guard.js:34:23)
    at async GuardsConsumer.tryActivate (C:\Users\dadim\OneDrive\Desktop\eRankUp\node_modules\@nestjs\core\guards\guards-consumer.js:16:17)
[2026-01-26T05:35:07.931Z] GET /test-session/adaptive-1769405706219-8766 - 500 (5ms)
[2026-01-26T05:35:12.573Z] GET /admin/notifications/my - 304 (3ms)
[2026-01-26T05:35:12.601Z] GET /adaptive/learning-path - 200 (30ms)
[2026-01-26T05:35:12.828Z] GET /admin/notifications/my - 304 (4ms)
[2026-01-26T05:35:12.899Z] GET /adaptive/learning-path - 200 (13ms)
[2026-01-26T05:35:23.564Z] GET /passes/current - 200 (15ms)
[2026-01-26T05:35:23.871Z] GET /exams/user/stats - 304 (7ms)
[2026-01-26T05:35:23.880Z] GET /passes/current - 200 (2ms)
[2026-01-26T05:35:23.891Z] GET /exams/user/recent - 304 (25ms)
[2026-01-26T05:35:24.197Z] GET /exams/user/stats - 304 (5ms)
[2026-01-26T05:35:24.210Z] GET /exams/user/recent - 304 (7ms)
[2026-01-26T05:35:51.887Z] GET /exams/attempts/cc6a5329-7193-469b-9cd9-02f492c49fbf - 200 (29ms)
[2026-01-26T05:35:51.891Z] GET /analytics/attempt/cc6a5329-7193-469b-9cd9-02f492c49fbf - 200 (31ms)
[2026-01-26T05:35:52.165Z] GET /analytics/percentile/exam/cc6a5329-7193-469b-9cd9-02f492c49fbf - 400: "No attempts found for this exam"
[2026-01-26T05:35:52.166Z] GET /analytics/percentile/exam/cc6a5329-7193-469b-9cd9-02f492c49fbf - 400 (5ms)
[2026-01-26T05:35:52.174Z] GET /analytics/patterns - 304 (12ms)
[2026-01-26T05:35:52.212Z] GET /exams/attempts/cc6a5329-7193-469b-9cd9-02f492c49fbf - 304 (11ms)
[2026-01-26T05:35:52.218Z] GET /analytics/attempt/cc6a5329-7193-469b-9cd9-02f492c49fbf - 304 (14ms)
[2026-01-26T05:35:52.490Z] GET /analytics/percentile/exam/cc6a5329-7193-469b-9cd9-02f492c49fbf - 400: "No attempts found for this exam"
[2026-01-26T05:35:52.492Z] GET /analytics/percentile/exam/cc6a5329-7193-469b-9cd9-02f492c49fbf - 400 (5ms)
[2026-01-26T05:35:52.501Z] GET /analytics/patterns - 304 (13ms)
[2026-01-26T05:35:58.834Z] GET /exams?type=live_exam - 304 (8ms)
[2026-01-26T05:35:58.847Z] GET /exams?type=live_exam - 304 (8ms)
[2026-01-26T05:36:04.207Z] GET /exams?type=previous_year_paper - 304 (8ms)
[2026-01-26T05:36:04.221Z] GET /exams?type=previous_year_paper - 304 (8ms)
[2026-01-26T05:36:11.731Z] GET /exams/hierarchy - 403: "Forbidden resource"
[2026-01-26T05:36:11.732Z] GET /exams/hierarchy - 403 (2ms)
[2026-01-26T05:36:11.738Z] GET /exams/hierarchy - 403: "Forbidden resource"
[2026-01-26T05:36:11.740Z] GET /exams/hierarchy - 403 (3ms)
[2026-01-26T05:36:12.567Z] GET /admin/notifications/my - 304 (3ms)
[2026-01-26T05:36:19.242Z] GET /exams?type=quiz - 500: "invalid input value for enum exam_type_enum: \"quiz\""
QueryFailedError: invalid input value for enum exam_type_enum: "quiz"
    at PostgresQueryRunner.query (C:\Users\dadim\OneDrive\Desktop\eRankUp\backend\node_modules\typeorm\driver\postgres\PostgresQueryRunner.js:216:19)
    at process.processTicksAndRejections (node:internal/process/task_queues:103:5)
    at async SelectQueryBuilder.loadRawResults (C:\Users\dadim\OneDrive\Desktop\eRankUp\backend\node_modules\typeorm\query-builder\SelectQueryBuilder.js:2231:25)
    at async SelectQueryBuilder.executeEntitiesAndRawResults (C:\Users\dadim\OneDrive\Desktop\eRankUp\backend\node_modules\typeorm\query-builder\SelectQueryBuilder.js:2079:26)
    at async SelectQueryBuilder.getRawAndEntities (C:\Users\dadim\OneDrive\Desktop\eRankUp\backend\node_modules\typeorm\query-builder\SelectQueryBuilder.js:684:29)
    at async SelectQueryBuilder.getMany (C:\Users\dadim\OneDrive\Desktop\eRankUp\backend\node_modules\typeorm\query-builder\SelectQueryBuilder.js:750:25)
    at async ExamsService.findAll (C:\Users\dadim\OneDrive\Desktop\eRankUp\backend\dist\backend\src\exams\exams.service.js:68:23)
    at async ExamsController.findAll (C:\Users\dadim\OneDrive\Desktop\eRankUp\backend\dist\backend\src\exams\exams.controller.js:43:23)
[2026-01-26T05:36:19.244Z] GET /exams?type=quiz - 500 (7ms)
[2026-01-26T05:36:19.321Z] GET /exams?type=quiz - 500: "invalid input value for enum exam_type_enum: \"quiz\""
QueryFailedError: invalid input value for enum exam_type_enum: "quiz"
    at PostgresQueryRunner.query (C:\Users\dadim\OneDrive\Desktop\eRankUp\backend\node_modules\typeorm\driver\postgres\PostgresQueryRunner.js:216:19)
    at process.processTicksAndRejections (node:internal/process/task_queues:103:5)
    at async SelectQueryBuilder.loadRawResults (C:\Users\dadim\OneDrive\Desktop\eRankUp\backend\node_modules\typeorm\query-builder\SelectQueryBuilder.js:2231:25)
    at async SelectQueryBuilder.executeEntitiesAndRawResults (C:\Users\dadim\OneDrive\Desktop\eRankUp\backend\node_modules\typeorm\query-builder\SelectQueryBuilder.js:2079:26)
    at async SelectQueryBuilder.getRawAndEntities (C:\Users\dadim\OneDrive\Desktop\eRankUp\backend\node_modules\typeorm\query-builder\SelectQueryBuilder.js:684:29)
    at async SelectQueryBuilder.getMany (C:\Users\dadim\OneDrive\Desktop\eRankUp\backend\node_modules\typeorm\query-builder\SelectQueryBuilder.js:750:25)
    at async ExamsService.findAll (C:\Users\dadim\OneDrive\Desktop\eRankUp\backend\dist\backend\src\exams\exams.service.js:68:23)
    at async ExamsController.findAll (C:\Users\dadim\OneDrive\Desktop\eRankUp\backend\dist\backend\src\exams\exams.controller.js:43:23)
[2026-01-26T05:36:19.323Z] GET /exams?type=quiz - 500 (5ms)
[2026-01-26T05:36:24.197Z] GET /exams/performance/trend - 304 (5ms)
[2026-01-26T05:36:24.209Z] GET /exams/performance/trend - 304 (5ms)
[2026-01-26T05:36:24.220Z] GET /adaptive/mastery - 304 (25ms)
[2026-01-26T05:36:24.226Z] GET /exams/user/stats - 304 (32ms)
[2026-01-26T05:36:24.541Z] GET /adaptive/mastery - 304 (4ms)
[2026-01-26T05:36:24.546Z] GET /exams/user/stats - 304 (8ms)
[2026-01-26T05:37:12.580Z] GET /admin/notifications/my - 304 (15ms)
[2026-01-26T05:38:12.275Z] GET /admin/notifications/my - 304 (15ms)
[2026-01-26T05:38:21.129Z] GET /passes - 304 (3ms)
[2026-01-26T05:38:21.138Z] GET /passes - 304 (4ms)
[2026-01-26T05:38:54.540Z] POST /passes/create-order - 400: "Use PaymentsService.createPassOrder for paid passes"
[2026-01-26T05:38:54.542Z] POST /passes/create-order - 400 (18ms)
[2026-01-26T05:39:05.510Z] POST /passes/create-order - 201 (24ms)
[2026-01-26T05:39:08.610Z] GET /passes/current - 200 (9ms)
[2026-01-26T05:39:08.629Z] GET /exams/user/stats - 304 (25ms)
[2026-01-26T05:39:08.906Z] GET /exams/user/recent - 304 (8ms)
[2026-01-26T05:39:08.925Z] GET /passes/current - 304 (6ms)
[2026-01-26T05:39:08.953Z] GET /exams/user/stats - 304 (5ms)
[2026-01-26T05:39:09.231Z] GET /exams/user/recent - 304 (7ms)
[2026-01-26T05:39:12.560Z] GET /admin/notifications/my - 304 (4ms)
[2026-01-26T05:39:30.101Z] GET /adaptive/learning-path - 200 (31ms)
[2026-01-26T05:39:30.448Z] GET /adaptive/learning-path - 200 (27ms)
[2026-01-26T05:39:37.997Z] GET /passes/current - 304 (7ms)
[2026-01-26T05:39:38.011Z] GET /exams/user/stats - 304 (20ms)
[2026-01-26T05:39:38.014Z] GET /exams/user/recent - 304 (22ms)
[2026-01-26T05:39:38.238Z] GET /passes/current - 304 (6ms)
[2026-01-26T05:39:38.310Z] GET /exams/user/stats - 304 (5ms)
[2026-01-26T05:39:38.331Z] GET /exams/user/recent - 304 (7ms)
[2026-01-26T05:40:12.269Z] GET /admin/notifications/my - 304 (14ms)
[2026-01-26T05:40:19.293Z] GET /passes/current - 304 (7ms)
[2026-01-26T05:40:19.308Z] GET /exams/user/stats - 304 (20ms)
[2026-01-26T05:40:19.603Z] GET /exams/user/recent - 304 (8ms)
[2026-01-26T05:40:19.613Z] GET /passes/current - 304 (6ms)
[2026-01-26T05:40:19.625Z] GET /exams/user/stats - 304 (5ms)
[2026-01-26T05:40:19.919Z] GET /exams/user/recent - 304 (7ms)
[2026-01-26T05:41:10.764Z] GET /adaptive/learning-path - 200 (34ms)
[2026-01-26T05:41:10.968Z] GET /adaptive/learning-path - 200 (17ms)
[2026-01-26T05:41:12.264Z] GET /admin/notifications/my - 304 (4ms)
[2026-01-26T05:42:13.561Z] GET /admin/notifications/my - 304 (16ms)
[2026-01-26T05:42:47.096Z] GET /passes/current - 304 (22ms)
[2026-01-26T05:42:47.390Z] GET /exams/user/stats - 304 (9ms)
[2026-01-26T05:42:47.407Z] GET /exams/user/recent - 304 (25ms)
[2026-01-26T05:42:47.416Z] GET /passes/current - 304 (6ms)
[2026-01-26T05:42:47.703Z] GET /exams/user/stats - 304 (6ms)
[2026-01-26T05:42:47.725Z] GET /exams/user/recent - 304 (7ms)
[2026-01-26T05:43:12.584Z] GET /admin/notifications/my - 304 (15ms)
[2026-01-26T05:44:05.835Z] GET /exams?type=real_exam - 304 (25ms)
[2026-01-26T05:44:06.157Z] GET /exams?type=real_exam - 304 (9ms)
[2026-01-26T05:44:08.786Z] GET /passes/current - 304 (6ms)
[2026-01-26T05:44:09.096Z] GET /exams/user/stats - 304 (8ms)
[2026-01-26T05:44:09.104Z] GET /passes/current - 304 (6ms)
[2026-01-26T05:44:09.116Z] GET /exams/user/recent - 304 (26ms)
[2026-01-26T05:44:09.410Z] GET /exams/user/stats - 304 (6ms)
[2026-01-26T05:44:09.433Z] GET /exams/user/recent - 304 (8ms)
[2026-01-26T05:44:12.565Z] GET /admin/notifications/my - 304 (3ms)
[2026-01-26T05:44:16.166Z] GET /adaptive/learning-path - 200 (19ms)
[2026-01-26T05:44:16.501Z] GET /adaptive/learning-path - 200 (13ms)
[2026-01-26T05:44:33.213Z] GET /passes/current - 304 (21ms)
[2026-01-26T05:44:33.217Z] GET /exams/user/recent - 304 (22ms)
[2026-01-26T05:44:33.219Z] GET /exams/user/stats - 304 (26ms)
[2026-01-26T05:44:33.447Z] GET /passes/current - 304 (6ms)
[2026-01-26T05:44:33.535Z] GET /exams/user/recent - 304 (6ms)
[2026-01-26T05:44:33.537Z] GET /exams/user/stats - 304 (7ms)
[2026-01-26T05:45:07.452Z] GET /exams?type=real_exam - 304 (23ms)
[2026-01-26T05:45:07.654Z] GET /exams?type=real_exam - 304 (10ms)
[2026-01-26T05:45:12.258Z] GET /admin/notifications/my - 304 (3ms)
[2026-01-26T05:45:13.472Z] GET /passes/current - 304 (10ms)
[2026-01-26T05:45:13.484Z] GET /exams/user/stats - 304 (20ms)
[2026-01-26T05:45:13.489Z] GET /exams/user/recent - 304 (23ms)
[2026-01-26T05:45:13.718Z] GET /passes/current - 304 (7ms)
[2026-01-26T05:45:13.788Z] GET /exams/user/stats - 304 (7ms)
[2026-01-26T05:45:13.800Z] GET /exams/user/recent - 304 (8ms)
[2026-01-26T05:46:12.266Z] GET /admin/notifications/my - 304 (17ms)
[2026-01-26T05:46:49.251Z] GET /adaptive/learning-path - 200 (41ms)
[2026-01-26T05:46:49.449Z] GET /adaptive/learning-path - 200 (14ms)
[2026-01-26T05:47:12.275Z] GET /admin/notifications/my - 304 (16ms)
[2026-01-26T05:48:12.587Z] GET /admin/notifications/my - 304 (15ms)
[2026-01-26T05:49:12.271Z] GET /admin/notifications/my - 304 (16ms)
[2026-01-26T05:49:19.132Z] GET /passes/current - 304 (6ms)
[2026-01-26T05:49:19.299Z] GET /exams/user/stats - 304 (7ms)
[2026-01-26T05:49:19.445Z] GET /exams/user/recent - 304 (9ms)
[2026-01-26T05:49:19.452Z] GET /exams/user/stats - 304 (5ms)
[2026-01-26T05:49:19.459Z] GET /passes/current - 304 (21ms)
[2026-01-26T05:49:19.619Z] GET /exams/user/recent - 304 (8ms)
[2026-01-26T05:49:34.665Z] GET /adaptive/learning-path - 200 (27ms)
[2026-01-26T05:49:35.008Z] GET /adaptive/learning-path - 200 (26ms)
[2026-01-26T05:50:11.649Z] GET /passes/current - 304 (19ms)
[2026-01-26T05:50:11.824Z] GET /exams/user/stats - 304 (7ms)
[2026-01-26T05:50:11.949Z] GET /exams/user/recent - 304 (11ms)
[2026-01-26T05:50:11.962Z] GET /exams/user/stats - 304 (6ms)
[2026-01-26T05:50:11.965Z] GET /passes/current - 304 (24ms)
[2026-01-26T05:50:12.141Z] GET /exams/user/recent - 304 (7ms)
[2026-01-26T05:50:12.259Z] GET /admin/notifications/my - 304 (2ms)
[2026-01-26T05:51:12.589Z] GET /admin/notifications/my - 304 (15ms)
[2026-01-26T05:52:12.268Z] GET /admin/notifications/my - 304 (14ms)
[2026-01-26T05:52:52.073Z] GET /exams?type=real_exam - 304 (24ms)
[2026-01-26T05:52:52.257Z] GET /exams?type=real_exam - 304 (8ms)
[2026-01-26T05:52:52.954Z] GET /passes/current - 304 (7ms)
[2026-01-26T05:52:53.264Z] GET /exams/user/stats - 304 (7ms)
[2026-01-26T05:52:53.271Z] GET /passes/current - 304 (5ms)
[2026-01-26T05:52:53.282Z] GET /exams/user/recent - 304 (24ms)
[2026-01-26T05:52:53.590Z] GET /exams/user/stats - 304 (6ms)
[2026-01-26T05:52:53.598Z] GET /exams/user/recent - 304 (6ms)
[2026-01-26T05:53:13.555Z] GET /admin/notifications/my - 304 (15ms)
[2026-01-26T05:54:17.929Z] GET /admin/notifications/my - 304 (14ms)
[2026-01-26T05:54:19.648Z] GET /exams/performance/trend - 304 (7ms)
[2026-01-26T05:54:19.969Z] GET /exams/user/stats - 304 (8ms)
[2026-01-26T05:54:19.980Z] GET /exams/performance/trend - 304 (16ms)
[2026-01-26T05:54:19.983Z] GET /adaptive/mastery - 304 (21ms)
[2026-01-26T05:54:20.285Z] GET /exams/user/stats - 304 (7ms)
[2026-01-26T05:54:20.296Z] GET /adaptive/mastery - 304 (4ms)
[2026-01-26T05:54:28.315Z] GET /exams/attempts/df846971-0f29-4df7-b613-9d0421165d82 - 304 (14ms)
[2026-01-26T05:54:28.334Z] GET /exams/attempts/df846971-0f29-4df7-b613-9d0421165d82 - 304 (13ms)
[2026-01-26T05:54:28.658Z] GET /users/saved-questions/a9dd92de-a078-423d-b55b-e7ff2fac2547/status - 304 (3ms)
[2026-01-26T05:54:28.974Z] GET /users/saved-questions/a9dd92de-a078-423d-b55b-e7ff2fac2547/status - 304 (3ms)
[2026-01-26T05:55:13.244Z] GET /admin/notifications/my - 304 (14ms)
[2026-01-26T05:56:12.588Z] GET /admin/notifications/my - 304 (15ms)
[2026-01-26T05:56:12.715Z] GET /passes/current - 304 (6ms)
[2026-01-26T05:56:12.833Z] GET /exams/user/stats - 304 (7ms)
[2026-01-26T05:56:13.040Z] GET /exams/user/recent - 304 (12ms)
[2026-01-26T05:56:13.053Z] GET /exams/user/stats - 304 (21ms)
[2026-01-26T05:56:13.055Z] GET /passes/current - 304 (25ms)
[2026-01-26T05:56:13.155Z] GET /exams/user/recent - 304 (9ms)
[2026-01-26T05:57:13.251Z] GET /admin/notifications/my - 304 (14ms)
[2026-01-26T05:59:11.545Z] GET /admin/notifications/my - 304 (13ms)
[2026-01-26T06:01:11.554Z] GET /admin/notifications/my - 304 (14ms)
[2026-01-26T06:03:11.561Z] GET /admin/notifications/my - 304 (14ms)
[2026-01-26T06:05:11.554Z] GET /admin/notifications/my - 304 (14ms)
[2026-01-26T06:05:38.557Z] GET /admin/notifications/my - 304 (23ms)
[2026-01-26T06:05:38.567Z] GET /passes/current - 304 (30ms)
[2026-01-26T06:05:38.569Z] GET /exams/user/stats - 304 (29ms)
[2026-01-26T06:05:38.573Z] GET /exams/user/recent - 304 (31ms)
[2026-01-26T06:05:38.647Z] GET /admin/notifications/my - 304 (3ms)
[2026-01-26T06:05:38.659Z] GET /passes/current - 304 (6ms)
[2026-01-26T06:05:38.918Z] GET /exams/user/stats - 304 (7ms)
[2026-01-26T06:05:38.922Z] GET /exams/user/recent - 304 (9ms)
[2026-01-26T06:06:39.548Z] GET /admin/notifications/my - 304 (14ms)
[2026-01-26T06:07:39.250Z] GET /admin/notifications/my - 304 (14ms)
[2026-01-26T06:08:39.545Z] GET /admin/notifications/my - 304 (14ms)
[2026-01-26T06:08:51.536Z] GET /exams?type=real_exam - 304 (23ms)
[2026-01-26T06:08:51.854Z] GET /exams?type=real_exam - 304 (9ms)
[2026-01-26T06:08:54.991Z] GET /exams/performance/trend - 304 (3ms)
[2026-01-26T06:08:55.010Z] GET /exams/user/stats - 304 (21ms)
[2026-01-26T06:08:55.295Z] GET /adaptive/mastery - 304 (4ms)
[2026-01-26T06:08:55.307Z] GET /exams/performance/trend - 304 (5ms)
[2026-01-26T06:08:55.334Z] GET /exams/user/stats - 304 (5ms)
[2026-01-26T06:08:55.611Z] GET /adaptive/mastery - 304 (5ms)
[2026-01-26T06:08:58.004Z] GET /exams/attempts/df846971-0f29-4df7-b613-9d0421165d82 - 304 (17ms)
[2026-01-26T06:08:58.069Z] GET /exams/attempts/df846971-0f29-4df7-b613-9d0421165d82 - 304 (11ms)
[2026-01-26T06:08:58.323Z] GET /users/saved-questions/a9dd92de-a078-423d-b55b-e7ff2fac2547/status - 304 (3ms)
[2026-01-26T06:08:58.332Z] GET /users/saved-questions/a9dd92de-a078-423d-b55b-e7ff2fac2547/status - 304 (4ms)
[2026-01-26T06:09:03.535Z] GET /admin/notifications/my - 304 (6ms)
[2026-01-26T06:09:03.547Z] GET /exams/attempts/df846971-0f29-4df7-b613-9d0421165d82 - 304 (16ms)
[2026-01-26T06:09:03.646Z] GET /admin/notifications/my - 304 (3ms)
[2026-01-26T06:09:03.664Z] GET /exams/attempts/df846971-0f29-4df7-b613-9d0421165d82 - 304 (12ms)
[2026-01-26T06:09:03.671Z] GET /users/saved-questions/a9dd92de-a078-423d-b55b-e7ff2fac2547/status - 304 (4ms)
[2026-01-26T06:09:03.684Z] GET /users/saved-questions/a9dd92de-a078-423d-b55b-e7ff2fac2547/status - 304 (3ms)
[2026-01-26T06:10:04.551Z] GET /admin/notifications/my - 304 (14ms)
[2026-01-26T06:10:08.946Z] GET /passes/current - 304 (8ms)
[2026-01-26T06:10:09.259Z] GET /exams/user/stats - 304 (7ms)
[2026-01-26T06:10:09.267Z] GET /passes/current - 304 (6ms)
[2026-01-26T06:10:09.279Z] GET /exams/user/recent - 304 (26ms)
[2026-01-26T06:10:09.573Z] GET /exams/user/stats - 304 (5ms)
[2026-01-26T06:10:09.601Z] GET /exams/user/recent - 304 (7ms)
[2026-01-26T06:10:31.513Z] GET /exams?type=real_exam - 304 (22ms)
[2026-01-26T06:10:31.609Z] GET /exams?type=real_exam - 304 (9ms)
[2026-01-26T06:10:33.853Z] GET /exams?type=live_exam - 304 (10ms)
[2026-01-26T06:10:33.868Z] GET /exams?type=live_exam - 304 (9ms)
[2026-01-26T06:10:35.843Z] GET /exams?type=previous_year_paper - 304 (9ms)
[2026-01-26T06:10:35.858Z] GET /exams?type=previous_year_paper - 304 (8ms)
[2026-01-26T06:10:38.116Z] GET /passes/current - 304 (10ms)
[2026-01-26T06:10:38.131Z] GET /exams/user/stats - 304 (24ms)
[2026-01-26T06:10:38.135Z] GET /exams/user/recent - 304 (26ms)
[2026-01-26T06:10:38.365Z] GET /passes/current - 304 (6ms)
[2026-01-26T06:10:38.435Z] GET /exams/user/stats - 304 (6ms)
[2026-01-26T06:10:38.450Z] GET /exams/user/recent - 304 (8ms)
[2026-01-26T06:11:04.237Z] GET /admin/notifications/my - 304 (13ms)
[2026-01-26T06:12:04.556Z] GET /admin/notifications/my - 304 (14ms)
[2026-01-26T06:12:40.593Z] GET /admin/notifications/my - 304 (22ms)
[2026-01-26T06:12:40.602Z] GET /exams/user/stats - 304 (22ms)
[2026-01-26T06:12:40.604Z] GET /passes/current - 304 (25ms)
[2026-01-26T06:12:40.611Z] GET /exams/user/recent - 304 (26ms)
[2026-01-26T06:12:40.681Z] GET /admin/notifications/my - 304 (3ms)
[2026-01-26T06:12:40.696Z] GET /exams/user/stats - 304 (7ms)
[2026-01-26T06:12:40.939Z] GET /passes/current - 304 (7ms)
[2026-01-26T06:12:40.945Z] GET /exams/user/recent - 304 (9ms)
[2026-01-26T06:12:45.367Z] GET /analytics/percentile/exam/df846971-0f29-4df7-b613-9d0421165d82 - 400: "No attempts found for this exam"
[2026-01-26T06:12:45.369Z] GET /analytics/percentile/exam/df846971-0f29-4df7-b613-9d0421165d82 - 400 (10ms)
[2026-01-26T06:12:45.375Z] GET /exams/attempts/df846971-0f29-4df7-b613-9d0421165d82 - 304 (22ms)
[2026-01-26T06:12:45.386Z] GET /analytics/patterns - 304 (23ms)
[2026-01-26T06:12:45.391Z] GET /analytics/attempt/df846971-0f29-4df7-b613-9d0421165d82 - 304 (35ms)
[2026-01-26T06:12:45.688Z] GET /analytics/percentile/exam/df846971-0f29-4df7-b613-9d0421165d82 - 400: "No attempts found for this exam"
[2026-01-26T06:12:45.695Z] GET /analytics/percentile/exam/df846971-0f29-4df7-b613-9d0421165d82 - 400 (10ms)
[2026-01-26T06:12:45.707Z] GET /exams/attempts/df846971-0f29-4df7-b613-9d0421165d82 - 304 (21ms)
[2026-01-26T06:12:45.717Z] GET /analytics/patterns - 304 (17ms)
[2026-01-26T06:12:45.724Z] GET /analytics/attempt/df846971-0f29-4df7-b613-9d0421165d82 - 304 (22ms)
[2026-01-26T06:12:48.992Z] GET /exams/attempts/df846971-0f29-4df7-b613-9d0421165d82 - 304 (12ms)
[2026-01-26T06:12:49.007Z] GET /exams/attempts/df846971-0f29-4df7-b613-9d0421165d82 - 304 (10ms)
[2026-01-26T06:12:49.324Z] GET /users/saved-questions/a9dd92de-a078-423d-b55b-e7ff2fac2547/status - 304 (3ms)
[2026-01-26T06:12:49.587Z] GET /users/saved-questions/a9dd92de-a078-423d-b55b-e7ff2fac2547/status - 304 (3ms)
[2026-01-26T06:13:01.242Z] GET /exams/attempts/df846971-0f29-4df7-b613-9d0421165d82 - 304 (25ms)
[2026-01-26T06:13:01.542Z] GET /analytics/attempt/df846971-0f29-4df7-b613-9d0421165d82 - 304 (14ms)
[2026-01-26T06:13:01.550Z] GET /analytics/percentile/exam/df846971-0f29-4df7-b613-9d0421165d82 - 400: "No attempts found for this exam"
[2026-01-26T06:13:01.552Z] GET /analytics/percentile/exam/df846971-0f29-4df7-b613-9d0421165d82 - 400 (22ms)
[2026-01-26T06:13:01.560Z] GET /analytics/patterns - 304 (29ms)
[2026-01-26T06:13:01.576Z] GET /exams/attempts/df846971-0f29-4df7-b613-9d0421165d82 - 304 (14ms)
[2026-01-26T06:13:01.867Z] GET /analytics/percentile/exam/df846971-0f29-4df7-b613-9d0421165d82 - 400: "No attempts found for this exam"
[2026-01-26T06:13:01.869Z] GET /analytics/percentile/exam/df846971-0f29-4df7-b613-9d0421165d82 - 400 (4ms)
[2026-01-26T06:13:01.876Z] GET /analytics/attempt/df846971-0f29-4df7-b613-9d0421165d82 - 304 (13ms)
[2026-01-26T06:13:01.886Z] GET /analytics/patterns - 304 (12ms)
[2026-01-26T06:13:41.554Z] GET /admin/notifications/my - 304 (13ms)
[2026-01-26T06:14:41.244Z] GET /admin/notifications/my - 304 (15ms)
[2026-01-26T06:15:41.559Z] GET /admin/notifications/my - 304 (14ms)
[2026-01-26T06:16:41.247Z] GET /admin/notifications/my - 304 (15ms)
[2026-01-26T06:17:41.544Z] GET /admin/notifications/my - 304 (15ms)
[2026-01-26T06:18:41.250Z] GET /admin/notifications/my - 304 (14ms)
[2026-01-26T06:20:11.553Z] GET /admin/notifications/my - 304 (14ms)
[2026-01-26T06:20:23.904Z] GET /exams/attempts/df846971-0f29-4df7-b613-9d0421165d82 - 304 (27ms)
[2026-01-26T06:20:24.227Z] GET /exams/attempts/df846971-0f29-4df7-b613-9d0421165d82 - 304 (12ms)
[2026-01-26T06:20:24.236Z] GET /users/saved-questions/a9dd92de-a078-423d-b55b-e7ff2fac2547/status - 304 (3ms)
[2026-01-26T06:20:24.475Z] GET /users/saved-questions/a9dd92de-a078-423d-b55b-e7ff2fac2547/status - 304 (3ms)
[2026-01-26T06:20:38.318Z] GET /users/saved-questions/55292297-87a1-4c84-838c-4d80fe29c11a/status - 304 (15ms)
[2026-01-26T06:20:40.881Z] GET /admin/notifications/my - 304 (3ms)
[2026-01-26T06:22:11.550Z] GET /admin/notifications/my - 304 (14ms)
[2026-01-26T06:23:11.254Z] GET /admin/notifications/my - 304 (13ms)
[2026-01-26T06:24:11.561Z] GET /admin/notifications/my - 304 (16ms)
[2026-01-26T06:24:40.376Z] GET /admin/notifications/my - 304 (16ms)
[2026-01-26T06:24:40.393Z] GET /exams/attempts/df846971-0f29-4df7-b613-9d0421165d82 - 304 (27ms)
[2026-01-26T06:24:40.492Z] GET /admin/notifications/my - 304 (3ms)
[2026-01-26T06:24:40.512Z] GET /exams/attempts/df846971-0f29-4df7-b613-9d0421165d82 - 304 (14ms)
[2026-01-26T06:24:40.514Z] GET /users/saved-questions/a9dd92de-a078-423d-b55b-e7ff2fac2547/status - 304 (8ms)
[2026-01-26T06:24:40.533Z] GET /users/saved-questions/a9dd92de-a078-423d-b55b-e7ff2fac2547/status - 304 (3ms)
[2026-01-26T06:24:45.098Z] GET /passes/current - 304 (6ms)
[2026-01-26T06:24:45.100Z] GET /exams/user/stats - 304 (6ms)
[2026-01-26T06:24:45.410Z] GET /exams/user/recent - 304 (7ms)
[2026-01-26T06:24:45.425Z] GET /passes/current - 304 (7ms)
[2026-01-26T06:24:45.427Z] GET /exams/user/stats - 304 (7ms)
[2026-01-26T06:24:45.724Z] GET /exams/user/recent - 304 (7ms)
[2026-01-26T06:24:48.881Z] GET /exams/attempts/4318bd37-f5c4-4ba4-bc92-aa7e01b7b880 - 200 (15ms)
[2026-01-26T06:24:48.886Z] GET /analytics/attempt/4318bd37-f5c4-4ba4-bc92-aa7e01b7b880 - 200 (17ms)
[2026-01-26T06:24:49.050Z] GET /analytics/percentile/exam/4318bd37-f5c4-4ba4-bc92-aa7e01b7b880 - 400: "No attempts found for this exam"
[2026-01-26T06:24:49.052Z] GET /analytics/percentile/exam/4318bd37-f5c4-4ba4-bc92-aa7e01b7b880 - 400 (5ms)
[2026-01-26T06:24:49.185Z] GET /analytics/patterns - 304 (10ms)
[2026-01-26T06:24:49.191Z] GET /exams/attempts/4318bd37-f5c4-4ba4-bc92-aa7e01b7b880 - 304 (14ms)
[2026-01-26T06:24:49.200Z] GET /analytics/percentile/exam/4318bd37-f5c4-4ba4-bc92-aa7e01b7b880 - 400: "No attempts found for this exam"
[2026-01-26T06:24:49.201Z] GET /analytics/percentile/exam/4318bd37-f5c4-4ba4-bc92-aa7e01b7b880 - 400 (4ms)
[2026-01-26T06:24:49.206Z] GET /analytics/attempt/4318bd37-f5c4-4ba4-bc92-aa7e01b7b880 - 304 (13ms)
[2026-01-26T06:24:49.370Z] GET /analytics/patterns - 304 (10ms)
[2026-01-26T06:24:52.776Z] GET /exams/attempts/4318bd37-f5c4-4ba4-bc92-aa7e01b7b880 - 304 (11ms)
[2026-01-26T06:24:53.098Z] GET /exams/attempts/4318bd37-f5c4-4ba4-bc92-aa7e01b7b880 - 304 (10ms)
[2026-01-26T06:24:53.106Z] GET /users/saved-questions/a9dd92de-a078-423d-b55b-e7ff2fac2547/status - 304 (2ms)
[2026-01-26T06:24:53.341Z] GET /users/saved-questions/a9dd92de-a078-423d-b55b-e7ff2fac2547/status - 304 (2ms)
[2026-01-26T06:24:55.793Z] GET /users/saved-questions/55292297-87a1-4c84-838c-4d80fe29c11a/status - 304 (4ms)
[2026-01-26T06:25:41.540Z] GET /admin/notifications/my - 304 (14ms)
[2026-01-26T06:27:41.568Z] GET /admin/notifications/my - 200 (21ms)
[2026-01-26T06:27:48.271Z] GET /admin/notifications/my - 304 (17ms)
[2026-01-26T06:27:48.310Z] GET /exams/attempts/4318bd37-f5c4-4ba4-bc92-aa7e01b7b880 - 200 (50ms)
[2026-01-26T06:27:48.401Z] GET /admin/notifications/my - 304 (5ms)
[2026-01-26T06:27:48.419Z] GET /users/saved-questions/a9dd92de-a078-423d-b55b-e7ff2fac2547/status - 304 (8ms)
[2026-01-26T06:27:48.428Z] GET /exams/attempts/4318bd37-f5c4-4ba4-bc92-aa7e01b7b880 - 304 (22ms)
[2026-01-26T06:27:48.443Z] GET /users/saved-questions/a9dd92de-a078-423d-b55b-e7ff2fac2547/status - 304 (4ms)
[2026-01-26T06:27:53.456Z] GET /users/saved-questions/55292297-87a1-4c84-838c-4d80fe29c11a/status - 304 (4ms)
[2026-01-26T06:27:56.878Z] GET /users/saved-questions/92478de5-37aa-4815-814d-bd3d66e96f30/status - 304 (3ms)
[2026-01-26T06:27:59.442Z] GET /users/saved-questions/e6619525-697c-4976-aa5e-99c8a1d2808d/status - 304 (4ms)
[2026-01-26T06:28:24.122Z] GET /users/saved-questions/8e541ab8-c620-4a85-b90a-7b8a9aa6bdf4/status - 304 (15ms)
[2026-01-26T06:28:40.762Z] GET /users/saved-questions/a5e5fe60-fc43-44ff-a786-b4fc7287b334/status - 200 (14ms)
[2026-01-26T06:28:48.558Z] GET /admin/notifications/my - 304 (4ms)
[2026-01-26T06:29:20.048Z] GET /passes/current - 304 (19ms)
[2026-01-26T06:29:20.345Z] GET /exams/user/stats - 304 (10ms)
[2026-01-26T06:29:20.363Z] GET /exams/user/recent - 304 (26ms)
[2026-01-26T06:29:20.369Z] GET /passes/current - 304 (10ms)
[2026-01-26T06:29:20.664Z] GET /exams/user/stats - 304 (6ms)
[2026-01-26T06:29:20.679Z] GET /exams/user/recent - 304 (9ms)
[2026-01-26T06:29:34.280Z] GET /adaptive/learning-path - 200 (51ms)
[2026-01-26T06:29:34.306Z] GET /adaptive/learning-path - 200 (19ms)
[2026-01-26T06:29:48.579Z] GET /admin/notifications/my - 304 (16ms)
[2026-01-26T06:30:49.553Z] GET /admin/notifications/my - 304 (15ms)
[2026-01-26T06:31:49.247Z] GET /admin/notifications/my - 304 (13ms)
[2026-01-26T06:32:49.570Z] GET /admin/notifications/my - 304 (14ms)
[2026-01-26T06:33:49.245Z] GET /admin/notifications/my - 304 (14ms)
[2026-01-26T06:34:51.249Z] GET /admin/notifications/my - 304 (18ms)
[2026-01-26T06:35:13.316Z] GET /exams/performance/trend - 304 (25ms)
[2026-01-26T06:35:13.318Z] GET /adaptive/mastery - 304 (23ms)
[2026-01-26T06:35:13.320Z] GET /exams/user/stats - 304 (27ms)
[2026-01-26T06:35:13.633Z] GET /exams/performance/trend - 304 (6ms)
[2026-01-26T06:35:13.638Z] GET /adaptive/mastery - 304 (9ms)
[2026-01-26T06:35:13.644Z] GET /exams/user/stats - 304 (8ms)
[2026-01-26T06:35:38.022Z] GET /exams/attempts/df846971-0f29-4df7-b613-9d0421165d82 - 200 (28ms)
[2026-01-26T06:35:38.043Z] GET /exams/attempts/df846971-0f29-4df7-b613-9d0421165d82 - 304 (14ms)
[2026-01-26T06:35:38.364Z] GET /users/saved-questions/a9dd92de-a078-423d-b55b-e7ff2fac2547/status - 304 (3ms)
[2026-01-26T06:35:38.625Z] GET /users/saved-questions/a9dd92de-a078-423d-b55b-e7ff2fac2547/status - 304 (3ms)
[2026-01-26T06:35:56.593Z] GET /users/saved-questions/92478de5-37aa-4815-814d-bd3d66e96f30/status - 304 (17ms)
[2026-01-26T06:36:00.243Z] GET /users/saved-questions/e6619525-697c-4976-aa5e-99c8a1d2808d/status - 304 (5ms)
[2026-01-26T06:36:32.812Z] GET /users/saved-questions/8e541ab8-c620-4a85-b90a-7b8a9aa6bdf4/status - 304 (18ms)
[2026-01-26T06:36:36.688Z] GET /users/saved-questions/a5e5fe60-fc43-44ff-a786-b4fc7287b334/status - 304 (3ms)
[2026-01-26T06:36:42.080Z] GET /users/saved-questions/d5b4119b-9165-49f4-b3b0-77c0a37df9b0/status - 200 (5ms)
[2026-01-26T06:36:48.273Z] GET /admin/notifications/my - 200 (8ms)
[2026-01-26T06:36:50.726Z] GET /users/saved-questions/b5a43011-ba6a-4458-9121-d4c9a929feaa/status - 200 (3ms)
[2026-01-26T06:37:01.404Z] GET /passes/current - 304 (23ms)
[2026-01-26T06:37:01.710Z] GET /exams/user/stats - 304 (10ms)
[2026-01-26T06:37:01.724Z] GET /passes/current - 304 (8ms)
[2026-01-26T06:37:01.738Z] GET /exams/user/recent - 304 (36ms)
[2026-01-26T06:37:02.030Z] GET /exams/user/stats - 304 (8ms)
[2026-01-26T06:37:02.068Z] GET /exams/user/recent - 304 (9ms)
[2026-01-26T06:37:25.693Z] GET /adaptive/learning-path - 200 (47ms)
[2026-01-26T06:37:25.877Z] GET /adaptive/learning-path - 200 (17ms)
[2026-01-26T06:37:28.215Z] POST /adaptive/start-session - 201 (24ms)
[2026-01-26T06:37:29.711Z] GET /test-session/adaptive-1769409448213-1631 - 500: "invalid input syntax for type uuid: \"adaptive-1769409448213-1631\""
QueryFailedError: invalid input syntax for type uuid: "adaptive-1769409448213-1631"
    at PostgresQueryRunner.query (C:\Users\dadim\OneDrive\Desktop\eRankUp\backend\node_modules\typeorm\driver\postgres\PostgresQueryRunner.js:216:19)
    at process.processTicksAndRejections (node:internal/process/task_queues:103:5)
    at async SelectQueryBuilder.loadRawResults (C:\Users\dadim\OneDrive\Desktop\eRankUp\backend\node_modules\typeorm\query-builder\SelectQueryBuilder.js:2231:25)
    at async SelectQueryBuilder.getRawMany (C:\Users\dadim\OneDrive\Desktop\eRankUp\backend\node_modules\typeorm\query-builder\SelectQueryBuilder.js:646:29)
    at async SelectQueryBuilder.executeEntitiesAndRawResults (C:\Users\dadim\OneDrive\Desktop\eRankUp\backend\node_modules\typeorm\query-builder\SelectQueryBuilder.js:2018:26)
    at async SelectQueryBuilder.getRawAndEntities (C:\Users\dadim\OneDrive\Desktop\eRankUp\backend\node_modules\typeorm\query-builder\SelectQueryBuilder.js:684:29)
    at async SelectQueryBuilder.getOne (C:\Users\dadim\OneDrive\Desktop\eRankUp\backend\node_modules\typeorm\query-builder\SelectQueryBuilder.js:711:25)
    at async ExamsService.findModel (C:\Users\dadim\OneDrive\Desktop\eRankUp\backend\dist\backend\src\exams\exams.service.js:123:23)
    at async PremiumGuard.canActivate (C:\Users\dadim\OneDrive\Desktop\eRankUp\backend\dist\backend\src\payments\guards\premium.guard.js:34:23)
    at async GuardsConsumer.tryActivate (C:\Users\dadim\OneDrive\Desktop\eRankUp\node_modules\@nestjs\core\guards\guards-consumer.js:16:17)
[2026-01-26T06:37:29.715Z] GET /test-session/adaptive-1769409448213-1631 - 500 (10ms)
[2026-01-26T06:37:29.725Z] GET /test-session/adaptive-1769409448213-1631 - 500: "invalid input syntax for type uuid: \"adaptive-1769409448213-1631\""
QueryFailedError: invalid input syntax for type uuid: "adaptive-1769409448213-1631"
    at PostgresQueryRunner.query (C:\Users\dadim\OneDrive\Desktop\eRankUp\backend\node_modules\typeorm\driver\postgres\PostgresQueryRunner.js:216:19)
    at process.processTicksAndRejections (node:internal/process/task_queues:103:5)
    at async SelectQueryBuilder.loadRawResults (C:\Users\dadim\OneDrive\Desktop\eRankUp\backend\node_modules\typeorm\query-builder\SelectQueryBuilder.js:2231:25)
    at async SelectQueryBuilder.getRawMany (C:\Users\dadim\OneDrive\Desktop\eRankUp\backend\node_modules\typeorm\query-builder\SelectQueryBuilder.js:646:29)
    at async SelectQueryBuilder.executeEntitiesAndRawResults (C:\Users\dadim\OneDrive\Desktop\eRankUp\backend\node_modules\typeorm\query-builder\SelectQueryBuilder.js:2018:26)
    at async SelectQueryBuilder.getRawAndEntities (C:\Users\dadim\OneDrive\Desktop\eRankUp\backend\node_modules\typeorm\query-builder\SelectQueryBuilder.js:684:29)
    at async SelectQueryBuilder.getOne (C:\Users\dadim\OneDrive\Desktop\eRankUp\backend\node_modules\typeorm\query-builder\SelectQueryBuilder.js:711:25)
    at async ExamsService.findModel (C:\Users\dadim\OneDrive\Desktop\eRankUp\backend\dist\backend\src\exams\exams.service.js:123:23)
    at async PremiumGuard.canActivate (C:\Users\dadim\OneDrive\Desktop\eRankUp\backend\dist\backend\src\payments\guards\premium.guard.js:34:23)
    at async GuardsConsumer.tryActivate (C:\Users\dadim\OneDrive\Desktop\eRankUp\node_modules\@nestjs\core\guards\guards-consumer.js:16:17)
[2026-01-26T06:37:29.727Z] GET /test-session/adaptive-1769409448213-1631 - 500 (6ms)
[2026-01-26T06:40:56.009Z] GET /admin/notifications/my - 304 (35ms)
[2026-01-26T06:40:56.045Z] GET /adaptive/learning-path - 200 (59ms)
[2026-01-26T06:40:56.235Z] GET /admin/notifications/my - 304 (4ms)
[2026-01-26T06:40:56.359Z] GET /adaptive/learning-path - 200 (32ms)
[2026-01-26T06:40:57.160Z] GET /admin/notifications/my - 304 (4ms)
[2026-01-26T06:40:57.185Z] GET /adaptive/learning-path - 200 (27ms)
[2026-01-26T06:40:57.286Z] GET /admin/notifications/my - 304 (3ms)
[2026-01-26T06:40:57.317Z] GET /adaptive/learning-path - 200 (18ms)
[2026-01-26T06:41:06.309Z] POST /adaptive/start-session - 201 (20ms)
[2026-01-26T06:41:06.556Z] GET /test-session/adaptive-1769409666307-2377 - 500: "invalid input syntax for type uuid: \"adaptive-1769409666307-2377\""
QueryFailedError: invalid input syntax for type uuid: "adaptive-1769409666307-2377"
    at PostgresQueryRunner.query (C:\Users\dadim\OneDrive\Desktop\eRankUp\backend\node_modules\typeorm\driver\postgres\PostgresQueryRunner.js:216:19)
    at process.processTicksAndRejections (node:internal/process/task_queues:103:5)
    at async SelectQueryBuilder.loadRawResults (C:\Users\dadim\OneDrive\Desktop\eRankUp\backend\node_modules\typeorm\query-builder\SelectQueryBuilder.js:2231:25)
    at async SelectQueryBuilder.getRawMany (C:\Users\dadim\OneDrive\Desktop\eRankUp\backend\node_modules\typeorm\query-builder\SelectQueryBuilder.js:646:29)
    at async SelectQueryBuilder.executeEntitiesAndRawResults (C:\Users\dadim\OneDrive\Desktop\eRankUp\backend\node_modules\typeorm\query-builder\SelectQueryBuilder.js:2018:26)
    at async SelectQueryBuilder.getRawAndEntities (C:\Users\dadim\OneDrive\Desktop\eRankUp\backend\node_modules\typeorm\query-builder\SelectQueryBuilder.js:684:29)
    at async SelectQueryBuilder.getOne (C:\Users\dadim\OneDrive\Desktop\eRankUp\backend\node_modules\typeorm\query-builder\SelectQueryBuilder.js:711:25)
    at async ExamsService.findModel (C:\Users\dadim\OneDrive\Desktop\eRankUp\backend\dist\backend\src\exams\exams.service.js:123:23)
    at async PremiumGuard.canActivate (C:\Users\dadim\OneDrive\Desktop\eRankUp\backend\dist\backend\src\payments\guards\premium.guard.js:34:23)
    at async GuardsConsumer.tryActivate (C:\Users\dadim\OneDrive\Desktop\eRankUp\node_modules\@nestjs\core\guards\guards-consumer.js:16:17)
[2026-01-26T06:41:06.560Z] GET /test-session/adaptive-1769409666307-2377 - 500 (11ms)
[2026-01-26T06:41:06.768Z] GET /test-session/adaptive-1769409666307-2377 - 500: "invalid input syntax for type uuid: \"adaptive-1769409666307-2377\""
QueryFailedError: invalid input syntax for type uuid: "adaptive-1769409666307-2377"
    at PostgresQueryRunner.query (C:\Users\dadim\OneDrive\Desktop\eRankUp\backend\node_modules\typeorm\driver\postgres\PostgresQueryRunner.js:216:19)
    at process.processTicksAndRejections (node:internal/process/task_queues:103:5)
    at async SelectQueryBuilder.loadRawResults (C:\Users\dadim\OneDrive\Desktop\eRankUp\backend\node_modules\typeorm\query-builder\SelectQueryBuilder.js:2231:25)
    at async SelectQueryBuilder.getRawMany (C:\Users\dadim\OneDrive\Desktop\eRankUp\backend\node_modules\typeorm\query-builder\SelectQueryBuilder.js:646:29)
    at async SelectQueryBuilder.executeEntitiesAndRawResults (C:\Users\dadim\OneDrive\Desktop\eRankUp\backend\node_modules\typeorm\query-builder\SelectQueryBuilder.js:2018:26)
    at async SelectQueryBuilder.getRawAndEntities (C:\Users\dadim\OneDrive\Desktop\eRankUp\backend\node_modules\typeorm\query-builder\SelectQueryBuilder.js:684:29)
    at async SelectQueryBuilder.getOne (C:\Users\dadim\OneDrive\Desktop\eRankUp\backend\node_modules\typeorm\query-builder\SelectQueryBuilder.js:711:25)
    at async ExamsService.findModel (C:\Users\dadim\OneDrive\Desktop\eRankUp\backend\dist\backend\src\exams\exams.service.js:123:23)
    at async PremiumGuard.canActivate (C:\Users\dadim\OneDrive\Desktop\eRankUp\backend\dist\backend\src\payments\guards\premium.guard.js:34:23)
    at async GuardsConsumer.tryActivate (C:\Users\dadim\OneDrive\Desktop\eRankUp\node_modules\@nestjs\core\guards\guards-consumer.js:16:17)
[2026-01-26T06:41:06.770Z] GET /test-session/adaptive-1769409666307-2377 - 500 (6ms)
[2026-01-26T06:44:55.932Z] GET /admin/notifications/my - 304 (33ms)
[2026-01-26T06:44:55.966Z] GET /adaptive/learning-path - 200 (54ms)
[2026-01-26T06:44:56.140Z] GET /admin/notifications/my - 304 (4ms)
[2026-01-26T06:44:56.272Z] GET /adaptive/learning-path - 200 (33ms)
[2026-01-26T06:45:24.450Z] GET /passes/current - 304 (21ms)
[2026-01-26T06:45:24.580Z] GET /exams/user/stats - 304 (13ms)
[2026-01-26T06:45:24.750Z] GET /exams/user/recent - 304 (12ms)
[2026-01-26T06:45:24.763Z] GET /exams/user/stats - 304 (6ms)
[2026-01-26T06:45:24.768Z] GET /passes/current - 304 (27ms)
[2026-01-26T06:45:24.903Z] GET /exams/user/recent - 304 (10ms)
[2026-01-26T06:46:05.590Z] GET /exams?type=real_exam - 304 (45ms)
[2026-01-26T06:46:05.612Z] GET /exams?type=real_exam - 304 (17ms)
[2026-01-26T06:46:08.556Z] GET /exams?type=live_exam - 304 (16ms)
[2026-01-26T06:46:08.573Z] GET /exams?type=live_exam - 304 (13ms)
[2026-01-26T06:46:49.345Z] GET /passes/current - 304 (26ms)
[2026-01-26T06:46:49.514Z] GET /exams/user/stats - 304 (10ms)
[2026-01-26T06:46:49.645Z] GET /exams/user/recent - 304 (15ms)
[2026-01-26T06:46:49.660Z] GET /passes/current - 304 (25ms)
[2026-01-26T06:46:49.663Z] GET /exams/user/stats - 304 (8ms)
[2026-01-26T06:46:49.840Z] GET /exams/user/recent - 304 (10ms)
[2026-01-26T06:46:51.426Z] GET /adaptive/learning-path - 200 (29ms)
[2026-01-26T06:46:51.755Z] GET /adaptive/learning-path - 200 (14ms)
[2026-01-26T06:46:55.717Z] POST /adaptive/start-session - 201 (21ms)
[2026-01-26T06:46:55.882Z] GET /admin/notifications/my - 200 (4ms)
[2026-01-26T06:46:57.146Z] GET /test-session/adaptive-1769410015715-423 - 500: "invalid input syntax for type uuid: \"adaptive-1769410015715-423\""
QueryFailedError: invalid input syntax for type uuid: "adaptive-1769410015715-423"
    at PostgresQueryRunner.query (C:\Users\dadim\OneDrive\Desktop\eRankUp\backend\node_modules\typeorm\driver\postgres\PostgresQueryRunner.js:216:19)
    at process.processTicksAndRejections (node:internal/process/task_queues:103:5)
    at async SelectQueryBuilder.loadRawResults (C:\Users\dadim\OneDrive\Desktop\eRankUp\backend\node_modules\typeorm\query-builder\SelectQueryBuilder.js:2231:25)
    at async SelectQueryBuilder.getRawMany (C:\Users\dadim\OneDrive\Desktop\eRankUp\backend\node_modules\typeorm\query-builder\SelectQueryBuilder.js:646:29)
    at async SelectQueryBuilder.executeEntitiesAndRawResults (C:\Users\dadim\OneDrive\Desktop\eRankUp\backend\node_modules\typeorm\query-builder\SelectQueryBuilder.js:2018:26)
    at async SelectQueryBuilder.getRawAndEntities (C:\Users\dadim\OneDrive\Desktop\eRankUp\backend\node_modules\typeorm\query-builder\SelectQueryBuilder.js:684:29)
    at async SelectQueryBuilder.getOne (C:\Users\dadim\OneDrive\Desktop\eRankUp\backend\node_modules\typeorm\query-builder\SelectQueryBuilder.js:711:25)
    at async ExamsService.findModel (C:\Users\dadim\OneDrive\Desktop\eRankUp\backend\dist\backend\src\exams\exams.service.js:123:23)
    at async PremiumGuard.canActivate (C:\Users\dadim\OneDrive\Desktop\eRankUp\backend\dist\backend\src\payments\guards\premium.guard.js:34:23)
    at async GuardsConsumer.tryActivate (C:\Users\dadim\OneDrive\Desktop\eRankUp\node_modules\@nestjs\core\guards\guards-consumer.js:16:17)
[2026-01-26T06:46:57.150Z] GET /test-session/adaptive-1769410015715-423 - 500 (10ms)
[2026-01-26T06:46:57.159Z] GET /test-session/adaptive-1769410015715-423 - 500: "invalid input syntax for type uuid: \"adaptive-1769410015715-423\""
QueryFailedError: invalid input syntax for type uuid: "adaptive-1769410015715-423"
    at PostgresQueryRunner.query (C:\Users\dadim\OneDrive\Desktop\eRankUp\backend\node_modules\typeorm\driver\postgres\PostgresQueryRunner.js:216:19)
    at process.processTicksAndRejections (node:internal/process/task_queues:103:5)
    at async SelectQueryBuilder.loadRawResults (C:\Users\dadim\OneDrive\Desktop\eRankUp\backend\node_modules\typeorm\query-builder\SelectQueryBuilder.js:2231:25)
    at async SelectQueryBuilder.getRawMany (C:\Users\dadim\OneDrive\Desktop\eRankUp\backend\node_modules\typeorm\query-builder\SelectQueryBuilder.js:646:29)
    at async SelectQueryBuilder.executeEntitiesAndRawResults (C:\Users\dadim\OneDrive\Desktop\eRankUp\backend\node_modules\typeorm\query-builder\SelectQueryBuilder.js:2018:26)
    at async SelectQueryBuilder.getRawAndEntities (C:\Users\dadim\OneDrive\Desktop\eRankUp\backend\node_modules\typeorm\query-builder\SelectQueryBuilder.js:684:29)
    at async SelectQueryBuilder.getOne (C:\Users\dadim\OneDrive\Desktop\eRankUp\backend\node_modules\typeorm\query-builder\SelectQueryBuilder.js:711:25)
    at async ExamsService.findModel (C:\Users\dadim\OneDrive\Desktop\eRankUp\backend\dist\backend\src\exams\exams.service.js:123:23)
    at async PremiumGuard.canActivate (C:\Users\dadim\OneDrive\Desktop\eRankUp\backend\dist\backend\src\payments\guards\premium.guard.js:34:23)
    at async GuardsConsumer.tryActivate (C:\Users\dadim\OneDrive\Desktop\eRankUp\node_modules\@nestjs\core\guards\guards-consumer.js:16:17)
[2026-01-26T06:46:57.162Z] GET /test-session/adaptive-1769410015715-423 - 500 (7ms)
[2026-01-26T06:50:33.845Z] GET /admin/notifications/my - 304 (34ms)
[2026-01-26T06:50:33.893Z] GET /adaptive/learning-path - 200 (71ms)
[2026-01-26T06:50:34.065Z] GET /admin/notifications/my - 304 (4ms)
[2026-01-26T06:50:34.201Z] GET /adaptive/learning-path - 200 (38ms)
[2026-01-26T06:50:36.657Z] GET /admin/notifications/my - 304 (4ms)
[2026-01-26T06:50:36.683Z] GET /adaptive/learning-path - 200 (21ms)
[2026-01-26T06:50:36.799Z] GET /admin/notifications/my - 304 (5ms)
[2026-01-26T06:50:36.825Z] GET /adaptive/learning-path - 200 (18ms)
[2026-01-26T06:50:41.566Z] GET /passes/current - 304 (18ms)
[2026-01-26T06:50:41.571Z] GET /exams/user/stats - 304 (18ms)
[2026-01-26T06:50:41.580Z] GET /passes/current - 304 (7ms)
[2026-01-26T06:50:41.596Z] GET /exams/user/recent - 304 (39ms)
[2026-01-26T06:50:41.888Z] GET /exams/user/stats - 304 (8ms)
[2026-01-26T06:50:41.913Z] GET /exams/user/recent - 304 (9ms)
[2026-01-26T06:50:43.222Z] GET /adaptive/learning-path - 200 (18ms)
[2026-01-26T06:50:43.501Z] GET /adaptive/learning-path - 200 (39ms)
[2026-01-26T06:50:45.727Z] POST /adaptive/start-session - 201 (25ms)
[2026-01-26T06:50:47.102Z] GET /test-session/adaptive-1769410245725-583 - 200 (7ms)
[2026-01-26T06:50:47.113Z] GET /test-session/adaptive-1769410245725-583 - 304 (5ms)
[2026-01-26T06:50:58.740Z] POST /test-session/adaptive-1769410245725-583/sync - 201 (6ms)
[2026-01-26T06:51:05.125Z] POST /test-session/adaptive-1769410245725-583/sync - 201 (4ms)
[2026-01-26T06:51:07.898Z] POST /test-session/adaptive-1769410245725-583/sync - 201 (5ms)
[2026-01-26T06:51:10.232Z] POST /test-session/adaptive-1769410245725-583/sync - 201 (5ms)
[2026-01-26T06:51:13.559Z] POST /test-session/adaptive-1769410245725-583/sync - 201 (5ms)
[2026-01-26T06:51:19.993Z] POST /test-session/adaptive-1769410245725-583/submit - 201 (158ms)
[2026-01-26T06:51:21.425Z] GET /admin/notifications/my - 304 (5ms)
[2026-01-26T06:51:21.442Z] GET /exams/attempts/541d676c-7112-49ae-bc0e-df38695a7946 - 200 (21ms)
[2026-01-26T06:51:21.753Z] GET /analytics/percentile/exam/541d676c-7112-49ae-bc0e-df38695a7946 - 400: "No attempts found for this exam"
[2026-01-26T06:51:21.755Z] GET /analytics/percentile/exam/541d676c-7112-49ae-bc0e-df38695a7946 - 400 (12ms)
[2026-01-26T06:51:21.762Z] GET /admin/notifications/my - 304 (13ms)
[2026-01-26T06:51:21.766Z] GET /analytics/attempt/541d676c-7112-49ae-bc0e-df38695a7946 - 200 (27ms)
[2026-01-26T06:51:21.776Z] GET /analytics/patterns - 200 (31ms)
[2026-01-26T06:51:21.789Z] GET /exams/attempts/541d676c-7112-49ae-bc0e-df38695a7946 - 304 (32ms)
[2026-01-26T06:51:22.067Z] GET /analytics/percentile/exam/541d676c-7112-49ae-bc0e-df38695a7946 - 400: "No attempts found for this exam"
[2026-01-26T06:51:22.068Z] GET /analytics/percentile/exam/541d676c-7112-49ae-bc0e-df38695a7946 - 400 (4ms)
[2026-01-26T06:51:22.083Z] GET /analytics/attempt/541d676c-7112-49ae-bc0e-df38695a7946 - 304 (9ms)
[2026-01-26T06:51:22.101Z] GET /analytics/patterns - 304 (13ms)
[2026-01-26T06:51:49.127Z] GET /exams/attempts/541d676c-7112-49ae-bc0e-df38695a7946 - 304 (30ms)
[2026-01-26T06:51:49.146Z] GET /exams/attempts/541d676c-7112-49ae-bc0e-df38695a7946 - 304 (13ms)
[2026-01-26T06:51:49.458Z] GET /users/saved-questions/d2eb20b1-90be-4716-b6f1-f22f8b9cae5f/status - 200 (3ms)
[2026-01-26T06:51:49.715Z] GET /users/saved-questions/d2eb20b1-90be-4716-b6f1-f22f8b9cae5f/status - 304 (2ms)
[2026-01-26T06:51:59.575Z] GET /users/saved-questions/48fee659-d651-4991-8c6a-f0261ea44f85/status - 200 (2ms)
[2026-01-26T06:52:21.744Z] GET /admin/notifications/my - 304 (15ms)
[2026-01-26T06:53:09.146Z] GET /users/saved-questions/adcbcd3e-28d2-405b-963f-0b5168d1d380/status - 200 (15ms)
[2026-01-26T06:53:11.951Z] GET /users/saved-questions/63004bc9-a0e1-42a5-a582-e5cf1539baeb/status - 200 (3ms)
[2026-01-26T06:53:15.967Z] GET /users/saved-questions/a88bef08-8a7b-44fe-b56e-3bf09a2a2d32/status - 200 (4ms)
[2026-01-26T06:53:21.736Z] GET /admin/notifications/my - 304 (3ms)
[2026-01-26T06:53:24.077Z] GET /users/saved-questions/f58c8ac5-d4d3-42d6-8a08-c453d59058b7/status - 200 (3ms)
[2026-01-26T06:53:31.069Z] GET /users/saved-questions/2a9fbef9-6752-4577-8516-a21d48ca1644/status - 200 (3ms)
[2026-01-26T06:53:36.781Z] GET /users/saved-questions/39b26e87-655f-43bc-bcdd-9b6696e55316/status - 200 (2ms)
[2026-01-26T06:54:22.562Z] GET /admin/notifications/my - 304 (13ms)
[2026-01-26T06:55:22.241Z] GET /admin/notifications/my - 304 (15ms)
[2026-01-26T06:56:22.560Z] GET /admin/notifications/my - 304 (15ms)
[2026-01-26T06:56:54.191Z] GET /admin/notifications/my - 304 (16ms)
[2026-01-26T06:56:54.203Z] GET /exams/attempts/541d676c-7112-49ae-bc0e-df38695a7946 - 200 (26ms)
[2026-01-26T06:56:54.317Z] GET /admin/notifications/my - 304 (3ms)
[2026-01-26T06:56:54.329Z] GET /users/saved-questions/d2eb20b1-90be-4716-b6f1-f22f8b9cae5f/status - 304 (3ms)
[2026-01-26T06:56:54.336Z] GET /exams/attempts/541d676c-7112-49ae-bc0e-df38695a7946 - 304 (14ms)
[2026-01-26T06:56:54.355Z] GET /users/saved-questions/d2eb20b1-90be-4716-b6f1-f22f8b9cae5f/status - 304 (3ms)
[2026-01-26T06:56:56.893Z] GET /users/saved-questions/48fee659-d651-4991-8c6a-f0261ea44f85/status - 304 (4ms)
[2026-01-26T06:57:45.017Z] GET /users/saved-questions/adcbcd3e-28d2-405b-963f-0b5168d1d380/status - 304 (15ms)
[2026-01-26T06:57:54.478Z] GET /admin/notifications/my - 304 (3ms)
[2026-01-26T06:58:54.564Z] GET /admin/notifications/my - 304 (14ms)
[2026-01-26T06:59:54.554Z] GET /admin/notifications/my - 304 (12ms)
[2026-01-26T07:00:54.492Z] GET /admin/notifications/my - 304 (14ms)
[2026-01-26T07:01:54.199Z] GET /admin/notifications/my - 304 (15ms)
[2026-01-26T07:02:54.497Z] GET /admin/notifications/my - 304 (15ms)
[2026-01-26T07:03:54.253Z] GET /admin/notifications/my - 304 (14ms)
[2026-01-26T07:04:17.943Z] GET /passes/current - 304 (20ms)
[2026-01-26T07:04:17.945Z] GET /exams/user/stats - 200 (21ms)
[2026-01-26T07:04:18.235Z] GET /exams/user/recent - 200 (9ms)
[2026-01-26T07:04:18.265Z] GET /passes/current - 304 (6ms)
[2026-01-26T07:04:18.267Z] GET /exams/user/stats - 304 (7ms)
[2026-01-26T07:04:18.558Z] GET /exams/user/recent - 304 (8ms)
[2026-01-26T07:04:25.356Z] GET /analytics/attempt/541d676c-7112-49ae-bc0e-df38695a7946 - 304 (8ms)
[2026-01-26T07:04:25.361Z] GET /exams/attempts/541d676c-7112-49ae-bc0e-df38695a7946 - 304 (15ms)
[2026-01-26T07:04:25.653Z] GET /analytics/percentile/exam/541d676c-7112-49ae-bc0e-df38695a7946 - 400: "No attempts found for this exam"
[2026-01-26T07:04:25.655Z] GET /analytics/percentile/exam/541d676c-7112-49ae-bc0e-df38695a7946 - 400 (5ms)
[2026-01-26T07:04:25.664Z] GET /analytics/patterns - 304 (13ms)
[2026-01-26T07:04:25.681Z] GET /analytics/attempt/541d676c-7112-49ae-bc0e-df38695a7946 - 304 (8ms)
[2026-01-26T07:04:25.686Z] GET /exams/attempts/541d676c-7112-49ae-bc0e-df38695a7946 - 304 (10ms)
[2026-01-26T07:04:25.980Z] GET /analytics/percentile/exam/541d676c-7112-49ae-bc0e-df38695a7946 - 400: "No attempts found for this exam"
[2026-01-26T07:04:25.982Z] GET /analytics/percentile/exam/541d676c-7112-49ae-bc0e-df38695a7946 - 400 (5ms)
[2026-01-26T07:04:25.991Z] GET /analytics/patterns - 304 (13ms)
[2026-01-26T07:04:28.784Z] GET /exams/attempts/541d676c-7112-49ae-bc0e-df38695a7946 - 304 (13ms)
[2026-01-26T07:04:28.923Z] GET /exams/attempts/541d676c-7112-49ae-bc0e-df38695a7946 - 304 (12ms)
[2026-01-26T07:04:29.097Z] GET /users/saved-questions/d2eb20b1-90be-4716-b6f1-f22f8b9cae5f/status - 304 (4ms)
[2026-01-26T07:04:29.121Z] GET /users/saved-questions/d2eb20b1-90be-4716-b6f1-f22f8b9cae5f/status - 304 (3ms)
[2026-01-26T07:04:54.242Z] GET /admin/notifications/my - 304 (14ms)
[2026-01-26T07:05:18.387Z] GET /users/saved-questions/48fee659-d651-4991-8c6a-f0261ea44f85/status - 304 (14ms)
[2026-01-26T07:05:25.665Z] GET /users/saved-questions/adcbcd3e-28d2-405b-963f-0b5168d1d380/status - 304 (3ms)
[2026-01-26T07:05:29.986Z] GET /users/saved-questions/63004bc9-a0e1-42a5-a582-e5cf1539baeb/status - 304 (2ms)
[2026-01-26T07:05:33.682Z] GET /users/saved-questions/a88bef08-8a7b-44fe-b56e-3bf09a2a2d32/status - 304 (3ms)
[2026-01-26T07:05:54.563Z] GET /admin/notifications/my - 304 (14ms)
[2026-01-26T07:06:22.743Z] GET /users/saved-questions/f58c8ac5-d4d3-42d6-8a08-c453d59058b7/status - 304 (15ms)
[2026-01-26T07:06:25.186Z] GET /users/saved-questions/a88bef08-8a7b-44fe-b56e-3bf09a2a2d32/status - 304 (3ms)
[2026-01-26T07:06:26.202Z] GET /users/saved-questions/63004bc9-a0e1-42a5-a582-e5cf1539baeb/status - 304 (3ms)
[2026-01-26T07:06:27.250Z] GET /users/saved-questions/adcbcd3e-28d2-405b-963f-0b5168d1d380/status - 304 (2ms)
[2026-01-26T07:06:27.661Z] GET /users/saved-questions/48fee659-d651-4991-8c6a-f0261ea44f85/status - 304 (3ms)
[2026-01-26T07:06:35.923Z] GET /admin/notifications/my - 304 (5ms)
[2026-01-26T07:06:35.947Z] GET /exams/attempts/541d676c-7112-49ae-bc0e-df38695a7946 - 200 (27ms)
[2026-01-26T07:06:36.045Z] GET /admin/notifications/my - 304 (3ms)
[2026-01-26T07:06:36.067Z] GET /exams/attempts/541d676c-7112-49ae-bc0e-df38695a7946 - 304 (12ms)
[2026-01-26T07:06:36.069Z] GET /users/saved-questions/d2eb20b1-90be-4716-b6f1-f22f8b9cae5f/status - 304 (7ms)
[2026-01-26T07:06:36.097Z] GET /users/saved-questions/d2eb20b1-90be-4716-b6f1-f22f8b9cae5f/status - 304 (3ms)
[2026-01-26T07:06:38.335Z] GET /users/saved-questions/48fee659-d651-4991-8c6a-f0261ea44f85/status - 304 (2ms)
[2026-01-26T07:06:57.950Z] GET /exams/attempts/541d676c-7112-49ae-bc0e-df38695a7946 - 304 (26ms)
[2026-01-26T07:06:58.053Z] GET /analytics/attempt/541d676c-7112-49ae-bc0e-df38695a7946 - 304 (6ms)
[2026-01-26T07:06:58.249Z] GET /analytics/percentile/exam/541d676c-7112-49ae-bc0e-df38695a7946 - 400: "No attempts found for this exam"
[2026-01-26T07:06:58.251Z] GET /analytics/percentile/exam/541d676c-7112-49ae-bc0e-df38695a7946 - 400 (7ms)
[2026-01-26T07:06:58.264Z] GET /analytics/attempt/541d676c-7112-49ae-bc0e-df38695a7946 - 304 (7ms)
[2026-01-26T07:06:58.279Z] GET /analytics/patterns - 304 (34ms)
[2026-01-26T07:06:58.284Z] GET /exams/attempts/541d676c-7112-49ae-bc0e-df38695a7946 - 304 (37ms)
[2026-01-26T07:06:58.367Z] GET /analytics/percentile/exam/541d676c-7112-49ae-bc0e-df38695a7946 - 400: "No attempts found for this exam"
[2026-01-26T07:06:58.369Z] GET /analytics/percentile/exam/541d676c-7112-49ae-bc0e-df38695a7946 - 400 (4ms)
[2026-01-26T07:06:58.574Z] GET /analytics/patterns - 304 (12ms)
[2026-01-26T07:07:04.880Z] GET /passes/current - 304 (6ms)
[2026-01-26T07:07:05.185Z] GET /exams/user/stats - 304 (5ms)
[2026-01-26T07:07:05.189Z] GET /exams/user/recent - 304 (8ms)
[2026-01-26T07:07:05.198Z] GET /passes/current - 304 (6ms)
[2026-01-26T07:07:05.506Z] GET /exams/user/stats - 304 (6ms)
[2026-01-26T07:07:05.510Z] GET /exams/user/recent - 304 (9ms)
[2026-01-26T07:07:06.677Z] GET /adaptive/learning-path - 200 (18ms)
[2026-01-26T07:07:06.774Z] GET /adaptive/learning-path - 200 (11ms)
[2026-01-26T07:07:09.458Z] POST /adaptive/start-session - 201 (6ms)
[2026-01-26T07:07:10.894Z] GET /test-session/adaptive-1769411229456-3916 - 200 (3ms)
[2026-01-26T07:07:10.906Z] GET /test-session/adaptive-1769411229456-3916 - 304 (4ms)
[2026-01-26T07:07:15.029Z] POST /test-session/adaptive-1769411229456-3916/sync - 201 (4ms)
[2026-01-26T07:07:21.183Z] POST /test-session/adaptive-1769411229456-3916/sync - 201 (4ms)
[2026-01-26T07:07:23.958Z] POST /test-session/adaptive-1769411229456-3916/sync - 201 (4ms)
[2026-01-26T07:07:27.824Z] POST /test-session/adaptive-1769411229456-3916/sync - 201 (4ms)
[2026-01-26T07:07:37.364Z] POST /test-session/adaptive-1769411229456-3916/sync - 201 (4ms)
[2026-01-26T07:07:42.490Z] POST /test-session/adaptive-1769411229456-3916/sync - 201 (3ms)
[2026-01-26T07:07:42.817Z] POST /test-session/adaptive-1769411229456-3916/pause - 201 (4ms)
[2026-01-26T07:07:43.937Z] POST /test-session/adaptive-1769411229456-3916/resume - 201 (4ms)
[2026-01-26T07:07:48.047Z] POST /test-session/adaptive-1769411229456-3916/sync - 201 (3ms)
[2026-01-26T07:07:50.610Z] POST /test-session/adaptive-1769411229456-3916/submit - 201 (129ms)
[2026-01-26T07:07:51.132Z] GET /admin/notifications/my - 304 (4ms)
[2026-01-26T07:07:51.205Z] GET /exams/attempts/c8112a25-041d-4658-b2ba-0cfc7ec240e2 - 200 (14ms)
[2026-01-26T07:07:51.445Z] GET /admin/notifications/my - 304 (4ms)
[2026-01-26T07:07:51.447Z] GET /analytics/percentile/exam/c8112a25-041d-4658-b2ba-0cfc7ec240e2 - 400: "No attempts found for this exam"
[2026-01-26T07:07:51.448Z] GET /analytics/percentile/exam/c8112a25-041d-4658-b2ba-0cfc7ec240e2 - 400 (8ms)
[2026-01-26T07:07:51.452Z] GET /analytics/attempt/c8112a25-041d-4658-b2ba-0cfc7ec240e2 - 200 (14ms)
[2026-01-26T07:07:51.462Z] GET /analytics/patterns - 200 (20ms)
[2026-01-26T07:07:51.473Z] GET /exams/attempts/c8112a25-041d-4658-b2ba-0cfc7ec240e2 - 304 (17ms)
[2026-01-26T07:07:51.767Z] GET /analytics/percentile/exam/c8112a25-041d-4658-b2ba-0cfc7ec240e2 - 400: "No attempts found for this exam"
[2026-01-26T07:07:51.769Z] GET /analytics/percentile/exam/c8112a25-041d-4658-b2ba-0cfc7ec240e2 - 400 (4ms)
[2026-01-26T07:07:51.775Z] GET /analytics/attempt/c8112a25-041d-4658-b2ba-0cfc7ec240e2 - 304 (9ms)
[2026-01-26T07:07:51.786Z] GET /analytics/patterns - 304 (10ms)
[2026-01-26T07:07:54.308Z] GET /passes/current - 304 (7ms)
[2026-01-26T07:07:54.501Z] GET /exams/user/stats - 200 (5ms)
[2026-01-26T07:07:54.619Z] GET /exams/user/recent - 200 (8ms)
[2026-01-26T07:07:54.622Z] GET /passes/current - 304 (8ms)
[2026-01-26T07:07:54.631Z] GET /exams/user/stats - 304 (5ms)
[2026-01-26T07:07:54.824Z] GET /exams/user/recent - 304 (7ms)
[2026-01-26T07:08:51.144Z] GET /admin/notifications/my - 304 (15ms)
[2026-01-26T07:09:08.685Z] GET /passes - 304 (14ms)
[2026-01-26T07:09:08.693Z] GET /passes - 304 (2ms)
[2026-01-26T07:09:36.148Z] GET /passes/current - 304 (17ms)
[2026-01-26T07:09:36.341Z] GET /exams/user/stats - 304 (9ms)
[2026-01-26T07:09:36.463Z] GET /exams/user/recent - 304 (12ms)
[2026-01-26T07:09:36.475Z] GET /exams/user/stats - 304 (7ms)
[2026-01-26T07:09:36.484Z] GET /passes/current - 304 (30ms)
[2026-01-26T07:09:36.661Z] GET /exams/user/recent - 304 (9ms)
[2026-01-26T07:09:38.148Z] GET /adaptive/learning-path - 200 (17ms)
[2026-01-26T07:09:38.472Z] GET /adaptive/learning-path - 200 (16ms)
[2026-01-26T07:09:51.460Z] GET /admin/notifications/my - 304 (15ms)
[2026-01-26T07:10:51.243Z] GET /admin/notifications/my - 304 (13ms)
[2026-01-26T07:11:28.973Z] GET /exams?type=live_exam - 304 (28ms)
[2026-01-26T07:11:28.992Z] GET /exams?type=live_exam - 304 (13ms)
[2026-01-26T07:11:36.972Z] GET /admin/notifications/my - 304 (3ms)
[2026-01-26T07:11:37.030Z] GET /admin/notifications/my - 304 (3ms)
[2026-01-26T07:11:56.143Z] GET /passes/current - 304 (17ms)
[2026-01-26T07:11:56.145Z] GET /exams/user/stats - 304 (17ms)
[2026-01-26T07:11:56.439Z] GET /exams/user/recent - 304 (8ms)
[2026-01-26T07:11:56.467Z] GET /passes/current - 304 (6ms)
[2026-01-26T07:11:56.470Z] GET /exams/user/stats - 304 (7ms)
[2026-01-26T07:11:56.764Z] GET /exams/user/recent - 304 (7ms)
[2026-01-26T07:12:37.561Z] GET /admin/notifications/my - 304 (14ms)
[2026-01-26T07:12:45.173Z] GET /exams?type=real_exam - 304 (12ms)
[2026-01-26T07:12:45.373Z] GET /exams?type=real_exam - 304 (12ms)
[2026-01-26T07:13:11.261Z] GET /exams?type=live_exam - 304 (25ms)
[2026-01-26T07:13:11.464Z] GET /exams?type=live_exam - 304 (11ms)
[2026-01-26T07:13:12.796Z] GET /passes/current - 304 (5ms)
[2026-01-26T07:13:13.104Z] GET /exams/user/stats - 304 (6ms)
[2026-01-26T07:13:13.112Z] GET /passes/current - 304 (5ms)
[2026-01-26T07:13:13.124Z] GET /exams/user/recent - 304 (25ms)
[2026-01-26T07:13:13.421Z] GET /exams/user/stats - 304 (6ms)
[2026-01-26T07:13:13.443Z] GET /exams/user/recent - 304 (7ms)
[2026-01-26T07:13:37.295Z] GET /admin/notifications/my - 304 (15ms)
[2026-01-26T07:14:37.236Z] GET /admin/notifications/my - 304 (13ms)
[2026-01-26T07:15:37.291Z] GET /admin/notifications/my - 304 (14ms)
[2026-01-26T07:16:37.251Z] GET /admin/notifications/my - 304 (14ms)
[2026-01-26T07:16:55.347Z] GET /exams?type=real_exam - 304 (26ms)
[2026-01-26T07:16:55.534Z] GET /exams?type=real_exam - 304 (13ms)
[2026-01-26T07:17:02.011Z] GET /exams?type=quiz - 500: "invalid input value for enum exam_type_enum: \"quiz\""
QueryFailedError: invalid input value for enum exam_type_enum: "quiz"
    at PostgresQueryRunner.query (C:\Users\dadim\OneDrive\Desktop\eRankUp\backend\node_modules\typeorm\driver\postgres\PostgresQueryRunner.js:216:19)
    at process.processTicksAndRejections (node:internal/process/task_queues:103:5)
    at async SelectQueryBuilder.loadRawResults (C:\Users\dadim\OneDrive\Desktop\eRankUp\backend\node_modules\typeorm\query-builder\SelectQueryBuilder.js:2231:25)
    at async SelectQueryBuilder.executeEntitiesAndRawResults (C:\Users\dadim\OneDrive\Desktop\eRankUp\backend\node_modules\typeorm\query-builder\SelectQueryBuilder.js:2079:26)
    at async SelectQueryBuilder.getRawAndEntities (C:\Users\dadim\OneDrive\Desktop\eRankUp\backend\node_modules\typeorm\query-builder\SelectQueryBuilder.js:684:29)
    at async SelectQueryBuilder.getMany (C:\Users\dadim\OneDrive\Desktop\eRankUp\backend\node_modules\typeorm\query-builder\SelectQueryBuilder.js:750:25)
    at async ExamsService.findAll (C:\Users\dadim\OneDrive\Desktop\eRankUp\backend\dist\backend\src\exams\exams.service.js:68:23)
    at async ExamsController.findAll (C:\Users\dadim\OneDrive\Desktop\eRankUp\backend\dist\backend\src\exams\exams.controller.js:44:23)
[2026-01-26T07:17:02.014Z] GET /exams?type=quiz - 500 (9ms)
[2026-01-26T07:17:02.216Z] GET /exams?type=quiz - 500: "invalid input value for enum exam_type_enum: \"quiz\""
QueryFailedError: invalid input value for enum exam_type_enum: "quiz"
    at PostgresQueryRunner.query (C:\Users\dadim\OneDrive\Desktop\eRankUp\backend\node_modules\typeorm\driver\postgres\PostgresQueryRunner.js:216:19)
    at process.processTicksAndRejections (node:internal/process/task_queues:103:5)
    at async SelectQueryBuilder.loadRawResults (C:\Users\dadim\OneDrive\Desktop\eRankUp\backend\node_modules\typeorm\query-builder\SelectQueryBuilder.js:2231:25)
    at async SelectQueryBuilder.executeEntitiesAndRawResults (C:\Users\dadim\OneDrive\Desktop\eRankUp\backend\node_modules\typeorm\query-builder\SelectQueryBuilder.js:2079:26)
    at async SelectQueryBuilder.getRawAndEntities (C:\Users\dadim\OneDrive\Desktop\eRankUp\backend\node_modules\typeorm\query-builder\SelectQueryBuilder.js:684:29)
    at async SelectQueryBuilder.getMany (C:\Users\dadim\OneDrive\Desktop\eRankUp\backend\node_modules\typeorm\query-builder\SelectQueryBuilder.js:750:25)
    at async ExamsService.findAll (C:\Users\dadim\OneDrive\Desktop\eRankUp\backend\dist\backend\src\exams\exams.service.js:68:23)
    at async ExamsController.findAll (C:\Users\dadim\OneDrive\Desktop\eRankUp\backend\dist\backend\src\exams\exams.controller.js:44:23)
[2026-01-26T07:17:02.218Z] GET /exams?type=quiz - 500 (5ms)
[2026-01-26T07:17:05.024Z] GET /exams/performance/trend - 200 (5ms)
[2026-01-26T07:17:05.347Z] GET /exams/user/stats - 304 (8ms)
[2026-01-26T07:17:05.358Z] GET /adaptive/mastery - 200 (17ms)
[2026-01-26T07:17:05.362Z] GET /exams/performance/trend - 304 (20ms)
[2026-01-26T07:17:05.662Z] GET /exams/user/stats - 304 (5ms)
[2026-01-26T07:17:05.673Z] GET /adaptive/mastery - 304 (4ms)
[2026-01-26T07:17:20.690Z] GET /passes/current - 304 (17ms)
[2026-01-26T07:17:20.864Z] GET /exams/user/stats - 304 (7ms)
[2026-01-26T07:17:20.988Z] GET /exams/user/recent - 304 (7ms)
[2026-01-26T07:17:21.005Z] GET /passes/current - 304 (23ms)
[2026-01-26T07:17:21.018Z] GET /exams/user/stats - 304 (7ms)
[2026-01-26T07:17:21.185Z] GET /exams/user/recent - 304 (8ms)
[2026-01-26T07:17:36.986Z] GET /admin/notifications/my - 304 (17ms)
[2026-01-26T07:18:37.557Z] GET /admin/notifications/my - 304 (14ms)
[2026-01-26T07:19:55.244Z] GET /admin/notifications/my - 304 (14ms)
[2026-01-26T07:20:09.220Z] GET /exams?type=real_exam - 304 (28ms)
[2026-01-26T07:20:09.239Z] GET /exams?type=real_exam - 304 (13ms)
[2026-01-26T07:20:10.323Z] GET /exams?type=live_exam - 304 (11ms)
[2026-01-26T07:20:10.649Z] GET /exams?type=live_exam - 304 (10ms)
[2026-01-26T07:20:12.075Z] GET /exams?type=previous_year_paper - 304 (18ms)
[2026-01-26T07:20:12.339Z] GET /exams?type=previous_year_paper - 304 (14ms)
[2026-01-26T07:20:12.536Z] GET /exams/hierarchy - 403: "Forbidden resource"
[2026-01-26T07:20:12.538Z] GET /exams/hierarchy - 403 (3ms)
[2026-01-26T07:20:12.544Z] GET /exams/hierarchy - 403: "Forbidden resource"
[2026-01-26T07:20:12.546Z] GET /exams/hierarchy - 403 (2ms)
[2026-01-26T07:20:37.549Z] GET /admin/notifications/my - 304 (14ms)
[2026-01-26T07:21:36.988Z] GET /admin/notifications/my - 304 (16ms)
[2026-01-26T07:22:23.504Z] GET /passes/current - 304 (19ms)
[2026-01-26T07:22:23.689Z] GET /exams/user/stats - 304 (6ms)
[2026-01-26T07:22:23.802Z] GET /exams/user/recent - 304 (9ms)
[2026-01-26T07:22:23.816Z] GET /passes/current - 304 (21ms)
[2026-01-26T07:22:23.827Z] GET /exams/user/stats - 304 (5ms)
[2026-01-26T07:22:24.010Z] GET /exams/user/recent - 304 (9ms)
[2026-01-26T07:22:36.987Z] GET /admin/notifications/my - 304 (14ms)
[2026-01-26T07:23:37.559Z] GET /admin/notifications/my - 304 (12ms)
[2026-01-26T07:25:11.547Z] GET /admin/notifications/my - 304 (15ms)
[2026-01-26T07:26:11.249Z] GET /admin/notifications/my - 304 (15ms)
[2026-01-26T07:27:11.565Z] GET /admin/notifications/my - 304 (16ms)
[2026-01-26T07:28:11.246Z] GET /admin/notifications/my - 304 (14ms)
[2026-01-26T07:29:11.561Z] GET /admin/notifications/my - 304 (15ms)
[2026-01-26T07:30:11.247Z] GET /admin/notifications/my - 304 (15ms)
[2026-01-26T07:31:11.559Z] GET /admin/notifications/my - 304 (13ms)
[2026-01-26T07:32:11.387Z] GET /admin/notifications/my - 304 (16ms)
[2026-01-26T07:32:13.939Z] GET /admin/notifications/my - 304 (3ms)
[2026-01-26T07:32:13.950Z] GET /passes/current - 304 (10ms)
[2026-01-26T07:32:13.964Z] GET /exams/user/recent - 304 (10ms)
[2026-01-26T07:32:13.971Z] GET /exams/user/stats - 304 (28ms)
[2026-01-26T07:32:14.022Z] GET /admin/notifications/my - 304 (3ms)
[2026-01-26T07:32:14.042Z] GET /passes/current - 304 (5ms)
[2026-01-26T07:32:14.284Z] GET /exams/user/recent - 304 (6ms)
[2026-01-26T07:32:14.315Z] GET /exams/user/stats - 304 (4ms)
[2026-01-26T07:33:14.245Z] GET /admin/notifications/my - 304 (14ms)
[2026-01-26T07:34:13.946Z] GET /admin/notifications/my - 304 (14ms)
[2026-01-26T07:35:00.364Z] POST /auth/login - 200 (128ms)
[2026-01-26T07:35:03.127Z] GET /analytics/overview - 200 (11ms)
[2026-01-26T07:35:03.134Z] GET /analytics/overview - 304 (2ms)
[2026-01-26T07:35:03.462Z] GET /admin/system/health - 200 (1ms)
[2026-01-26T07:35:03.465Z] GET /admin/system/api-usage - 304 (1ms)
[2026-01-26T07:35:03.709Z] GET /admin/system/health - 200 (1ms)
[2026-01-26T07:35:03.771Z] GET /admin/system/api-usage - 304 (1ms)
[2026-01-26T07:35:18.864Z] GET /exams/hierarchy?type=question_bank - 304 (29ms)
[2026-01-26T07:35:18.928Z] GET /exams/hierarchy?type=question_bank - 304 (8ms)
[2026-01-26T07:35:40.485Z] POST /exams/chapters/e02c3bbe-bc05-4c4e-b0f8-3e566cf5dcb5/models - 201 (22ms)
[2026-01-26T07:35:41.773Z] GET /exams/hierarchy?type=question_bank - 200 (11ms)
[2026-01-26T07:36:07.146Z] GET /analytics/overview - 304 (1ms)
[2026-01-26T07:36:07.154Z] GET /analytics/overview - 304 (2ms)
[2026-01-26T07:36:07.478Z] GET /admin/system/health - 200 (1ms)
[2026-01-26T07:36:07.481Z] GET /admin/system/api-usage - 304 (1ms)
[2026-01-26T07:36:07.738Z] GET /admin/system/health - 200 (1ms)
[2026-01-26T07:36:07.787Z] GET /admin/system/api-usage - 304 (1ms)
[2026-01-26T07:36:09.795Z] GET /exams/hierarchy?type=question_bank - 304 (22ms)
[2026-01-26T07:36:10.117Z] GET /exams/hierarchy?type=question_bank - 304 (8ms)
[2026-01-26T07:36:17.721Z] GET /explanations - 200 (10ms)
[2026-01-26T07:36:17.734Z] GET /explanations - 304 (7ms)
[2026-01-26T07:36:17.742Z] GET /explanations/admin/stats - 200 (28ms)
[2026-01-26T07:36:18.069Z] GET /explanations/admin/stats - 304 (6ms)
[2026-01-26T07:36:22.967Z] GET /exams/questions/global - 200 (25ms)
[2026-01-26T07:36:23.043Z] GET /exams/questions/global - 304 (16ms)
[2026-01-26T07:36:26.643Z] GET /admin/exams - 404: "Cannot GET /admin/exams"
[2026-01-26T07:36:26.646Z] GET /admin/exams - 404 (4ms)
[2026-01-26T07:36:26.652Z] GET /admin/exams - 404: "Cannot GET /admin/exams"
[2026-01-26T07:36:26.654Z] GET /admin/exams - 404 (2ms)
[2026-01-26T07:36:27.680Z] GET /analytics/overview - 304 (2ms)
[2026-01-26T07:36:27.937Z] GET /analytics/overview - 304 (2ms)
[2026-01-26T07:36:27.990Z] GET /admin/system/health - 200 (1ms)
[2026-01-26T07:36:27.999Z] GET /admin/system/api-usage - 304 (1ms)
[2026-01-26T07:36:28.002Z] GET /admin/system/health - 200 (1ms)
[2026-01-26T07:36:28.311Z] GET /admin/system/api-usage - 304 (1ms)
[2026-01-26T07:36:33.650Z] GET /auth/google - 302 (2ms)
[2026-01-26T07:36:46.180Z] GET /auth/google/callback?code=4%2F0ASc3gC39w3IWQuU8KPWZrN-IeUdorFgiKI0Obev1mgDdv36ZzW16eCM-w_hnmIiJ8lFfgg&scope=email+profile+https%3A%2F%2Fwww.googleapis.com%2Fauth%2Fuserinfo.email+https%3A%2F%2Fwww.googleapis.com%2Fauth%2Fuserinfo.profile+openid&authuser=1&prompt=none - 302 (570ms)
[2026-01-26T07:36:49.143Z] GET /admin/notifications/my - 304 (3ms)
[2026-01-26T07:36:49.154Z] GET /passes/current - 304 (8ms)
[2026-01-26T07:36:49.173Z] GET /exams/user/stats - 304 (22ms)
[2026-01-26T07:36:49.179Z] GET /exams/user/recent - 304 (9ms)
[2026-01-26T07:36:49.245Z] GET /admin/notifications/my - 304 (3ms)
[2026-01-26T07:36:49.252Z] GET /passes/current - 304 (5ms)
[2026-01-26T07:36:49.496Z] GET /exams/user/stats - 304 (5ms)
[2026-01-26T07:36:49.522Z] GET /exams/user/recent - 304 (6ms)
[2026-01-26T07:37:49.155Z] GET /admin/notifications/my - 304 (15ms)
[2026-01-26T07:38:49.469Z] GET /admin/notifications/my - 304 (15ms)
[2026-01-26T07:39:49.152Z] GET /admin/notifications/my - 304 (16ms)
[2026-01-26T07:40:20.821Z] GET /admin/notifications/my - 304 (15ms)
[2026-01-26T07:40:20.826Z] GET /passes/current - 304 (18ms)
[2026-01-26T07:40:20.836Z] GET /exams/user/stats - 304 (8ms)
[2026-01-26T07:40:20.839Z] GET /exams/user/recent - 304 (9ms)
[2026-01-26T07:40:20.913Z] GET /admin/notifications/my - 304 (2ms)
[2026-01-26T07:40:20.922Z] GET /passes/current - 304 (7ms)
[2026-01-26T07:40:21.162Z] GET /exams/user/stats - 304 (4ms)
[2026-01-26T07:40:21.190Z] GET /exams/user/recent - 304 (8ms)
[2026-01-26T07:41:21.252Z] GET /admin/notifications/my - 304 (12ms)
[2026-01-26T07:42:21.121Z] GET /admin/notifications/my - 304 (14ms)
[2026-01-26T07:42:25.917Z] GET /exams/hierarchy - 403: "Forbidden resource"
[2026-01-26T07:42:25.919Z] GET /exams/hierarchy - 403 (2ms)
[2026-01-26T07:42:25.926Z] GET /exams/hierarchy - 403: "Forbidden resource"
[2026-01-26T07:42:25.928Z] GET /exams/hierarchy - 403 (3ms)
[2026-01-26T07:42:27.059Z] GET /exams?type=previous_year_paper - 304 (14ms)
[2026-01-26T07:42:27.263Z] GET /exams?type=previous_year_paper - 304 (11ms)
[2026-01-26T07:42:27.910Z] GET /exams?type=live_exam - 304 (9ms)
[2026-01-26T07:42:28.232Z] GET /exams?type=live_exam - 304 (11ms)
[2026-01-26T07:42:28.946Z] GET /exams?type=real_exam - 304 (11ms)
[2026-01-26T07:42:29.162Z] GET /exams?type=real_exam - 304 (10ms)
[2026-01-26T07:42:39.218Z] GET /users/saved-questions - 304 (17ms)
[2026-01-26T07:42:39.534Z] GET /users/saved-questions - 304 (3ms)
[2026-01-26T07:43:07.414Z] GET /exams/performance/trend - 304 (16ms)
[2026-01-26T07:43:07.416Z] GET /exams/user/stats - 304 (17ms)
[2026-01-26T07:43:07.703Z] GET /adaptive/mastery - 304 (4ms)
[2026-01-26T07:43:07.741Z] GET /exams/performance/trend - 304 (5ms)
[2026-01-26T07:43:07.746Z] GET /exams/user/stats - 304 (9ms)
[2026-01-26T07:43:08.016Z] GET /adaptive/mastery - 304 (4ms)
[2026-01-26T07:43:18.566Z] GET /exams/attempts/c8112a25-041d-4658-b2ba-0cfc7ec240e2 - 304 (26ms)
[2026-01-26T07:43:18.584Z] GET /exams/attempts/c8112a25-041d-4658-b2ba-0cfc7ec240e2 - 304 (13ms)
[2026-01-26T07:43:18.924Z] GET /users/saved-questions/59c20889-8f51-4f4c-98c3-50d8f7e3c636/status - 200 (4ms)
[2026-01-26T07:43:19.179Z] GET /users/saved-questions/59c20889-8f51-4f4c-98c3-50d8f7e3c636/status - 304 (3ms)
[2026-01-26T07:43:20.799Z] GET /admin/notifications/my - 304 (3ms)
[2026-01-26T07:43:22.610Z] GET /users/saved-questions/92478de5-37aa-4815-814d-bd3d66e96f30/status - 304 (3ms)
[2026-01-26T07:44:20.817Z] GET /admin/notifications/my - 304 (15ms)
[2026-01-26T07:45:21.143Z] GET /admin/notifications/my - 304 (15ms)
[2026-01-26T07:46:20.816Z] GET /admin/notifications/my - 304 (15ms)
[2026-01-26T07:46:31.190Z] GET /passes/current - 304 (20ms)
[2026-01-26T07:46:31.368Z] GET /exams/user/stats - 304 (7ms)
[2026-01-26T07:46:31.492Z] GET /exams/user/recent - 304 (10ms)
[2026-01-26T07:46:31.503Z] GET /exams/user/stats - 304 (5ms)
[2026-01-26T07:46:31.508Z] GET /passes/current - 304 (24ms)
[2026-01-26T07:46:31.694Z] GET /exams/user/recent - 304 (7ms)
[2026-01-26T07:47:21.241Z] GET /admin/notifications/my - 304 (15ms)
[2026-01-26T07:48:16.637Z] GET /admin/notifications/my - 304 (14ms)
[2026-01-26T07:48:16.641Z] GET /passes/current - 304 (16ms)
[2026-01-26T07:48:16.812Z] GET /exams/user/stats - 304 (6ms)
[2026-01-26T07:48:16.848Z] GET /exams/user/recent - 304 (8ms)
[2026-01-26T07:48:16.938Z] GET /admin/notifications/my - 304 (3ms)
[2026-01-26T07:48:16.942Z] GET /passes/current - 304 (6ms)
[2026-01-26T07:48:16.950Z] GET /exams/user/stats - 304 (6ms)
[2026-01-26T07:48:16.956Z] GET /exams/user/recent - 304 (8ms)
[2026-01-26T07:49:06.575Z] GET /admin/notifications/my - 304 (18ms)
[2026-01-26T07:49:06.580Z] GET /passes/current - 304 (21ms)
[2026-01-26T07:49:06.586Z] GET /exams/user/stats - 304 (24ms)
[2026-01-26T07:49:06.587Z] GET /admin/notifications/my - 304 (3ms)
[2026-01-26T07:49:06.593Z] GET /exams/user/recent - 304 (28ms)
[2026-01-26T07:49:06.902Z] GET /passes/current - 304 (6ms)
[2026-01-26T07:49:06.903Z] GET /exams/user/stats - 304 (5ms)
[2026-01-26T07:49:06.913Z] GET /exams/user/recent - 304 (6ms)
[2026-01-26T07:50:07.554Z] GET /admin/notifications/my - 304 (14ms)
[2026-01-26T07:51:07.246Z] GET /admin/notifications/my - 304 (13ms)
[2026-01-26T07:52:07.554Z] GET /admin/notifications/my - 304 (14ms)
[2026-01-26T07:53:07.249Z] GET /admin/notifications/my - 304 (16ms)
[2026-01-26T07:53:48.768Z] GET /exams?type=real_exam - 304 (28ms)
[2026-01-26T07:53:48.947Z] GET /exams?type=real_exam - 304 (11ms)
[2026-01-26T07:54:06.571Z] GET /admin/notifications/my - 304 (17ms)
[2026-01-26T07:55:07.555Z] GET /admin/notifications/my - 304 (13ms)
[2026-01-26T07:56:11.556Z] GET /admin/notifications/my - 304 (14ms)
[2026-01-26T07:57:11.241Z] GET /admin/notifications/my - 304 (12ms)
[2026-01-26T07:58:11.555Z] GET /admin/notifications/my - 304 (14ms)
[2026-01-26T07:59:11.571Z] GET /admin/notifications/my - 304 (14ms)
[2026-01-26T08:00:11.249Z] GET /admin/notifications/my - 304 (13ms)
[2026-01-26T08:01:06.566Z] GET /admin/notifications/my - 304 (14ms)
[2026-01-26T08:01:39.085Z] GET /exams?type=live_exam - 304 (27ms)
[2026-01-26T08:01:39.100Z] GET /exams?type=live_exam - 304 (9ms)
[2026-01-26T08:01:43.746Z] GET /exams?type=previous_year_paper - 304 (11ms)
[2026-01-26T08:01:43.765Z] GET /exams?type=previous_year_paper - 304 (13ms)
[2026-01-26T08:02:06.875Z] GET /admin/notifications/my - 304 (15ms)
[2026-01-26T08:03:07.547Z] GET /admin/notifications/my - 304 (14ms)
[2026-01-26T08:04:11.542Z] GET /admin/notifications/my - 304 (14ms)
[2026-01-26T08:04:57.662Z] GET /exams/hierarchy - 403: "Forbidden resource"
[2026-01-26T08:04:57.664Z] GET /exams/hierarchy - 403 (2ms)
[2026-01-26T08:04:57.672Z] GET /exams/hierarchy - 403: "Forbidden resource"
[2026-01-26T08:04:57.675Z] GET /exams/hierarchy - 403 (4ms)
[2026-01-26T08:05:01.507Z] GET /exams?type=quiz - 500: "invalid input value for enum exam_type_enum: \"quiz\""
QueryFailedError: invalid input value for enum exam_type_enum: "quiz"
    at PostgresQueryRunner.query (C:\Users\dadim\OneDrive\Desktop\eRankUp\backend\node_modules\typeorm\driver\postgres\PostgresQueryRunner.js:216:19)
    at process.processTicksAndRejections (node:internal/process/task_queues:103:5)
    at async SelectQueryBuilder.loadRawResults (C:\Users\dadim\OneDrive\Desktop\eRankUp\backend\node_modules\typeorm\query-builder\SelectQueryBuilder.js:2231:25)
    at async SelectQueryBuilder.executeEntitiesAndRawResults (C:\Users\dadim\OneDrive\Desktop\eRankUp\backend\node_modules\typeorm\query-builder\SelectQueryBuilder.js:2079:26)
    at async SelectQueryBuilder.getRawAndEntities (C:\Users\dadim\OneDrive\Desktop\eRankUp\backend\node_modules\typeorm\query-builder\SelectQueryBuilder.js:684:29)
    at async SelectQueryBuilder.getMany (C:\Users\dadim\OneDrive\Desktop\eRankUp\backend\node_modules\typeorm\query-builder\SelectQueryBuilder.js:750:25)
    at async ExamsService.findAll (C:\Users\dadim\OneDrive\Desktop\eRankUp\backend\dist\backend\src\exams\exams.service.js:68:23)
    at async ExamsController.findAll (C:\Users\dadim\OneDrive\Desktop\eRankUp\backend\dist\backend\src\exams\exams.controller.js:44:23)
[2026-01-26T08:05:01.509Z] GET /exams?type=quiz - 500 (16ms)
[2026-01-26T08:05:01.519Z] GET /exams?type=quiz - 500: "invalid input value for enum exam_type_enum: \"quiz\""
QueryFailedError: invalid input value for enum exam_type_enum: "quiz"
    at PostgresQueryRunner.query (C:\Users\dadim\OneDrive\Desktop\eRankUp\backend\node_modules\typeorm\driver\postgres\PostgresQueryRunner.js:216:19)
    at process.processTicksAndRejections (node:internal/process/task_queues:103:5)
    at async SelectQueryBuilder.loadRawResults (C:\Users\dadim\OneDrive\Desktop\eRankUp\backend\node_modules\typeorm\query-builder\SelectQueryBuilder.js:2231:25)
    at async SelectQueryBuilder.executeEntitiesAndRawResults (C:\Users\dadim\OneDrive\Desktop\eRankUp\backend\node_modules\typeorm\query-builder\SelectQueryBuilder.js:2079:26)
    at async SelectQueryBuilder.getRawAndEntities (C:\Users\dadim\OneDrive\Desktop\eRankUp\backend\node_modules\typeorm\query-builder\SelectQueryBuilder.js:684:29)
    at async SelectQueryBuilder.getMany (C:\Users\dadim\OneDrive\Desktop\eRankUp\backend\node_modules\typeorm\query-builder\SelectQueryBuilder.js:750:25)
    at async ExamsService.findAll (C:\Users\dadim\OneDrive\Desktop\eRankUp\backend\dist\backend\src\exams\exams.service.js:68:23)
    at async ExamsController.findAll (C:\Users\dadim\OneDrive\Desktop\eRankUp\backend\dist\backend\src\exams\exams.controller.js:44:23)
[2026-01-26T08:05:01.521Z] GET /exams?type=quiz - 500 (6ms)
[2026-01-26T08:05:04.292Z] GET /exams/performance/trend - 304 (7ms)
[2026-01-26T08:05:04.304Z] GET /adaptive/mastery - 304 (16ms)
[2026-01-26T08:05:04.306Z] GET /exams/user/stats - 304 (19ms)
[2026-01-26T08:05:04.606Z] GET /exams/performance/trend - 304 (5ms)
[2026-01-26T08:05:04.619Z] GET /adaptive/mastery - 304 (7ms)
[2026-01-26T08:05:04.625Z] GET /exams/user/stats - 304 (8ms)
[2026-01-26T08:05:06.865Z] GET /admin/notifications/my - 304 (3ms)
[2026-01-26T08:05:12.794Z] GET /passes - 304 (4ms)
[2026-01-26T08:05:13.114Z] GET /passes - 304 (3ms)
[2026-01-26T08:05:23.158Z] GET /users/saved-questions - 304 (17ms)
[2026-01-26T08:05:23.475Z] GET /users/saved-questions - 304 (4ms)
[2026-01-26T08:06:07.243Z] GET /admin/notifications/my - 304 (14ms)
[2026-01-26T08:07:11.559Z] GET /admin/notifications/my - 304 (13ms)
[2026-01-26T08:08:11.245Z] GET /admin/notifications/my - 304 (14ms)
[2026-01-26T08:09:11.149Z] GET /admin/notifications/my - 304 (17ms)
[2026-01-26T08:09:25.854Z] GET /admin/notifications/my - 304 (19ms)
[2026-01-26T08:09:25.857Z] GET /users/saved-questions - 304 (20ms)
[2026-01-26T08:09:25.864Z] GET /admin/notifications/my - 304 (3ms)
[2026-01-26T08:09:25.871Z] GET /users/saved-questions - 304 (4ms)
[2026-01-26T08:10:12.213Z] GET /exams?type=real_exam - 304 (29ms)
[2026-01-26T08:10:12.234Z] GET /exams?type=real_exam - 304 (15ms)
[2026-01-26T08:10:16.107Z] GET /exams?type=live_exam - 304 (11ms)
[2026-01-26T08:10:16.123Z] GET /exams?type=live_exam - 304 (11ms)
[2026-01-26T08:10:18.707Z] GET /exams?type=previous_year_paper - 304 (10ms)
[2026-01-26T08:10:18.725Z] GET /exams?type=previous_year_paper - 304 (12ms)
[2026-01-26T08:10:26.157Z] GET /admin/notifications/my - 304 (4ms)
[2026-01-26T08:10:28.464Z] GET /exams/hierarchy - 403: "Forbidden resource"
[2026-01-26T08:10:28.466Z] GET /exams/hierarchy - 403 (2ms)
[2026-01-26T08:10:28.778Z] GET /exams/hierarchy - 403: "Forbidden resource"
[2026-01-26T08:10:28.780Z] GET /exams/hierarchy - 403 (3ms)
[2026-01-26T08:10:32.611Z] GET /exams/performance/trend - 304 (6ms)
[2026-01-26T08:10:32.636Z] GET /exams/user/stats - 304 (28ms)
[2026-01-26T08:10:32.916Z] GET /adaptive/mastery - 304 (4ms)
[2026-01-26T08:10:32.928Z] GET /exams/performance/trend - 304 (7ms)
[2026-01-26T08:10:32.950Z] GET /exams/user/stats - 304 (5ms)
[2026-01-26T08:10:33.231Z] GET /adaptive/mastery - 304 (4ms)
[2026-01-26T08:10:36.507Z] GET /passes/current - 304 (9ms)
[2026-01-26T08:10:36.509Z] GET /exams/user/stats - 304 (8ms)
[2026-01-26T08:10:36.806Z] GET /exams/user/recent - 304 (10ms)
[2026-01-26T08:10:36.828Z] GET /passes/current - 304 (5ms)
[2026-01-26T08:10:36.830Z] GET /exams/user/stats - 304 (6ms)
[2026-01-26T08:10:37.133Z] GET /exams/user/recent - 304 (10ms)
[2026-01-26T08:10:37.462Z] GET /exams?type=real_exam - 304 (15ms)
[2026-01-26T08:10:37.719Z] GET /exams?type=real_exam - 304 (13ms)
[2026-01-26T08:10:39.195Z] GET /exams?type=live_exam - 304 (14ms)
[2026-01-26T08:10:39.518Z] GET /exams?type=live_exam - 304 (13ms)
[2026-01-26T08:10:40.305Z] GET /exams?type=previous_year_paper - 304 (13ms)
[2026-01-26T08:10:40.636Z] GET /exams?type=previous_year_paper - 304 (12ms)
[2026-01-26T08:10:41.885Z] GET /exams/hierarchy - 403: "Forbidden resource"
[2026-01-26T08:10:41.887Z] GET /exams/hierarchy - 403 (3ms)
[2026-01-26T08:10:42.205Z] GET /exams/hierarchy - 403: "Forbidden resource"
[2026-01-26T08:10:42.206Z] GET /exams/hierarchy - 403 (2ms)
[2026-01-26T08:10:43.873Z] GET /exams?type=quiz - 500: "invalid input value for enum exam_type_enum: \"quiz\""
QueryFailedError: invalid input value for enum exam_type_enum: "quiz"
    at PostgresQueryRunner.query (C:\Users\dadim\OneDrive\Desktop\eRankUp\backend\node_modules\typeorm\driver\postgres\PostgresQueryRunner.js:216:19)
    at process.processTicksAndRejections (node:internal/process/task_queues:103:5)
    at async SelectQueryBuilder.loadRawResults (C:\Users\dadim\OneDrive\Desktop\eRankUp\backend\node_modules\typeorm\query-builder\SelectQueryBuilder.js:2231:25)
    at async SelectQueryBuilder.executeEntitiesAndRawResults (C:\Users\dadim\OneDrive\Desktop\eRankUp\backend\node_modules\typeorm\query-builder\SelectQueryBuilder.js:2079:26)
    at async SelectQueryBuilder.getRawAndEntities (C:\Users\dadim\OneDrive\Desktop\eRankUp\backend\node_modules\typeorm\query-builder\SelectQueryBuilder.js:684:29)
    at async SelectQueryBuilder.getMany (C:\Users\dadim\OneDrive\Desktop\eRankUp\backend\node_modules\typeorm\query-builder\SelectQueryBuilder.js:750:25)
    at async ExamsService.findAll (C:\Users\dadim\OneDrive\Desktop\eRankUp\backend\dist\backend\src\exams\exams.service.js:68:23)
    at async ExamsController.findAll (C:\Users\dadim\OneDrive\Desktop\eRankUp\backend\dist\backend\src\exams\exams.controller.js:44:23)
[2026-01-26T08:10:43.875Z] GET /exams?type=quiz - 500 (7ms)
[2026-01-26T08:10:43.886Z] GET /exams?type=quiz - 500: "invalid input value for enum exam_type_enum: \"quiz\""
QueryFailedError: invalid input value for enum exam_type_enum: "quiz"
    at PostgresQueryRunner.query (C:\Users\dadim\OneDrive\Desktop\eRankUp\backend\node_modules\typeorm\driver\postgres\PostgresQueryRunner.js:216:19)
    at process.processTicksAndRejections (node:internal/process/task_queues:103:5)
    at async SelectQueryBuilder.loadRawResults (C:\Users\dadim\OneDrive\Desktop\eRankUp\backend\node_modules\typeorm\query-builder\SelectQueryBuilder.js:2231:25)
    at async SelectQueryBuilder.executeEntitiesAndRawResults (C:\Users\dadim\OneDrive\Desktop\eRankUp\backend\node_modules\typeorm\query-builder\SelectQueryBuilder.js:2079:26)
    at async SelectQueryBuilder.getRawAndEntities (C:\Users\dadim\OneDrive\Desktop\eRankUp\backend\node_modules\typeorm\query-builder\SelectQueryBuilder.js:684:29)
    at async SelectQueryBuilder.getMany (C:\Users\dadim\OneDrive\Desktop\eRankUp\backend\node_modules\typeorm\query-builder\SelectQueryBuilder.js:750:25)
    at async ExamsService.findAll (C:\Users\dadim\OneDrive\Desktop\eRankUp\backend\dist\backend\src\exams\exams.service.js:68:23)
    at async ExamsController.findAll (C:\Users\dadim\OneDrive\Desktop\eRankUp\backend\dist\backend\src\exams\exams.controller.js:44:23)
[2026-01-26T08:10:43.888Z] GET /exams?type=quiz - 500 (6ms)
[2026-01-26T08:10:46.570Z] GET /users/saved-questions - 304 (5ms)
[2026-01-26T08:10:46.768Z] GET /users/saved-questions - 304 (4ms)
[2026-01-26T08:11:26.242Z] GET /admin/notifications/my - 304 (13ms)
[2026-01-26T08:12:26.555Z] GET /admin/notifications/my - 304 (15ms)
[2026-01-26T08:13:26.241Z] GET /admin/notifications/my - 304 (15ms)
[2026-01-26T08:14:26.541Z] GET /admin/notifications/my - 304 (14ms)
[2026-01-26T08:15:26.235Z] GET /admin/notifications/my - 304 (13ms)
[2026-01-26T08:17:11.555Z] GET /admin/notifications/my - 304 (13ms)
[2026-01-26T08:18:11.246Z] GET /admin/notifications/my - 304 (14ms)
[2026-01-26T08:19:11.551Z] GET /admin/notifications/my - 304 (13ms)
[2026-01-26T08:19:34.214Z] GET /admin/notifications/my - 304 (15ms)
[2026-01-26T08:19:37.166Z] GET /admin/notifications/my - 304 (4ms)
[2026-01-26T08:19:37.174Z] GET /admin/notifications/my - 304 (3ms)
[2026-01-26T08:19:37.182Z] GET /users/saved-questions - 304 (19ms)
[2026-01-26T08:19:37.191Z] GET /users/saved-questions - 304 (3ms)
[2026-01-26T08:19:43.673Z] GET /passes/current - 304 (8ms)
[2026-01-26T08:19:43.676Z] GET /exams/user/stats - 304 (9ms)
[2026-01-26T08:19:43.991Z] GET /exams/user/recent - 304 (9ms)
[2026-01-26T08:19:43.994Z] GET /passes/current - 304 (10ms)
[2026-01-26T08:19:44.006Z] GET /exams/user/stats - 304 (8ms)
[2026-01-26T08:19:44.315Z] GET /exams/user/recent - 304 (8ms)
[2026-01-26T08:20:37.479Z] GET /admin/notifications/my - 304 (14ms)
[2026-01-26T08:20:41.612Z] GET /exams?type=real_exam - 304 (12ms)
[2026-01-26T08:20:41.811Z] GET /exams?type=real_exam - 304 (13ms)
[2026-01-26T08:20:46.662Z] GET /users/saved-questions - 304 (4ms)
[2026-01-26T08:20:46.974Z] GET /users/saved-questions - 304 (4ms)
[2026-01-26T08:21:37.252Z] GET /admin/notifications/my - 304 (14ms)
[2026-01-26T08:22:37.554Z] GET /admin/notifications/my - 304 (14ms)
[2026-01-26T08:23:37.236Z] GET /admin/notifications/my - 304 (14ms)
[2026-01-26T08:24:24.118Z] GET /admin/notifications/my - 304 (18ms)
[2026-01-26T08:24:24.120Z] GET /users/saved-questions - 304 (18ms)
[2026-01-26T08:24:24.127Z] GET /admin/notifications/my - 304 (3ms)
[2026-01-26T08:24:24.137Z] GET /users/saved-questions - 304 (5ms)
[2026-01-26T08:25:24.559Z] GET /admin/notifications/my - 304 (14ms)
[2026-01-26T08:26:24.244Z] GET /admin/notifications/my - 304 (13ms)
[2026-01-26T08:27:24.564Z] GET /admin/notifications/my - 304 (15ms)
[2026-01-26T08:28:24.253Z] GET /admin/notifications/my - 304 (14ms)
[2026-01-26T08:29:24.546Z] GET /admin/notifications/my - 304 (13ms)
[2026-01-26T08:30:24.242Z] GET /admin/notifications/my - 304 (14ms)
[2026-01-26T08:32:00.002Z] GET /admin/notifications/my - 304 (16ms)
[2026-01-26T08:32:03.679Z] GET /passes/current - 304 (7ms)
[2026-01-26T08:32:03.854Z] GET /exams/user/stats - 304 (6ms)
[2026-01-26T08:32:04.008Z] GET /exams/user/recent - 304 (13ms)
[2026-01-26T08:32:04.020Z] GET /exams/user/stats - 304 (21ms)
[2026-01-26T08:32:04.023Z] GET /passes/current - 304 (26ms)
[2026-01-26T08:32:04.182Z] GET /exams/user/recent - 304 (10ms)
[2026-01-26T08:32:05.275Z] GET /exams?type=real_exam - 304 (11ms)
[2026-01-26T08:32:05.485Z] GET /exams?type=real_exam - 304 (11ms)
[2026-01-26T08:32:08.252Z] GET /exams?type=live_exam - 304 (11ms)
[2026-01-26T08:32:08.467Z] GET /exams?type=live_exam - 304 (12ms)
[2026-01-26T08:32:10.823Z] GET /exams?type=previous_year_paper - 304 (16ms)
[2026-01-26T08:32:11.023Z] GET /exams?type=previous_year_paper - 304 (12ms)
[2026-01-26T08:32:13.816Z] GET /exams/hierarchy - 403: "Forbidden resource"
[2026-01-26T08:32:13.818Z] GET /exams/hierarchy - 403 (2ms)
[2026-01-26T08:32:14.032Z] GET /exams/hierarchy - 403: "Forbidden resource"
[2026-01-26T08:32:14.034Z] GET /exams/hierarchy - 403 (2ms)
[2026-01-26T08:32:16.265Z] GET /exams/performance/trend - 304 (6ms)
[2026-01-26T08:32:16.282Z] GET /exams/user/stats - 304 (20ms)
[2026-01-26T08:32:16.570Z] GET /adaptive/mastery - 304 (4ms)
[2026-01-26T08:32:16.577Z] GET /exams/performance/trend - 304 (5ms)
[2026-01-26T08:32:16.596Z] GET /exams/user/stats - 304 (5ms)
[2026-01-26T08:32:16.881Z] GET /adaptive/mastery - 304 (4ms)
[2026-01-26T08:32:17.356Z] GET /exams?type=quiz - 500: "invalid input value for enum exam_type_enum: \"quiz\""
QueryFailedError: invalid input value for enum exam_type_enum: "quiz"
    at PostgresQueryRunner.query (C:\Users\dadim\OneDrive\Desktop\eRankUp\backend\node_modules\typeorm\driver\postgres\PostgresQueryRunner.js:216:19)
    at process.processTicksAndRejections (node:internal/process/task_queues:103:5)
    at async SelectQueryBuilder.loadRawResults (C:\Users\dadim\OneDrive\Desktop\eRankUp\backend\node_modules\typeorm\query-builder\SelectQueryBuilder.js:2231:25)
    at async SelectQueryBuilder.executeEntitiesAndRawResults (C:\Users\dadim\OneDrive\Desktop\eRankUp\backend\node_modules\typeorm\query-builder\SelectQueryBuilder.js:2079:26)
    at async SelectQueryBuilder.getRawAndEntities (C:\Users\dadim\OneDrive\Desktop\eRankUp\backend\node_modules\typeorm\query-builder\SelectQueryBuilder.js:684:29)
    at async SelectQueryBuilder.getMany (C:\Users\dadim\OneDrive\Desktop\eRankUp\backend\node_modules\typeorm\query-builder\SelectQueryBuilder.js:750:25)
    at async ExamsService.findAll (C:\Users\dadim\OneDrive\Desktop\eRankUp\backend\dist\backend\src\exams\exams.service.js:68:23)
    at async ExamsController.findAll (C:\Users\dadim\OneDrive\Desktop\eRankUp\backend\dist\backend\src\exams\exams.controller.js:44:23)
[2026-01-26T08:32:17.359Z] GET /exams?type=quiz - 500 (7ms)
[2026-01-26T08:32:17.461Z] GET /exams?type=quiz - 500: "invalid input value for enum exam_type_enum: \"quiz\""
QueryFailedError: invalid input value for enum exam_type_enum: "quiz"
    at PostgresQueryRunner.query (C:\Users\dadim\OneDrive\Desktop\eRankUp\backend\node_modules\typeorm\driver\postgres\PostgresQueryRunner.js:216:19)
    at process.processTicksAndRejections (node:internal/process/task_queues:103:5)
    at async SelectQueryBuilder.loadRawResults (C:\Users\dadim\OneDrive\Desktop\eRankUp\backend\node_modules\typeorm\query-builder\SelectQueryBuilder.js:2231:25)
    at async SelectQueryBuilder.executeEntitiesAndRawResults (C:\Users\dadim\OneDrive\Desktop\eRankUp\backend\node_modules\typeorm\query-builder\SelectQueryBuilder.js:2079:26)
    at async SelectQueryBuilder.getRawAndEntities (C:\Users\dadim\OneDrive\Desktop\eRankUp\backend\node_modules\typeorm\query-builder\SelectQueryBuilder.js:684:29)
    at async SelectQueryBuilder.getMany (C:\Users\dadim\OneDrive\Desktop\eRankUp\backend\node_modules\typeorm\query-builder\SelectQueryBuilder.js:750:25)
    at async ExamsService.findAll (C:\Users\dadim\OneDrive\Desktop\eRankUp\backend\dist\backend\src\exams\exams.service.js:68:23)
    at async ExamsController.findAll (C:\Users\dadim\OneDrive\Desktop\eRankUp\backend\dist\backend\src\exams\exams.controller.js:44:23)
[2026-01-26T08:32:17.463Z] GET /exams?type=quiz - 500 (5ms)
[2026-01-26T08:32:24.101Z] GET /admin/notifications/my - 304 (4ms)
[2026-01-26T08:33:24.564Z] GET /admin/notifications/my - 304 (15ms)
[2026-01-26T08:34:24.246Z] GET /admin/notifications/my - 304 (15ms)
[2026-01-26T08:35:26.555Z] GET /admin/notifications/my - 304 (13ms)
[2026-01-26T08:36:24.255Z] GET /admin/notifications/my - 304 (13ms)
[2026-01-26T08:37:25.253Z] GET /admin/notifications/my - 304 (15ms)
[2026-01-26T08:38:26.253Z] GET /admin/notifications/my - 304 (14ms)
[2026-01-26T08:40:11.551Z] GET /admin/notifications/my - 304 (15ms)
[2026-01-26T08:40:21.956Z] GET /passes/current - 304 (22ms)
[2026-01-26T08:40:22.253Z] GET /exams/user/stats - 304 (6ms)
[2026-01-26T08:40:22.269Z] GET /exams/user/recent - 304 (21ms)
[2026-01-26T08:40:22.273Z] GET /passes/current - 304 (7ms)
[2026-01-26T08:40:22.571Z] GET /exams/user/stats - 304 (5ms)
[2026-01-26T08:40:22.586Z] GET /exams/user/recent - 304 (8ms)
[2026-01-26T08:40:24.420Z] GET /admin/notifications/my - 304 (3ms)
[2026-01-26T08:40:34.347Z] GET /exams?type=real_exam - 304 (11ms)
[2026-01-26T08:40:34.666Z] GET /exams?type=real_exam - 304 (10ms)
[2026-01-26T08:40:36.175Z] GET /exams?type=live_exam - 304 (11ms)
[2026-01-26T08:40:36.500Z] GET /exams?type=live_exam - 304 (9ms)
[2026-01-26T08:40:38.454Z] GET /exams?type=previous_year_paper - 304 (10ms)
[2026-01-26T08:40:38.783Z] GET /exams?type=previous_year_paper - 304 (11ms)
[2026-01-26T08:40:41.922Z] GET /exams/hierarchy - 403: "Forbidden resource"
[2026-01-26T08:40:41.924Z] GET /exams/hierarchy - 403 (3ms)
[2026-01-26T08:40:42.243Z] GET /exams/hierarchy - 403: "Forbidden resource"
[2026-01-26T08:40:42.245Z] GET /exams/hierarchy - 403 (3ms)
[2026-01-26T08:40:44.336Z] GET /exams?type=quiz - 500: "invalid input value for enum exam_type_enum: \"quiz\""
QueryFailedError: invalid input value for enum exam_type_enum: "quiz"
    at PostgresQueryRunner.query (C:\Users\dadim\OneDrive\Desktop\eRankUp\backend\node_modules\typeorm\driver\postgres\PostgresQueryRunner.js:216:19)
    at process.processTicksAndRejections (node:internal/process/task_queues:103:5)
    at async SelectQueryBuilder.loadRawResults (C:\Users\dadim\OneDrive\Desktop\eRankUp\backend\node_modules\typeorm\query-builder\SelectQueryBuilder.js:2231:25)
    at async SelectQueryBuilder.executeEntitiesAndRawResults (C:\Users\dadim\OneDrive\Desktop\eRankUp\backend\node_modules\typeorm\query-builder\SelectQueryBuilder.js:2079:26)
    at async SelectQueryBuilder.getRawAndEntities (C:\Users\dadim\OneDrive\Desktop\eRankUp\backend\node_modules\typeorm\query-builder\SelectQueryBuilder.js:684:29)
    at async SelectQueryBuilder.getMany (C:\Users\dadim\OneDrive\Desktop\eRankUp\backend\node_modules\typeorm\query-builder\SelectQueryBuilder.js:750:25)
    at async ExamsService.findAll (C:\Users\dadim\OneDrive\Desktop\eRankUp\backend\dist\backend\src\exams\exams.service.js:68:23)
    at async ExamsController.findAll (C:\Users\dadim\OneDrive\Desktop\eRankUp\backend\dist\backend\src\exams\exams.controller.js:44:23)
[2026-01-26T08:40:44.338Z] GET /exams?type=quiz - 500 (6ms)
[2026-01-26T08:40:44.556Z] GET /exams?type=quiz - 500: "invalid input value for enum exam_type_enum: \"quiz\""
QueryFailedError: invalid input value for enum exam_type_enum: "quiz"
    at PostgresQueryRunner.query (C:\Users\dadim\OneDrive\Desktop\eRankUp\backend\node_modules\typeorm\driver\postgres\PostgresQueryRunner.js:216:19)
    at process.processTicksAndRejections (node:internal/process/task_queues:103:5)
    at async SelectQueryBuilder.loadRawResults (C:\Users\dadim\OneDrive\Desktop\eRankUp\backend\node_modules\typeorm\query-builder\SelectQueryBuilder.js:2231:25)
    at async SelectQueryBuilder.executeEntitiesAndRawResults (C:\Users\dadim\OneDrive\Desktop\eRankUp\backend\node_modules\typeorm\query-builder\SelectQueryBuilder.js:2079:26)
    at async SelectQueryBuilder.getRawAndEntities (C:\Users\dadim\OneDrive\Desktop\eRankUp\backend\node_modules\typeorm\query-builder\SelectQueryBuilder.js:684:29)
    at async SelectQueryBuilder.getMany (C:\Users\dadim\OneDrive\Desktop\eRankUp\backend\node_modules\typeorm\query-builder\SelectQueryBuilder.js:750:25)
    at async ExamsService.findAll (C:\Users\dadim\OneDrive\Desktop\eRankUp\backend\dist\backend\src\exams\exams.service.js:68:23)
    at async ExamsController.findAll (C:\Users\dadim\OneDrive\Desktop\eRankUp\backend\dist\backend\src\exams\exams.controller.js:44:23)
[2026-01-26T08:40:44.558Z] GET /exams?type=quiz - 500 (5ms)
[2026-01-26T08:40:46.813Z] GET /exams/performance/trend - 304 (5ms)
[2026-01-26T08:40:47.128Z] GET /exams/user/stats - 304 (7ms)
[2026-01-26T08:40:47.135Z] GET /exams/performance/trend - 304 (5ms)
[2026-01-26T08:40:47.144Z] GET /adaptive/mastery - 304 (22ms)
[2026-01-26T08:40:47.377Z] GET /exams/hierarchy - 403: "Forbidden resource"
[2026-01-26T08:40:47.379Z] GET /exams/hierarchy - 403 (3ms)
[2026-01-26T08:40:47.448Z] GET /exams/user/stats - 304 (7ms)
[2026-01-26T08:40:47.457Z] GET /adaptive/mastery - 304 (4ms)
[2026-01-26T08:40:47.758Z] GET /exams/hierarchy - 403: "Forbidden resource"
[2026-01-26T08:40:47.760Z] GET /exams/hierarchy - 403 (3ms)
[2026-01-26T08:40:48.315Z] GET /exams?type=quiz - 500: "invalid input value for enum exam_type_enum: \"quiz\""
QueryFailedError: invalid input value for enum exam_type_enum: "quiz"
    at PostgresQueryRunner.query (C:\Users\dadim\OneDrive\Desktop\eRankUp\backend\node_modules\typeorm\driver\postgres\PostgresQueryRunner.js:216:19)
    at process.processTicksAndRejections (node:internal/process/task_queues:103:5)
    at async SelectQueryBuilder.loadRawResults (C:\Users\dadim\OneDrive\Desktop\eRankUp\backend\node_modules\typeorm\query-builder\SelectQueryBuilder.js:2231:25)
    at async SelectQueryBuilder.executeEntitiesAndRawResults (C:\Users\dadim\OneDrive\Desktop\eRankUp\backend\node_modules\typeorm\query-builder\SelectQueryBuilder.js:2079:26)
    at async SelectQueryBuilder.getRawAndEntities (C:\Users\dadim\OneDrive\Desktop\eRankUp\backend\node_modules\typeorm\query-builder\SelectQueryBuilder.js:684:29)
    at async SelectQueryBuilder.getMany (C:\Users\dadim\OneDrive\Desktop\eRankUp\backend\node_modules\typeorm\query-builder\SelectQueryBuilder.js:750:25)
    at async ExamsService.findAll (C:\Users\dadim\OneDrive\Desktop\eRankUp\backend\dist\backend\src\exams\exams.service.js:68:23)
    at async ExamsController.findAll (C:\Users\dadim\OneDrive\Desktop\eRankUp\backend\dist\backend\src\exams\exams.controller.js:44:23)
[2026-01-26T08:40:48.317Z] GET /exams?type=quiz - 500 (7ms)
[2026-01-26T08:40:48.573Z] GET /exams?type=quiz - 500: "invalid input value for enum exam_type_enum: \"quiz\""
QueryFailedError: invalid input value for enum exam_type_enum: "quiz"
    at PostgresQueryRunner.query (C:\Users\dadim\OneDrive\Desktop\eRankUp\backend\node_modules\typeorm\driver\postgres\PostgresQueryRunner.js:216:19)
    at process.processTicksAndRejections (node:internal/process/task_queues:103:5)
    at async SelectQueryBuilder.loadRawResults (C:\Users\dadim\OneDrive\Desktop\eRankUp\backend\node_modules\typeorm\query-builder\SelectQueryBuilder.js:2231:25)
    at async SelectQueryBuilder.executeEntitiesAndRawResults (C:\Users\dadim\OneDrive\Desktop\eRankUp\backend\node_modules\typeorm\query-builder\SelectQueryBuilder.js:2079:26)
    at async SelectQueryBuilder.getRawAndEntities (C:\Users\dadim\OneDrive\Desktop\eRankUp\backend\node_modules\typeorm\query-builder\SelectQueryBuilder.js:684:29)
    at async SelectQueryBuilder.getMany (C:\Users\dadim\OneDrive\Desktop\eRankUp\backend\node_modules\typeorm\query-builder\SelectQueryBuilder.js:750:25)
    at async ExamsService.findAll (C:\Users\dadim\OneDrive\Desktop\eRankUp\backend\dist\backend\src\exams\exams.service.js:68:23)
    at async ExamsController.findAll (C:\Users\dadim\OneDrive\Desktop\eRankUp\backend\dist\backend\src\exams\exams.controller.js:44:23)
[2026-01-26T08:40:48.575Z] GET /exams?type=quiz - 500 (5ms)
[2026-01-26T08:40:50.622Z] GET /exams/performance/trend - 304 (8ms)
[2026-01-26T08:40:50.928Z] GET /exams/user/stats - 304 (4ms)
[2026-01-26T08:40:50.930Z] GET /adaptive/mastery - 304 (5ms)
[2026-01-26T08:40:50.939Z] GET /exams/performance/trend - 304 (5ms)
[2026-01-26T08:40:51.249Z] GET /exams/user/stats - 304 (5ms)
[2026-01-26T08:40:51.251Z] GET /adaptive/mastery - 304 (5ms)
[2026-01-26T08:40:53.763Z] GET /passes - 304 (3ms)
[2026-01-26T08:40:53.770Z] GET /passes - 304 (2ms)
[2026-01-26T08:41:24.431Z] GET /admin/notifications/my - 304 (16ms)
[2026-01-26T08:42:24.246Z] GET /admin/notifications/my - 304 (14ms)
[2026-01-26T08:43:24.242Z] GET /admin/notifications/my - 304 (13ms)
[2026-01-26T08:43:38.953Z] GET /passes/current - 304 (17ms)
[2026-01-26T08:43:38.955Z] GET /exams/user/stats - 304 (17ms)
[2026-01-26T08:43:39.246Z] GET /exams/user/recent - 304 (7ms)
[2026-01-26T08:43:39.273Z] GET /passes/current - 304 (6ms)
[2026-01-26T08:43:39.274Z] GET /exams/user/stats - 304 (5ms)
[2026-01-26T08:43:39.563Z] GET /exams/user/recent - 304 (7ms)
[2026-01-26T08:44:24.113Z] GET /admin/notifications/my - 304 (14ms)
[2026-01-26T08:45:19.241Z] GET /users/saved-questions - 304 (16ms)
[2026-01-26T08:45:19.250Z] GET /users/saved-questions - 304 (3ms)
[2026-01-26T08:45:24.099Z] GET /admin/notifications/my - 304 (3ms)
[2026-01-26T08:45:54.715Z] GET /users/saved-questions - 304 (17ms)
[2026-01-26T08:45:55.029Z] GET /users/saved-questions - 304 (3ms)
[2026-01-26T08:46:24.549Z] GET /admin/notifications/my - 304 (13ms)
[2026-01-26T08:46:43.708Z] GET /users/saved-questions - 304 (17ms)
[2026-01-26T08:46:44.026Z] GET /users/saved-questions - 304 (3ms)
[2026-01-26T08:47:24.235Z] GET /admin/notifications/my - 304 (13ms)
[2026-01-26T08:48:17.223Z] GET /users/saved-questions - 304 (16ms)
[2026-01-26T08:48:17.417Z] GET /users/saved-questions - 304 (4ms)
[2026-01-26T08:48:24.099Z] GET /admin/notifications/my - 304 (3ms)
[2026-01-26T08:49:24.245Z] GET /admin/notifications/my - 304 (13ms)
[2026-01-26T08:51:11.554Z] GET /admin/notifications/my - 304 (14ms)
[2026-01-26T08:52:11.251Z] GET /admin/notifications/my - 304 (13ms)
[2026-01-26T08:53:11.558Z] GET /admin/notifications/my - 304 (14ms)
[2026-01-26T08:54:11.249Z] GET /admin/notifications/my - 304 (13ms)
[2026-01-26T08:55:11.543Z] GET /admin/notifications/my - 304 (13ms)
[2026-01-26T09:11:28.245Z] GET /admin/notifications/my - 304 (17ms)
[2026-01-26T09:13:11.563Z] GET /admin/notifications/my - 304 (15ms)
[2026-01-26T09:14:11.241Z] GET /admin/notifications/my - 304 (13ms)
[2026-01-26T09:14:27.278Z] GET /admin/notifications/my - 304 (15ms)
[2026-01-26T09:14:31.081Z] GET /passes/current - 304 (8ms)
[2026-01-26T09:14:31.386Z] GET /exams/user/stats - 304 (7ms)
[2026-01-26T09:14:31.397Z] GET /passes/current - 304 (5ms)
[2026-01-26T09:14:31.404Z] GET /exams/user/recent - 304 (23ms)
[2026-01-26T09:14:31.711Z] GET /exams/user/stats - 304 (6ms)
[2026-01-26T09:14:31.726Z] GET /exams/user/recent - 304 (9ms)
[2026-01-26T09:15:24.128Z] GET /admin/notifications/my - 304 (15ms)
[2026-01-26T09:15:25.662Z] GET /quality/my-flags - 404: "Cannot GET /quality/my-flags"
[2026-01-26T09:15:25.664Z] GET /quality/my-flags - 404 (2ms)
[2026-01-26T09:15:25.973Z] GET /quality/my-flags - 404: "Cannot GET /quality/my-flags"
[2026-01-26T09:15:25.976Z] GET /quality/my-flags - 404 (3ms)
[2026-01-26T09:15:29.558Z] GET /users/saved-questions - 304 (4ms)
[2026-01-26T09:15:29.782Z] GET /users/saved-questions - 304 (4ms)
[2026-01-26T09:16:24.248Z] GET /admin/notifications/my - 304 (13ms)
[2026-01-26T09:18:11.542Z] GET /admin/notifications/my - 304 (14ms)
[2026-01-26T09:19:11.236Z] GET /admin/notifications/my - 304 (14ms)
[2026-01-26T09:20:11.562Z] GET /admin/notifications/my - 304 (23ms)
[2026-01-26T10:20:55.492Z] GET /auth/google - 302 (7ms)
[2026-01-26T10:20:59.385Z] GET /auth/google/callback?code=4%2F0ASc3gC2X74Yk-9VHYRR4DrkXrzQ_voITti-TZoKWd14zm4n0p_NrZh8Jcm0HOYHJ5RF34w&scope=email+profile+openid+https%3A%2F%2Fwww.googleapis.com%2Fauth%2Fuserinfo.email+https%3A%2F%2Fwww.googleapis.com%2Fauth%2Fuserinfo.profile&authuser=1&prompt=none - 302 (510ms)
[2026-01-26T10:21:03.030Z] GET /admin/notifications/my - 304 (23ms)
[2026-01-26T10:21:03.043Z] GET /admin/notifications/my - 304 (5ms)
[2026-01-26T10:21:03.064Z] GET /exams/user/recent - 304 (40ms)
[2026-01-26T10:21:03.067Z] GET /passes/current - 304 (53ms)
[2026-01-26T10:21:03.072Z] GET /exams/user/stats - 200 (50ms)
[2026-01-26T10:21:03.088Z] GET /exams/user/recent - 304 (14ms)
[2026-01-26T10:21:03.392Z] GET /passes/current - 304 (8ms)
[2026-01-26T10:21:03.395Z] GET /exams/user/stats - 304 (8ms)
[2026-01-26T10:21:13.290Z] POST /auth/login - 200 (129ms)
[2026-01-26T10:21:15.483Z] POST /auth/login - 200 (100ms)
[2026-01-26T10:21:15.854Z] GET /passes/current - 200 (4ms)
[2026-01-26T10:21:15.868Z] GET /admin/notifications/my - 200 (16ms)
[2026-01-26T10:21:16.015Z] GET /exams/user/stats - 200 (9ms)
[2026-01-26T10:21:16.021Z] GET /exams/user/recent - 304 (12ms)
[2026-01-26T10:21:16.061Z] GET /passes/current - 200 (4ms)
[2026-01-26T10:21:16.063Z] GET /admin/notifications/my - 304 (4ms)
[2026-01-26T10:21:16.081Z] GET /exams/user/recent - 304 (10ms)
[2026-01-26T10:21:16.084Z] GET /exams/user/stats - 304 (11ms)
[2026-01-26T10:21:52.772Z] GET /exams?type=real_exam - 304 (42ms)
[2026-01-26T10:21:52.795Z] GET /exams?type=real_exam - 304 (9ms)
[2026-01-26T10:22:03.085Z] GET /exams?type=live_exam - 200 (24ms)
[2026-01-26T10:22:03.108Z] GET /exams?type=live_exam - 304 (9ms)
[2026-01-26T10:22:03.534Z] GET /admin/notifications/my - 304 (2ms)
[2026-01-26T10:22:15.833Z] GET /admin/notifications/my - 304 (14ms)
[2026-01-26T10:22:21.913Z] GET /users/profile - 200 (5ms)
[2026-01-26T10:22:21.945Z] GET /users/profile - 304 (2ms)
[2026-01-26T10:22:59.867Z] PATCH /users/profile - 200 (32ms)
[2026-01-26T10:22:59.910Z] GET /users/profile - 200 (2ms)
[2026-01-26T10:22:59.927Z] GET /admin/notifications/my - 304 (18ms)
[2026-01-26T10:23:02.982Z] GET /admin/notifications/my - 304 (2ms)
[2026-01-26T10:23:06.537Z] GET /passes/current - 200 (6ms)
[2026-01-26T10:23:06.545Z] GET /exams/user/stats - 304 (10ms)
[2026-01-26T10:23:06.554Z] GET /passes/current - 200 (3ms)
[2026-01-26T10:23:06.560Z] GET /exams/user/recent - 304 (24ms)
[2026-01-26T10:23:06.568Z] GET /exams/user/stats - 304 (6ms)
[2026-01-26T10:23:06.594Z] GET /exams/user/recent - 304 (7ms)
[2026-01-26T10:23:09.568Z] GET /users/profile - 304 (2ms)
[2026-01-26T10:23:09.616Z] GET /users/profile - 304 (2ms)
[2026-01-26T10:23:15.481Z] GET /passes/current - 200 (7ms)
[2026-01-26T10:23:15.486Z] GET /exams/user/stats - 304 (10ms)
[2026-01-26T10:23:15.491Z] GET /exams/user/recent - 304 (12ms)
[2026-01-26T10:23:15.516Z] GET /passes/current - 200 (4ms)
[2026-01-26T10:23:15.518Z] GET /exams/user/stats - 304 (9ms)
[2026-01-26T10:23:15.546Z] GET /exams/user/recent - 304 (9ms)
[2026-01-26T10:23:18.010Z] GET /exams?type=real_exam - 304 (9ms)
[2026-01-26T10:23:18.032Z] GET /exams?type=real_exam - 304 (10ms)
[2026-01-26T10:23:22.637Z] GET /passes/current - 200 (4ms)
[2026-01-26T10:23:22.644Z] GET /exams/user/stats - 304 (6ms)
[2026-01-26T10:23:22.662Z] GET /exams/user/recent - 304 (8ms)
[2026-01-26T10:23:22.669Z] GET /passes/current - 200 (2ms)
[2026-01-26T10:23:22.721Z] GET /exams/user/stats - 304 (6ms)
[2026-01-26T10:23:22.732Z] GET /exams/user/recent - 304 (9ms)
[2026-01-26T10:23:24.766Z] GET /exams?type=real_exam - 304 (10ms)
[2026-01-26T10:23:24.789Z] GET /exams?type=real_exam - 304 (9ms)
[2026-01-26T10:23:29.223Z] GET /passes/current - 200 (5ms)
[2026-01-26T10:23:29.244Z] GET /exams/user/stats - 304 (24ms)
[2026-01-26T10:23:29.248Z] GET /exams/user/recent - 304 (27ms)
[2026-01-26T10:23:29.251Z] GET /passes/current - 200 (9ms)
[2026-01-26T10:23:29.271Z] GET /exams/user/stats - 304 (5ms)
[2026-01-26T10:23:29.275Z] GET /exams/user/recent - 304 (8ms)
[2026-01-26T10:23:31.523Z] GET /exams?type=real_exam - 304 (9ms)
[2026-01-26T10:23:31.550Z] GET /exams?type=real_exam - 304 (8ms)
[2026-01-26T10:23:35.169Z] GET /passes/current - 200 (6ms)
[2026-01-26T10:23:35.173Z] GET /exams/user/stats - 304 (8ms)
[2026-01-26T10:23:35.177Z] GET /exams/user/recent - 304 (10ms)
[2026-01-26T10:23:35.245Z] GET /passes/current - 200 (4ms)
[2026-01-26T10:23:35.261Z] GET /exams/user/stats - 304 (6ms)
[2026-01-26T10:23:35.265Z] GET /exams/user/recent - 304 (8ms)
[2026-01-26T10:23:39.515Z] GET /exams?type=real_exam - 304 (8ms)
[2026-01-26T10:23:39.539Z] GET /exams?type=real_exam - 304 (7ms)
[2026-01-26T10:23:46.014Z] GET /exams?type=real_exam - 304 (5ms)
[2026-01-26T10:23:46.035Z] GET /exams?type=real_exam - 304 (5ms)
[2026-01-26T10:23:52.026Z] GET /exams/ea974100-c6ab-42a4-bdbb-e68493548c25/my-attempts - 200 (6ms)
[2026-01-26T10:23:52.051Z] GET /exams/ea974100-c6ab-42a4-bdbb-e68493548c25/my-attempts - 304 (5ms)
[2026-01-26T10:23:52.065Z] GET /exams/ea974100-c6ab-42a4-bdbb-e68493548c25 - 200 (47ms)
[2026-01-26T10:23:52.084Z] GET /exams/ea974100-c6ab-42a4-bdbb-e68493548c25 - 200 (4ms)
[2026-01-26T10:24:00.084Z] GET /admin/notifications/my - 304 (4ms)
[2026-01-26T10:24:02.983Z] GET /admin/notifications/my - 304 (3ms)
[2026-01-26T10:24:03.086Z] GET /exams/models/ea974100-c6ab-42a4-bdbb-e68493548c25 - 200 (4ms)
[2026-01-26T10:24:03.102Z] GET /exams/models/ea974100-c6ab-42a4-bdbb-e68493548c25 - 200 (4ms)
[2026-01-26T10:24:03.107Z] GET /exams/ea974100-c6ab-42a4-bdbb-e68493548c25 - 304 (3ms)
[2026-01-26T10:24:03.127Z] GET /exams/ea974100-c6ab-42a4-bdbb-e68493548c25 - 304 (3ms)
[2026-01-26T10:24:03.137Z] POST /test-session/start - 201 (9ms)
[2026-01-26T10:24:03.149Z] POST /test-session/start - 201 (6ms)
[2026-01-26T10:24:16.264Z] POST /test-session/ea974100-c6ab-42a4-bdbb-e68493548c25/sync - 201 (4ms)
[2026-01-26T10:24:18.662Z] POST /test-session/ea974100-c6ab-42a4-bdbb-e68493548c25/flag - 201 (4ms)
[2026-01-26T10:24:18.688Z] POST /test-session/ea974100-c6ab-42a4-bdbb-e68493548c25/sync - 201 (3ms)
[2026-01-26T10:24:21.721Z] POST /test-session/ea974100-c6ab-42a4-bdbb-e68493548c25/sync - 201 (3ms)
[2026-01-26T10:24:25.810Z] POST /test-session/ea974100-c6ab-42a4-bdbb-e68493548c25/flag - 201 (4ms)
[2026-01-26T10:24:25.833Z] POST /test-session/ea974100-c6ab-42a4-bdbb-e68493548c25/sync - 201 (3ms)
[2026-01-26T10:24:27.414Z] POST /test-session/ea974100-c6ab-42a4-bdbb-e68493548c25/sync - 201 (3ms)
[2026-01-26T10:24:30.954Z] POST /test-session/ea974100-c6ab-42a4-bdbb-e68493548c25/sync - 201 (4ms)
[2026-01-26T10:25:03.846Z] GET /admin/notifications/my - 304 (13ms)
[2026-01-26T10:25:41.908Z] GET /admin/notifications/my - 304 (22ms)
[2026-01-26T10:25:41.917Z] GET /admin/notifications/my - 304 (3ms)
[2026-01-26T10:25:41.923Z] GET /passes/current - 304 (29ms)
[2026-01-26T10:25:41.925Z] GET /exams/user/stats - 304 (30ms)
[2026-01-26T10:25:41.929Z] GET /exams/user/recent - 304 (32ms)
[2026-01-26T10:25:41.938Z] GET /passes/current - 304 (7ms)
[2026-01-26T10:25:42.249Z] GET /exams/user/stats - 304 (4ms)
[2026-01-26T10:25:42.251Z] GET /exams/user/recent - 304 (5ms)
[2026-01-26T10:25:42.421Z] GET /exams/models/ea974100-c6ab-42a4-bdbb-e68493548c25 - 200 (4ms)
[2026-01-26T10:25:42.434Z] GET /exams/ea974100-c6ab-42a4-bdbb-e68493548c25 - 304 (2ms)
[2026-01-26T10:25:42.435Z] GET /exams/models/ea974100-c6ab-42a4-bdbb-e68493548c25 - 200 (5ms)
[2026-01-26T10:25:42.450Z] POST /test-session/start - 201 (5ms)
[2026-01-26T10:25:42.456Z] GET /exams/ea974100-c6ab-42a4-bdbb-e68493548c25 - 304 (5ms)
[2026-01-26T10:25:42.486Z] POST /test-session/start - 201 (5ms)
[2026-01-26T10:25:50.219Z] POST /test-session/ea974100-c6ab-42a4-bdbb-e68493548c25/sync - 201 (3ms)
[2026-01-26T10:25:52.761Z] POST /test-session/ea974100-c6ab-42a4-bdbb-e68493548c25/sync - 201 (2ms)
[2026-01-26T10:25:55.626Z] POST /test-session/ea974100-c6ab-42a4-bdbb-e68493548c25/submit - 201 (150ms)
[2026-01-26T10:25:56.600Z] GET /admin/notifications/my - 304 (4ms)
[2026-01-26T10:25:56.610Z] GET /exams?type=real_exam - 304 (16ms)
[2026-01-26T10:25:56.658Z] GET /admin/notifications/my - 304 (4ms)
[2026-01-26T10:25:56.676Z] GET /exams?type=real_exam - 304 (20ms)
[2026-01-26T10:25:59.601Z] GET /exams/attempts/5827beca-5b0c-4862-92e8-bf1f8ac7b2df - 200 (21ms)
[2026-01-26T10:25:59.611Z] GET /analytics/percentile/exam/5827beca-5b0c-4862-92e8-bf1f8ac7b2df - 400: "No attempts found for this exam"
[2026-01-26T10:25:59.613Z] GET /analytics/percentile/exam/5827beca-5b0c-4862-92e8-bf1f8ac7b2df - 400 (21ms)
[2026-01-26T10:25:59.615Z] GET /admin/notifications/my - 304 (13ms)
[2026-01-26T10:25:59.624Z] GET /analytics/attempt/5827beca-5b0c-4862-92e8-bf1f8ac7b2df - 200 (39ms)
[2026-01-26T10:25:59.632Z] GET /analytics/patterns - 200 (28ms)
[2026-01-26T10:25:59.645Z] GET /exams/attempts/5827beca-5b0c-4862-92e8-bf1f8ac7b2df - 304 (25ms)
[2026-01-26T10:25:59.647Z] GET /analytics/percentile/exam/5827beca-5b0c-4862-92e8-bf1f8ac7b2df - 400: "No attempts found for this exam"
[2026-01-26T10:25:59.648Z] GET /analytics/percentile/exam/5827beca-5b0c-4862-92e8-bf1f8ac7b2df - 400 (12ms)
[2026-01-26T10:25:59.650Z] GET /admin/notifications/my - 304 (12ms)
[2026-01-26T10:25:59.671Z] GET /analytics/patterns - 304 (15ms)
[2026-01-26T10:25:59.676Z] GET /analytics/attempt/5827beca-5b0c-4862-92e8-bf1f8ac7b2df - 304 (23ms)
[2026-01-26T10:26:01.855Z] GET /passes/current - 304 (7ms)
[2026-01-26T10:26:01.860Z] GET /exams/user/stats - 200 (7ms)
[2026-01-26T10:26:01.877Z] GET /exams/user/recent - 304 (9ms)
[2026-01-26T10:26:01.879Z] GET /passes/current - 304 (7ms)
[2026-01-26T10:26:01.885Z] GET /exams/user/stats - 304 (10ms)
[2026-01-26T10:26:01.905Z] GET /exams/user/recent - 304 (6ms)
[2026-01-26T10:26:18.410Z] GET /exams?type=real_exam - 304 (21ms)
[2026-01-26T10:26:18.431Z] GET /exams?type=real_exam - 304 (7ms)
[2026-01-26T10:26:20.199Z] GET /exams?type=live_exam - 200 (9ms)
[2026-01-26T10:26:20.230Z] GET /exams?type=live_exam - 304 (7ms)
[2026-01-26T10:26:22.141Z] GET /exams?type=previous_year_paper - 200 (13ms)
[2026-01-26T10:26:22.159Z] GET /exams?type=previous_year_paper - 304 (7ms)
[2026-01-26T10:26:22.411Z] GET /passes/current - 200 (4ms)
[2026-01-26T10:26:22.420Z] GET /exams/user/recent - 200 (7ms)
[2026-01-26T10:26:22.431Z] GET /exams/user/stats - 200 (22ms)
[2026-01-26T10:26:22.556Z] GET /passes/current - 200 (4ms)
[2026-01-26T10:26:22.565Z] GET /exams/user/recent - 304 (7ms)
[2026-01-26T10:26:22.568Z] GET /exams/user/stats - 304 (8ms)
[2026-01-26T10:26:25.461Z] GET /exams/hierarchy - 403: "Forbidden resource"
[2026-01-26T10:26:25.463Z] GET /exams/hierarchy - 403 (3ms)
[2026-01-26T10:26:25.472Z] GET /exams/hierarchy - 403: "Forbidden resource"
[2026-01-26T10:26:25.474Z] GET /exams/hierarchy - 403 (3ms)
[2026-01-26T10:26:29.049Z] GET /passes/current - 304 (8ms)
[2026-01-26T10:26:29.052Z] GET /exams/user/stats - 304 (9ms)
[2026-01-26T10:26:29.066Z] GET /exams/user/recent - 304 (22ms)
[2026-01-26T10:26:29.092Z] GET /passes/current - 304 (7ms)
[2026-01-26T10:26:29.094Z] GET /exams/user/stats - 304 (6ms)
[2026-01-26T10:26:29.122Z] GET /exams/user/recent - 304 (7ms)
[2026-01-26T10:26:42.214Z] GET /admin/notifications/my - 304 (16ms)
[2026-01-26T10:26:52.899Z] GET /exams?type=real_exam - 200 (22ms)
[2026-01-26T10:26:52.920Z] GET /exams?type=real_exam - 304 (7ms)
[2026-01-26T10:26:55.342Z] GET /exams/ea974100-c6ab-42a4-bdbb-e68493548c25 - 304 (3ms)
[2026-01-26T10:26:55.349Z] GET /exams/ea974100-c6ab-42a4-bdbb-e68493548c25/my-attempts - 200 (5ms)
[2026-01-26T10:26:55.362Z] GET /exams/ea974100-c6ab-42a4-bdbb-e68493548c25 - 304 (3ms)
[2026-01-26T10:26:55.384Z] GET /exams/ea974100-c6ab-42a4-bdbb-e68493548c25/my-attempts - 304 (6ms)
[2026-01-26T10:26:56.527Z] GET /admin/notifications/my - 304 (3ms)
[2026-01-26T10:26:59.563Z] GET /admin/notifications/my - 304 (3ms)
[2026-01-26T10:27:15.135Z] GET /passes/current - 200 (21ms)
[2026-01-26T10:27:15.142Z] GET /exams/user/stats - 304 (21ms)
[2026-01-26T10:27:15.146Z] GET /exams/user/recent - 304 (23ms)
[2026-01-26T10:27:15.161Z] GET /passes/current - 200 (5ms)
[2026-01-26T10:27:15.169Z] GET /exams/user/stats - 304 (6ms)
[2026-01-26T10:27:15.174Z] GET /exams/user/recent - 304 (9ms)
[2026-01-26T10:27:20.599Z] GET /exams?type=real_exam - 304 (9ms)
[2026-01-26T10:27:20.634Z] GET /exams?type=real_exam - 304 (8ms)
[2026-01-26T10:27:28.155Z] GET /exams/user/recent - 304 (11ms)
[2026-01-26T10:27:28.166Z] GET /passes/current - 200 (18ms)
[2026-01-26T10:27:28.171Z] GET /exams/user/stats - 304 (25ms)
[2026-01-26T10:27:28.182Z] GET /exams/user/recent - 304 (9ms)
[2026-01-26T10:27:28.188Z] GET /passes/current - 200 (5ms)
[2026-01-26T10:27:28.193Z] GET /exams/user/stats - 304 (6ms)
[2026-01-26T10:27:41.898Z] GET /admin/notifications/my - 304 (15ms)
[2026-01-26T10:27:55.663Z] POST /auth/signup - 201 (75ms)
[2026-01-26T10:27:59.582Z] GET /admin/notifications/my - 304 (3ms)
[2026-01-26T10:28:23.378Z] GET /exams?type=real_exam - 304 (18ms)
[2026-01-26T10:28:23.398Z] GET /exams?type=real_exam - 304 (7ms)
[2026-01-26T10:28:30.988Z] GET /exams/ea974100-c6ab-42a4-bdbb-e68493548c25 - 304 (2ms)
[2026-01-26T10:28:30.996Z] GET /exams/ea974100-c6ab-42a4-bdbb-e68493548c25/my-attempts - 304 (4ms)
[2026-01-26T10:28:31.019Z] GET /exams/ea974100-c6ab-42a4-bdbb-e68493548c25 - 304 (2ms)
[2026-01-26T10:28:31.028Z] GET /exams/ea974100-c6ab-42a4-bdbb-e68493548c25/my-attempts - 304 (5ms)
[2026-01-26T10:28:35.906Z] GET /exams/models/ea974100-c6ab-42a4-bdbb-e68493548c25 - 200 (4ms)
[2026-01-26T10:28:35.924Z] GET /exams/models/ea974100-c6ab-42a4-bdbb-e68493548c25 - 200 (2ms)
[2026-01-26T10:28:35.937Z] GET /exams/ea974100-c6ab-42a4-bdbb-e68493548c25 - 304 (3ms)
[2026-01-26T10:28:35.956Z] GET /exams/ea974100-c6ab-42a4-bdbb-e68493548c25 - 304 (3ms)
[2026-01-26T10:28:35.961Z] POST /test-session/start - 201 (7ms)
[2026-01-26T10:28:35.974Z] POST /test-session/start - 201 (4ms)
[2026-01-26T10:28:42.833Z] GET /admin/notifications/my - 304 (2ms)
[2026-01-26T10:28:43.573Z] POST /test-session/ea974100-c6ab-42a4-bdbb-e68493548c25/sync - 201 (3ms)
[2026-01-26T10:28:44.840Z] POST /test-session/ea974100-c6ab-42a4-bdbb-e68493548c25/sync - 201 (3ms)
[2026-01-26T10:28:44.864Z] POST /test-session/ea974100-c6ab-42a4-bdbb-e68493548c25/pause - 201 (3ms)
[2026-01-26T10:28:48.165Z] POST /test-session/ea974100-c6ab-42a4-bdbb-e68493548c25/resume - 201 (3ms)
[2026-01-26T10:28:51.748Z] POST /test-session/ea974100-c6ab-42a4-bdbb-e68493548c25/sync - 201 (4ms)
[2026-01-26T10:28:51.783Z] POST /test-session/ea974100-c6ab-42a4-bdbb-e68493548c25/pause - 201 (3ms)
[2026-01-26T10:28:57.213Z] POST /test-session/ea974100-c6ab-42a4-bdbb-e68493548c25/resume - 201 (3ms)
[2026-01-26T10:29:10.744Z] POST /test-session/ea974100-c6ab-42a4-bdbb-e68493548c25/sync - 201 (3ms)
[2026-01-26T10:29:13.214Z] POST /test-session/ea974100-c6ab-42a4-bdbb-e68493548c25/submit - 201 (84ms)
[2026-01-26T10:29:13.995Z] GET /analytics/percentile/exam/26cf7bdc-fbdd-4d1f-a7a7-7834e84f2d6a - 400: "No attempts found for this exam"
[2026-01-26T10:29:13.997Z] GET /analytics/percentile/exam/26cf7bdc-fbdd-4d1f-a7a7-7834e84f2d6a - 400 (4ms)
[2026-01-26T10:29:14.003Z] GET /exams/attempts/26cf7bdc-fbdd-4d1f-a7a7-7834e84f2d6a - 200 (17ms)
[2026-01-26T10:29:14.008Z] GET /admin/notifications/my - 304 (8ms)
[2026-01-26T10:29:14.012Z] GET /analytics/attempt/26cf7bdc-fbdd-4d1f-a7a7-7834e84f2d6a - 200 (21ms)
[2026-01-26T10:29:14.019Z] GET /analytics/patterns - 200 (14ms)
[2026-01-26T10:29:14.024Z] GET /analytics/percentile/exam/26cf7bdc-fbdd-4d1f-a7a7-7834e84f2d6a - 400: "No attempts found for this exam"
[2026-01-26T10:29:14.026Z] GET /analytics/percentile/exam/26cf7bdc-fbdd-4d1f-a7a7-7834e84f2d6a - 400 (5ms)
[2026-01-26T10:29:14.036Z] GET /exams/attempts/26cf7bdc-fbdd-4d1f-a7a7-7834e84f2d6a - 304 (13ms)
[2026-01-26T10:29:14.038Z] GET /admin/notifications/my - 304 (7ms)
[2026-01-26T10:29:14.045Z] GET /analytics/attempt/26cf7bdc-fbdd-4d1f-a7a7-7834e84f2d6a - 304 (13ms)
[2026-01-26T10:29:14.050Z] GET /analytics/patterns - 304 (9ms)
[2026-01-26T10:29:28.740Z] GET /passes/current - 200 (20ms)
[2026-01-26T10:29:28.744Z] GET /exams/user/stats - 200 (22ms)
[2026-01-26T10:29:28.752Z] GET /exams/user/recent - 200 (26ms)
[2026-01-26T10:29:28.798Z] GET /passes/current - 200 (3ms)
[2026-01-26T10:29:28.802Z] GET /exams/user/stats - 304 (6ms)
[2026-01-26T10:29:28.835Z] GET /exams/user/recent - 304 (8ms)
[2026-01-26T10:29:42.541Z] GET /admin/notifications/my - 304 (13ms)
[2026-01-26T10:29:49.858Z] GET /exams?type=real_exam - 200 (8ms)
[2026-01-26T10:29:49.878Z] GET /exams?type=real_exam - 304 (6ms)
[2026-01-26T10:29:52.847Z] GET /exams/ea974100-c6ab-42a4-bdbb-e68493548c25 - 304 (2ms)
[2026-01-26T10:29:52.853Z] GET /exams/ea974100-c6ab-42a4-bdbb-e68493548c25/my-attempts - 200 (5ms)
[2026-01-26T10:29:52.870Z] GET /exams/ea974100-c6ab-42a4-bdbb-e68493548c25 - 304 (2ms)
[2026-01-26T10:29:52.877Z] GET /exams/ea974100-c6ab-42a4-bdbb-e68493548c25/my-attempts - 304 (4ms)
[2026-01-26T10:29:55.556Z] GET /exams/attempts/26cf7bdc-fbdd-4d1f-a7a7-7834e84f2d6a - 304 (11ms)
[2026-01-26T10:29:55.569Z] GET /analytics/patterns - 304 (10ms)
[2026-01-26T10:29:55.578Z] GET /analytics/percentile/exam/26cf7bdc-fbdd-4d1f-a7a7-7834e84f2d6a - 400: "No attempts found for this exam"
[2026-01-26T10:29:55.579Z] GET /analytics/percentile/exam/26cf7bdc-fbdd-4d1f-a7a7-7834e84f2d6a - 400 (26ms)
[2026-01-26T10:29:55.587Z] GET /exams/attempts/26cf7bdc-fbdd-4d1f-a7a7-7834e84f2d6a - 304 (11ms)
[2026-01-26T10:29:55.591Z] GET /analytics/attempt/26cf7bdc-fbdd-4d1f-a7a7-7834e84f2d6a - 304 (39ms)
[2026-01-26T10:29:55.601Z] GET /analytics/patterns - 304 (9ms)
[2026-01-26T10:29:55.603Z] GET /analytics/percentile/exam/26cf7bdc-fbdd-4d1f-a7a7-7834e84f2d6a - 400: "No attempts found for this exam"
[2026-01-26T10:29:55.604Z] GET /analytics/percentile/exam/26cf7bdc-fbdd-4d1f-a7a7-7834e84f2d6a - 400 (8ms)
[2026-01-26T10:29:55.613Z] GET /analytics/attempt/26cf7bdc-fbdd-4d1f-a7a7-7834e84f2d6a - 304 (8ms)
[2026-01-26T10:30:03.396Z] GET /exams/attempts/26cf7bdc-fbdd-4d1f-a7a7-7834e84f2d6a - 304 (9ms)
[2026-01-26T10:30:03.414Z] GET /exams/attempts/26cf7bdc-fbdd-4d1f-a7a7-7834e84f2d6a - 304 (8ms)
[2026-01-26T10:30:03.505Z] GET /users/saved-questions/a9dd92de-a078-423d-b55b-e7ff2fac2547/status - 200 (4ms)
[2026-01-26T10:30:03.517Z] GET /users/saved-questions/a9dd92de-a078-423d-b55b-e7ff2fac2547/status - 304 (2ms)
[2026-01-26T10:30:08.328Z] GET /exams/attempts/26cf7bdc-fbdd-4d1f-a7a7-7834e84f2d6a - 304 (10ms)
[2026-01-26T10:30:08.350Z] GET /analytics/attempt/26cf7bdc-fbdd-4d1f-a7a7-7834e84f2d6a - 304 (13ms)
[2026-01-26T10:30:08.361Z] GET /analytics/percentile/exam/26cf7bdc-fbdd-4d1f-a7a7-7834e84f2d6a - 400: "No attempts found for this exam"
[2026-01-26T10:30:08.363Z] GET /analytics/percentile/exam/26cf7bdc-fbdd-4d1f-a7a7-7834e84f2d6a - 400 (22ms)
[2026-01-26T10:30:08.369Z] GET /exams/attempts/26cf7bdc-fbdd-4d1f-a7a7-7834e84f2d6a - 304 (13ms)
[2026-01-26T10:30:08.377Z] GET /analytics/patterns - 304 (39ms)
[2026-01-26T10:30:08.385Z] GET /analytics/percentile/exam/26cf7bdc-fbdd-4d1f-a7a7-7834e84f2d6a - 400: "No attempts found for this exam"
[2026-01-26T10:30:08.386Z] GET /analytics/percentile/exam/26cf7bdc-fbdd-4d1f-a7a7-7834e84f2d6a - 400 (4ms)
[2026-01-26T10:30:08.393Z] GET /analytics/attempt/26cf7bdc-fbdd-4d1f-a7a7-7834e84f2d6a - 304 (14ms)
[2026-01-26T10:30:08.409Z] GET /analytics/patterns - 304 (13ms)
[2026-01-26T10:30:08.434Z] GET /admin/notifications/my - 304 (5ms)
[2026-01-26T10:30:08.442Z] GET /passes/current - 304 (10ms)
[2026-01-26T10:30:08.446Z] GET /exams/user/stats - 304 (10ms)
[2026-01-26T10:30:08.456Z] GET /exams/user/recent - 304 (18ms)
[2026-01-26T10:30:08.462Z] GET /admin/notifications/my - 304 (14ms)
[2026-01-26T10:30:08.470Z] GET /passes/current - 304 (10ms)
[2026-01-26T10:30:08.776Z] GET /exams/user/stats - 304 (6ms)
[2026-01-26T10:30:08.779Z] GET /exams/user/recent - 304 (8ms)
[2026-01-26T10:30:10.801Z] GET /exams/models/ea974100-c6ab-42a4-bdbb-e68493548c25 - 200 (4ms)
[2026-01-26T10:30:10.821Z] GET /exams/models/ea974100-c6ab-42a4-bdbb-e68493548c25 - 200 (3ms)
[2026-01-26T10:30:10.839Z] GET /exams/ea974100-c6ab-42a4-bdbb-e68493548c25 - 304 (3ms)
[2026-01-26T10:30:10.862Z] GET /exams/ea974100-c6ab-42a4-bdbb-e68493548c25 - 304 (3ms)
[2026-01-26T10:30:10.892Z] POST /test-session/start - 201 (12ms)
[2026-01-26T10:30:10.895Z] POST /test-session/start - 201 (11ms)
[2026-01-26T10:30:17.736Z] GET /admin/notifications/my - 304 (10ms)
[2026-01-26T10:30:17.747Z] GET /exams/attempts/26cf7bdc-fbdd-4d1f-a7a7-7834e84f2d6a - 304 (17ms)
[2026-01-26T10:30:17.750Z] GET /analytics/attempt/26cf7bdc-fbdd-4d1f-a7a7-7834e84f2d6a - 304 (22ms)
[2026-01-26T10:30:17.756Z] GET /admin/notifications/my - 304 (3ms)
[2026-01-26T10:30:17.765Z] GET /analytics/percentile/exam/26cf7bdc-fbdd-4d1f-a7a7-7834e84f2d6a - 400: "No attempts found for this exam"
[2026-01-26T10:30:17.767Z] GET /analytics/percentile/exam/26cf7bdc-fbdd-4d1f-a7a7-7834e84f2d6a - 400 (35ms)
[2026-01-26T10:30:17.778Z] GET /analytics/patterns - 304 (44ms)
[2026-01-26T10:30:17.782Z] GET /exams/attempts/26cf7bdc-fbdd-4d1f-a7a7-7834e84f2d6a - 304 (21ms)
[2026-01-26T10:30:17.789Z] GET /analytics/percentile/exam/26cf7bdc-fbdd-4d1f-a7a7-7834e84f2d6a - 400: "No attempts found for this exam"
[2026-01-26T10:30:17.790Z] GET /analytics/percentile/exam/26cf7bdc-fbdd-4d1f-a7a7-7834e84f2d6a - 400 (4ms)
[2026-01-26T10:30:17.794Z] GET /analytics/attempt/26cf7bdc-fbdd-4d1f-a7a7-7834e84f2d6a - 304 (23ms)
[2026-01-26T10:30:17.806Z] GET /analytics/patterns - 304 (11ms)
[2026-01-26T10:30:20.748Z] GET /admin/notifications/my - 304 (5ms)
[2026-01-26T10:30:20.757Z] GET /passes/current - 304 (12ms)
[2026-01-26T10:30:20.760Z] GET /exams/user/stats - 304 (11ms)
[2026-01-26T10:30:20.763Z] GET /admin/notifications/my - 304 (8ms)
[2026-01-26T10:30:20.766Z] GET /exams/user/recent - 304 (15ms)
[2026-01-26T10:30:20.774Z] GET /passes/current - 304 (6ms)
[2026-01-26T10:30:21.087Z] GET /exams/user/recent - 304 (6ms)
[2026-01-26T10:30:21.089Z] GET /exams/user/stats - 304 (6ms)
[2026-01-26T10:30:28.383Z] GET /passes/current - 200 (2ms)
[2026-01-26T10:30:28.396Z] GET /exams/user/stats - 304 (5ms)
[2026-01-26T10:30:28.400Z] GET /exams/user/recent - 304 (8ms)
[2026-01-26T10:30:28.405Z] GET /passes/current - 200 (3ms)
[2026-01-26T10:30:28.421Z] GET /exams/user/stats - 304 (5ms)
[2026-01-26T10:30:28.427Z] GET /exams/user/recent - 304 (8ms)
[2026-01-26T10:30:29.828Z] GET /exams?type=real_exam - 200 (8ms)
[2026-01-26T10:30:29.855Z] GET /exams?type=real_exam - 304 (7ms)
[2026-01-26T10:30:36.173Z] GET /exams/models/ea974100-c6ab-42a4-bdbb-e68493548c25 - 200 (3ms)
[2026-01-26T10:30:36.190Z] GET /exams/models/ea974100-c6ab-42a4-bdbb-e68493548c25 - 200 (3ms)
[2026-01-26T10:30:36.197Z] GET /exams/ea974100-c6ab-42a4-bdbb-e68493548c25 - 304 (3ms)
[2026-01-26T10:30:36.212Z] GET /exams/ea974100-c6ab-42a4-bdbb-e68493548c25 - 304 (3ms)
[2026-01-26T10:30:36.219Z] POST /test-session/start - 201 (5ms)
[2026-01-26T10:30:36.233Z] POST /test-session/start - 201 (3ms)
[2026-01-26T10:30:39.697Z] GET /admin/notifications/my - 304 (3ms)
[2026-01-26T10:30:39.702Z] GET /exams?type=real_exam - 304 (7ms)
[2026-01-26T10:30:39.732Z] GET /admin/notifications/my - 304 (2ms)
[2026-01-26T10:30:39.737Z] GET /exams?type=real_exam - 304 (6ms)
[2026-01-26T10:30:43.226Z] GET /passes/current - 200 (4ms)
[2026-01-26T10:30:43.241Z] GET /exams/user/recent - 304 (17ms)
[2026-01-26T10:30:43.242Z] GET /exams/user/stats - 304 (18ms)
[2026-01-26T10:30:43.248Z] GET /passes/current - 200 (3ms)
[2026-01-26T10:30:43.276Z] GET /exams/user/stats - 304 (4ms)
[2026-01-26T10:30:43.283Z] GET /exams/user/recent - 304 (6ms)
[2026-01-26T10:30:43.746Z] GET /exams?type=real_exam - 304 (6ms)
[2026-01-26T10:30:43.768Z] GET /exams?type=real_exam - 304 (6ms)
[2026-01-26T10:30:46.096Z] GET /passes/current - 200 (3ms)
[2026-01-26T10:30:46.101Z] GET /exams/user/recent - 304 (6ms)
[2026-01-26T10:30:46.102Z] GET /exams/user/stats - 304 (7ms)
[2026-01-26T10:30:46.115Z] GET /passes/current - 200 (4ms)
[2026-01-26T10:30:46.127Z] GET /exams/user/recent - 304 (6ms)
[2026-01-26T10:30:46.134Z] GET /exams/user/stats - 304 (10ms)
[2026-01-26T10:30:47.725Z] GET /exams?type=real_exam - 304 (6ms)
[2026-01-26T10:30:47.745Z] GET /exams?type=real_exam - 304 (5ms)
[2026-01-26T10:30:52.430Z] GET /passes/current - 200 (3ms)
[2026-01-26T10:30:52.439Z] GET /exams/user/stats - 304 (5ms)
[2026-01-26T10:30:52.443Z] GET /exams/user/recent - 304 (8ms)
[2026-01-26T10:30:52.478Z] GET /exams/user/stats - 304 (4ms)
[2026-01-26T10:30:52.483Z] GET /passes/current - 200 (2ms)
[2026-01-26T10:30:52.489Z] GET /exams/user/recent - 304 (7ms)
[2026-01-26T10:30:55.202Z] GET /exams?type=real_exam - 304 (8ms)
[2026-01-26T10:30:55.235Z] GET /exams?type=real_exam - 304 (8ms)
[2026-01-26T10:30:56.552Z] GET /admin/notifications/my - 304 (4ms)
[2026-01-26T10:30:56.561Z] GET /passes/current - 304 (12ms)
[2026-01-26T10:30:56.569Z] GET /exams/user/stats - 304 (14ms)
[2026-01-26T10:30:56.572Z] GET /admin/notifications/my - 304 (5ms)
[2026-01-26T10:30:56.580Z] GET /passes/current - 304 (5ms)
[2026-01-26T10:30:56.592Z] GET /exams/user/recent - 304 (36ms)
[2026-01-26T10:30:56.887Z] GET /exams/user/stats - 304 (6ms)
[2026-01-26T10:30:56.914Z] GET /exams/user/recent - 304 (7ms)
[2026-01-26T10:30:58.542Z] GET /passes/current - 200 (4ms)
[2026-01-26T10:30:58.551Z] GET /exams/user/stats - 304 (6ms)
[2026-01-26T10:30:58.556Z] GET /exams/user/recent - 304 (10ms)
[2026-01-26T10:30:58.596Z] GET /exams/user/stats - 304 (4ms)
[2026-01-26T10:30:58.635Z] GET /passes/current - 200 (3ms)
[2026-01-26T10:30:58.641Z] GET /exams/user/recent - 304 (8ms)
[2026-01-26T10:30:59.900Z] GET /exams?type=real_exam - 304 (9ms)
[2026-01-26T10:30:59.928Z] GET /exams?type=real_exam - 304 (7ms)
[2026-01-26T10:31:02.191Z] GET /exams/ea974100-c6ab-42a4-bdbb-e68493548c25 - 304 (5ms)
[2026-01-26T10:31:02.200Z] GET /exams/ea974100-c6ab-42a4-bdbb-e68493548c25/my-attempts - 304 (12ms)
[2026-01-26T10:31:02.217Z] GET /exams/ea974100-c6ab-42a4-bdbb-e68493548c25 - 304 (5ms)
[2026-01-26T10:31:02.233Z] GET /exams/ea974100-c6ab-42a4-bdbb-e68493548c25/my-attempts - 304 (6ms)
[2026-01-26T10:31:07.248Z] GET /exams/attempts/26cf7bdc-fbdd-4d1f-a7a7-7834e84f2d6a - 304 (14ms)
[2026-01-26T10:31:07.255Z] GET /analytics/percentile/exam/26cf7bdc-fbdd-4d1f-a7a7-7834e84f2d6a - 400: "No attempts found for this exam"
[2026-01-26T10:31:07.257Z] GET /analytics/percentile/exam/26cf7bdc-fbdd-4d1f-a7a7-7834e84f2d6a - 400 (6ms)
[2026-01-26T10:31:07.264Z] GET /analytics/patterns - 304 (15ms)
[2026-01-26T10:31:07.284Z] GET /exams/attempts/26cf7bdc-fbdd-4d1f-a7a7-7834e84f2d6a - 304 (11ms)
[2026-01-26T10:31:07.292Z] GET /analytics/percentile/exam/26cf7bdc-fbdd-4d1f-a7a7-7834e84f2d6a - 400: "No attempts found for this exam"
[2026-01-26T10:31:07.294Z] GET /analytics/percentile/exam/26cf7bdc-fbdd-4d1f-a7a7-7834e84f2d6a - 400 (6ms)
[2026-01-26T10:31:07.296Z] GET /analytics/attempt/26cf7bdc-fbdd-4d1f-a7a7-7834e84f2d6a - 304 (44ms)
[2026-01-26T10:31:07.307Z] GET /analytics/patterns - 304 (17ms)
[2026-01-26T10:31:07.325Z] GET /analytics/attempt/26cf7bdc-fbdd-4d1f-a7a7-7834e84f2d6a - 304 (11ms)
[2026-01-26T10:31:10.488Z] GET /exams/models/ea974100-c6ab-42a4-bdbb-e68493548c25 - 200 (4ms)
[2026-01-26T10:31:10.520Z] GET /exams/models/ea974100-c6ab-42a4-bdbb-e68493548c25 - 200 (4ms)
[2026-01-26T10:31:10.540Z] GET /exams/ea974100-c6ab-42a4-bdbb-e68493548c25 - 304 (2ms)
[2026-01-26T10:31:10.557Z] GET /exams/ea974100-c6ab-42a4-bdbb-e68493548c25 - 304 (2ms)
[2026-01-26T10:31:10.569Z] POST /test-session/start - 201 (5ms)
[2026-01-26T10:31:10.578Z] POST /test-session/start - 201 (5ms)
[2026-01-26T10:31:13.572Z] GET /admin/notifications/my - 304 (3ms)
[2026-01-26T10:31:13.589Z] GET /analytics/percentile/exam/26cf7bdc-fbdd-4d1f-a7a7-7834e84f2d6a - 400: "No attempts found for this exam"
[2026-01-26T10:31:13.591Z] GET /analytics/percentile/exam/26cf7bdc-fbdd-4d1f-a7a7-7834e84f2d6a - 400 (7ms)
[2026-01-26T10:31:13.598Z] GET /exams/attempts/26cf7bdc-fbdd-4d1f-a7a7-7834e84f2d6a - 304 (17ms)
[2026-01-26T10:31:13.602Z] GET /analytics/attempt/26cf7bdc-fbdd-4d1f-a7a7-7834e84f2d6a - 304 (19ms)
[2026-01-26T10:31:13.604Z] GET /admin/notifications/my - 304 (3ms)
[2026-01-26T10:31:13.621Z] GET /analytics/patterns - 304 (35ms)
[2026-01-26T10:31:13.627Z] GET /analytics/percentile/exam/26cf7bdc-fbdd-4d1f-a7a7-7834e84f2d6a - 400: "No attempts found for this exam"
[2026-01-26T10:31:13.628Z] GET /analytics/percentile/exam/26cf7bdc-fbdd-4d1f-a7a7-7834e84f2d6a - 400 (4ms)
[2026-01-26T10:31:13.645Z] GET /exams/attempts/26cf7bdc-fbdd-4d1f-a7a7-7834e84f2d6a - 304 (12ms)
[2026-01-26T10:31:13.648Z] GET /analytics/attempt/26cf7bdc-fbdd-4d1f-a7a7-7834e84f2d6a - 304 (14ms)
[2026-01-26T10:31:13.664Z] GET /analytics/patterns - 304 (13ms)
[2026-01-26T10:31:17.331Z] GET /exams/attempts/26cf7bdc-fbdd-4d1f-a7a7-7834e84f2d6a - 304 (12ms)
[2026-01-26T10:31:17.353Z] GET /exams/attempts/26cf7bdc-fbdd-4d1f-a7a7-7834e84f2d6a - 304 (9ms)
[2026-01-26T10:31:17.414Z] GET /users/saved-questions/a9dd92de-a078-423d-b55b-e7ff2fac2547/status - 304 (3ms)
[2026-01-26T10:31:17.451Z] GET /users/saved-questions/a9dd92de-a078-423d-b55b-e7ff2fac2547/status - 304 (3ms)
[2026-01-26T10:31:34.229Z] GET /passes/current - 200 (14ms)
[2026-01-26T10:31:34.234Z] GET /exams/user/recent - 304 (14ms)
[2026-01-26T10:31:34.237Z] GET /exams/user/stats - 304 (18ms)
[2026-01-26T10:31:34.251Z] GET /passes/current - 200 (3ms)
[2026-01-26T10:31:34.262Z] GET /exams/user/recent - 304 (5ms)
[2026-01-26T10:31:34.264Z] GET /exams/user/stats - 304 (5ms)
[2026-01-26T10:31:41.666Z] GET /exams?type=real_exam - 304 (7ms)
[2026-01-26T10:31:41.690Z] GET /exams?type=real_exam - 304 (5ms)
[2026-01-26T10:31:46.202Z] GET /exams/ea974100-c6ab-42a4-bdbb-e68493548c25 - 304 (2ms)
[2026-01-26T10:31:46.218Z] GET /exams/ea974100-c6ab-42a4-bdbb-e68493548c25/my-attempts - 304 (4ms)
[2026-01-26T10:31:46.250Z] GET /exams/ea974100-c6ab-42a4-bdbb-e68493548c25 - 304 (2ms)
[2026-01-26T10:31:46.252Z] GET /exams/ea974100-c6ab-42a4-bdbb-e68493548c25/my-attempts - 304 (3ms)
[2026-01-26T10:31:49.199Z] GET /exams/attempts/26cf7bdc-fbdd-4d1f-a7a7-7834e84f2d6a - 304 (9ms)
[2026-01-26T10:31:49.212Z] GET /analytics/attempt/26cf7bdc-fbdd-4d1f-a7a7-7834e84f2d6a - 304 (9ms)
[2026-01-26T10:31:49.220Z] GET /analytics/percentile/exam/26cf7bdc-fbdd-4d1f-a7a7-7834e84f2d6a - 400: "No attempts found for this exam"
[2026-01-26T10:31:49.221Z] GET /analytics/percentile/exam/26cf7bdc-fbdd-4d1f-a7a7-7834e84f2d6a - 400 (16ms)
[2026-01-26T10:31:49.229Z] GET /analytics/patterns - 304 (23ms)
[2026-01-26T10:31:49.232Z] GET /exams/attempts/26cf7bdc-fbdd-4d1f-a7a7-7834e84f2d6a - 304 (13ms)
[2026-01-26T10:31:49.240Z] GET /analytics/percentile/exam/26cf7bdc-fbdd-4d1f-a7a7-7834e84f2d6a - 400: "No attempts found for this exam"
[2026-01-26T10:31:49.241Z] GET /analytics/percentile/exam/26cf7bdc-fbdd-4d1f-a7a7-7834e84f2d6a - 400 (4ms)
[2026-01-26T10:31:49.244Z] GET /analytics/attempt/26cf7bdc-fbdd-4d1f-a7a7-7834e84f2d6a - 304 (10ms)
[2026-01-26T10:31:49.251Z] GET /analytics/patterns - 304 (8ms)
[2026-01-26T10:31:57.844Z] GET /admin/notifications/my - 304 (3ms)
[2026-01-26T10:32:04.680Z] GET /passes/current - 200 (3ms)
[2026-01-26T10:32:04.687Z] GET /exams/user/recent - 304 (5ms)
[2026-01-26T10:32:04.698Z] GET /exams/user/stats - 304 (19ms)
[2026-01-26T10:32:04.721Z] GET /exams/user/recent - 304 (7ms)
[2026-01-26T10:32:04.722Z] GET /passes/current - 200 (3ms)
[2026-01-26T10:32:04.728Z] GET /exams/user/stats - 304 (5ms)
[2026-01-26T10:32:06.703Z] GET /exams?type=real_exam - 304 (6ms)
[2026-01-26T10:32:06.720Z] GET /exams?type=real_exam - 304 (6ms)
[2026-01-26T10:32:11.089Z] GET /exams?type=real_exam - 304 (8ms)
[2026-01-26T10:32:11.106Z] GET /exams?type=real_exam - 304 (6ms)
[2026-01-26T10:32:12.944Z] GET /exams/ea974100-c6ab-42a4-bdbb-e68493548c25 - 304 (3ms)
[2026-01-26T10:32:12.952Z] GET /exams/ea974100-c6ab-42a4-bdbb-e68493548c25/my-attempts - 304 (4ms)
[2026-01-26T10:32:12.979Z] GET /exams/ea974100-c6ab-42a4-bdbb-e68493548c25 - 304 (3ms)
[2026-01-26T10:32:12.981Z] GET /exams/ea974100-c6ab-42a4-bdbb-e68493548c25/my-attempts - 304 (4ms)
[2026-01-26T10:32:13.527Z] GET /admin/notifications/my - 304 (3ms)
[2026-01-26T10:32:35.038Z] GET /admin/notifications/my - 304 (24ms)
[2026-01-26T10:32:35.049Z] GET /passes/current - 304 (32ms)
[2026-01-26T10:32:35.050Z] GET /exams/user/stats - 304 (30ms)
[2026-01-26T10:32:35.053Z] GET /admin/notifications/my - 304 (8ms)
[2026-01-26T10:32:35.057Z] GET /exams/user/recent - 304 (35ms)
[2026-01-26T10:32:35.067Z] GET /passes/current - 304 (7ms)
[2026-01-26T10:32:35.382Z] GET /exams/user/stats - 304 (7ms)
[2026-01-26T10:32:35.386Z] GET /exams/user/recent - 304 (10ms)
[2026-01-26T10:32:58.700Z] GET /passes - 304 (15ms)
[2026-01-26T10:32:58.709Z] GET /passes - 304 (3ms)
[2026-01-26T10:33:06.216Z] GET /passes/current - 304 (12ms)
[2026-01-26T10:33:06.233Z] GET /exams/user/recent - 304 (12ms)
[2026-01-26T10:33:06.239Z] GET /exams/user/stats - 304 (33ms)
[2026-01-26T10:33:06.515Z] GET /passes/current - 304 (6ms)
[2026-01-26T10:33:06.540Z] GET /exams/user/recent - 304 (9ms)
[2026-01-26T10:33:06.548Z] GET /exams/user/stats - 304 (6ms)
[2026-01-26T10:33:13.543Z] GET /admin/notifications/my - 304 (4ms)
[2026-01-26T10:33:15.682Z] GET /passes/current - 200 (4ms)
[2026-01-26T10:33:15.690Z] GET /exams/user/stats - 304 (6ms)
[2026-01-26T10:33:15.696Z] GET /exams/user/recent - 304 (10ms)
[2026-01-26T10:33:15.770Z] GET /passes/current - 200 (4ms)
[2026-01-26T10:33:15.776Z] GET /exams/user/stats - 304 (8ms)
[2026-01-26T10:33:15.795Z] GET /exams/user/recent - 304 (26ms)
[2026-01-26T10:33:35.026Z] GET /admin/notifications/my - 304 (15ms)
[2026-01-26T10:33:36.160Z] GET /exams?type=real_exam - 304 (13ms)
[2026-01-26T10:33:36.185Z] GET /exams?type=real_exam - 304 (9ms)
[2026-01-26T10:33:39.634Z] GET /exams/models/ea974100-c6ab-42a4-bdbb-e68493548c25 - 200 (5ms)
[2026-01-26T10:33:39.654Z] GET /exams/models/ea974100-c6ab-42a4-bdbb-e68493548c25 - 200 (3ms)
[2026-01-26T10:33:39.675Z] GET /exams/ea974100-c6ab-42a4-bdbb-e68493548c25 - 304 (4ms)
[2026-01-26T10:33:39.695Z] GET /exams/ea974100-c6ab-42a4-bdbb-e68493548c25 - 304 (3ms)
[2026-01-26T10:33:39.703Z] POST /test-session/start - 201 (6ms)
[2026-01-26T10:33:39.719Z] POST /test-session/start - 201 (5ms)
[2026-01-26T10:33:46.157Z] POST /test-session/ea974100-c6ab-42a4-bdbb-e68493548c25/submit - 201 (94ms)
[2026-01-26T10:33:47.492Z] GET /exams/attempts/1f8c5e73-d1c2-43b8-b8d2-02a53b4a0ebe - 200 (17ms)
[2026-01-26T10:33:47.506Z] GET /admin/notifications/my - 304 (3ms)
[2026-01-26T10:33:47.508Z] GET /analytics/percentile/exam/1f8c5e73-d1c2-43b8-b8d2-02a53b4a0ebe - 400: "No attempts found for this exam"
[2026-01-26T10:33:47.510Z] GET /analytics/percentile/exam/1f8c5e73-d1c2-43b8-b8d2-02a53b4a0ebe - 400 (8ms)
[2026-01-26T10:33:47.526Z] GET /analytics/patterns - 200 (22ms)
[2026-01-26T10:33:47.528Z] GET /analytics/attempt/1f8c5e73-d1c2-43b8-b8d2-02a53b4a0ebe - 200 (30ms)
[2026-01-26T10:33:47.543Z] GET /analytics/percentile/exam/1f8c5e73-d1c2-43b8-b8d2-02a53b4a0ebe - 400: "No attempts found for this exam"
[2026-01-26T10:33:47.545Z] GET /analytics/percentile/exam/1f8c5e73-d1c2-43b8-b8d2-02a53b4a0ebe - 400 (6ms)
[2026-01-26T10:33:47.547Z] GET /admin/notifications/my - 304 (7ms)
[2026-01-26T10:33:47.554Z] GET /exams/attempts/1f8c5e73-d1c2-43b8-b8d2-02a53b4a0ebe - 304 (17ms)
[2026-01-26T10:33:47.572Z] GET /analytics/patterns - 304 (15ms)
[2026-01-26T10:33:47.580Z] GET /analytics/attempt/1f8c5e73-d1c2-43b8-b8d2-02a53b4a0ebe - 304 (20ms)
[2026-01-26T10:33:48.152Z] GET /passes - 304 (4ms)
[2026-01-26T10:33:48.349Z] GET /passes - 304 (3ms)
[2026-01-26T10:33:50.747Z] GET /passes/current - 304 (6ms)
[2026-01-26T10:33:51.053Z] GET /exams/user/stats - 304 (6ms)
[2026-01-26T10:33:51.058Z] GET /exams/user/recent - 304 (10ms)
[2026-01-26T10:33:51.066Z] GET /passes/current - 304 (6ms)
[2026-01-26T10:33:51.364Z] GET /exams/user/stats - 304 (5ms)
[2026-01-26T10:33:51.377Z] GET /exams/user/recent - 304 (8ms)
[2026-01-26T10:33:54.163Z] GET /exams?type=live_exam - 304 (9ms)
[2026-01-26T10:33:54.177Z] GET /exams?type=live_exam - 304 (9ms)
[2026-01-26T10:33:56.974Z] GET /exams?type=previous_year_paper - 304 (8ms)
[2026-01-26T10:33:56.990Z] GET /exams?type=previous_year_paper - 304 (8ms)
[2026-01-26T10:34:05.692Z] GET /passes/current - 304 (8ms)
[2026-01-26T10:34:05.707Z] GET /exams/user/stats - 304 (21ms)
[2026-01-26T10:34:05.711Z] GET /exams/user/recent - 304 (24ms)
[2026-01-26T10:34:05.952Z] GET /passes/current - 304 (7ms)
[2026-01-26T10:34:06.008Z] GET /exams/user/stats - 304 (5ms)
[2026-01-26T10:34:06.021Z] GET /exams/user/recent - 304 (7ms)
[2026-01-26T10:34:06.194Z] POST /auth/login - 200 (100ms)
[2026-01-26T10:34:06.854Z] GET /admin/notifications/my - 304 (5ms)
[2026-01-26T10:34:06.861Z] GET /passes/current - 304 (11ms)
[2026-01-26T10:34:06.863Z] GET /exams/user/stats - 304 (11ms)
[2026-01-26T10:34:06.865Z] GET /exams/user/recent - 304 (10ms)
[2026-01-26T10:34:06.871Z] GET /admin/notifications/my - 304 (2ms)
[2026-01-26T10:34:06.881Z] GET /passes/current - 304 (5ms)
[2026-01-26T10:34:06.893Z] GET /exams/user/stats - 304 (6ms)
[2026-01-26T10:34:06.897Z] GET /exams/user/recent - 304 (9ms)
[2026-01-26T10:34:09.287Z] GET /exams?type=real_exam - 304 (13ms)
[2026-01-26T10:34:09.477Z] GET /exams?type=real_exam - 304 (10ms)
[2026-01-26T10:34:10.756Z] GET /exams?type=live_exam - 304 (8ms)
[2026-01-26T10:34:11.074Z] GET /exams?type=live_exam - 304 (10ms)
[2026-01-26T10:34:11.856Z] GET /exams?type=previous_year_paper - 304 (10ms)
[2026-01-26T10:34:12.178Z] GET /exams?type=previous_year_paper - 304 (10ms)
[2026-01-26T10:34:13.541Z] GET /exams/hierarchy - 403: "Forbidden resource"
[2026-01-26T10:34:13.543Z] GET /exams/hierarchy - 403 (2ms)
[2026-01-26T10:34:13.718Z] GET /exams/hierarchy - 403: "Forbidden resource"
[2026-01-26T10:34:13.720Z] GET /exams/hierarchy - 403 (3ms)
[2026-01-26T10:34:13.898Z] GET /exams?type=real_exam - 304 (8ms)
[2026-01-26T10:34:13.983Z] GET /exams?type=real_exam - 304 (9ms)
[2026-01-26T10:34:19.541Z] GET /passes/current - 304 (6ms)
[2026-01-26T10:34:20.290Z] GET /exams/user/stats - 304 (12ms)
[2026-01-26T10:34:20.306Z] GET /passes/current - 304 (23ms)
[2026-01-26T10:34:20.312Z] GET /exams/user/recent - 304 (32ms)
[2026-01-26T10:34:20.732Z] GET /exams/user/stats - 304 (8ms)
[2026-01-26T10:34:20.736Z] GET /exams/user/recent - 304 (10ms)
[2026-01-26T10:34:23.696Z] GET /passes/current - 304 (9ms)
[2026-01-26T10:34:23.698Z] GET /exams/user/stats - 304 (9ms)
[2026-01-26T10:34:23.700Z] GET /exams/user/recent - 304 (10ms)
[2026-01-26T10:34:23.845Z] GET /exams/user/stats - 304 (5ms)
[2026-01-26T10:34:23.882Z] GET /passes/current - 304 (7ms)
[2026-01-26T10:34:23.884Z] GET /exams/user/recent - 304 (7ms)
[2026-01-26T10:34:35.336Z] GET /admin/notifications/my - 304 (15ms)
[2026-01-26T10:34:46.609Z] GET /users/profile - 304 (15ms)
[2026-01-26T10:34:46.620Z] GET /users/profile - 304 (2ms)
[2026-01-26T10:34:47.435Z] GET /admin/notifications/my - 304 (4ms)
[2026-01-26T10:34:48.629Z] GET /exams/models/ea974100-c6ab-42a4-bdbb-e68493548c25 - 200 (5ms)
[2026-01-26T10:34:48.648Z] GET /exams/models/ea974100-c6ab-42a4-bdbb-e68493548c25 - 200 (4ms)
[2026-01-26T10:34:48.654Z] GET /exams/ea974100-c6ab-42a4-bdbb-e68493548c25 - 304 (3ms)
[2026-01-26T10:34:48.671Z] GET /exams/ea974100-c6ab-42a4-bdbb-e68493548c25 - 304 (3ms)
[2026-01-26T10:34:48.682Z] POST /test-session/start - 201 (9ms)
[2026-01-26T10:34:48.691Z] POST /test-session/start - 201 (5ms)
[2026-01-26T10:34:49.853Z] GET /exams/attempts/1f8c5e73-d1c2-43b8-b8d2-02a53b4a0ebe - 304 (23ms)
[2026-01-26T10:34:49.861Z] GET /admin/notifications/my - 304 (27ms)
[2026-01-26T10:34:49.863Z] GET /analytics/percentile/exam/1f8c5e73-d1c2-43b8-b8d2-02a53b4a0ebe - 400: "No attempts found for this exam"
[2026-01-26T10:34:49.865Z] GET /analytics/percentile/exam/1f8c5e73-d1c2-43b8-b8d2-02a53b4a0ebe - 400 (22ms)
[2026-01-26T10:34:49.882Z] GET /analytics/patterns - 304 (44ms)
[2026-01-26T10:34:49.895Z] GET /analytics/attempt/1f8c5e73-d1c2-43b8-b8d2-02a53b4a0ebe - 304 (59ms)
[2026-01-26T10:34:49.898Z] GET /analytics/percentile/exam/1f8c5e73-d1c2-43b8-b8d2-02a53b4a0ebe - 400: "No attempts found for this exam"
[2026-01-26T10:34:49.900Z] GET /analytics/percentile/exam/1f8c5e73-d1c2-43b8-b8d2-02a53b4a0ebe - 400 (9ms)
[2026-01-26T10:34:49.902Z] GET /admin/notifications/my - 304 (9ms)
[2026-01-26T10:34:49.907Z] GET /exams/attempts/1f8c5e73-d1c2-43b8-b8d2-02a53b4a0ebe - 304 (20ms)
[2026-01-26T10:34:49.925Z] GET /analytics/patterns - 304 (16ms)
[2026-01-26T10:34:49.937Z] GET /analytics/attempt/1f8c5e73-d1c2-43b8-b8d2-02a53b4a0ebe - 304 (10ms)
[2026-01-26T10:34:53.074Z] GET /admin/notifications/my - 304 (4ms)
[2026-01-26T10:34:53.091Z] GET /analytics/percentile/exam/1f8c5e73-d1c2-43b8-b8d2-02a53b4a0ebe - 400: "No attempts found for this exam"
[2026-01-26T10:34:53.092Z] GET /analytics/percentile/exam/1f8c5e73-d1c2-43b8-b8d2-02a53b4a0ebe - 400 (7ms)
[2026-01-26T10:34:53.101Z] GET /exams/attempts/1f8c5e73-d1c2-43b8-b8d2-02a53b4a0ebe - 304 (21ms)
[2026-01-26T10:34:53.117Z] GET /analytics/patterns - 304 (28ms)
[2026-01-26T10:34:53.119Z] GET /admin/notifications/my - 304 (15ms)
[2026-01-26T10:34:53.126Z] GET /analytics/percentile/exam/1f8c5e73-d1c2-43b8-b8d2-02a53b4a0ebe - 400: "No attempts found for this exam"
[2026-01-26T10:34:53.127Z] GET /analytics/percentile/exam/1f8c5e73-d1c2-43b8-b8d2-02a53b4a0ebe - 400 (6ms)
[2026-01-26T10:34:53.129Z] GET /analytics/attempt/1f8c5e73-d1c2-43b8-b8d2-02a53b4a0ebe - 304 (46ms)
[2026-01-26T10:34:53.139Z] GET /exams/attempts/1f8c5e73-d1c2-43b8-b8d2-02a53b4a0ebe - 304 (15ms)
[2026-01-26T10:34:53.152Z] GET /analytics/patterns - 304 (18ms)
[2026-01-26T10:34:53.161Z] GET /analytics/attempt/1f8c5e73-d1c2-43b8-b8d2-02a53b4a0ebe - 304 (18ms)
[2026-01-26T10:34:58.382Z] GET /passes/current - 200 (5ms)
[2026-01-26T10:34:58.384Z] GET /exams/user/stats - 200 (6ms)
[2026-01-26T10:34:58.398Z] GET /exams/user/recent - 200 (9ms)
[2026-01-26T10:34:58.412Z] GET /passes/current - 200 (4ms)
[2026-01-26T10:34:58.417Z] GET /exams/user/stats - 304 (7ms)
[2026-01-26T10:34:58.431Z] GET /exams/user/recent - 304 (8ms)
[2026-01-26T10:35:06.872Z] GET /admin/notifications/my - 304 (4ms)
[2026-01-26T10:35:27.829Z] GET /passes/my-pass - 304 (16ms)
[2026-01-26T10:35:27.851Z] GET /passes/my-pass - 304 (4ms)
[2026-01-26T10:35:35.014Z] GET /admin/notifications/my - 304 (3ms)
[2026-01-26T10:35:35.291Z] GET /exams/user/stats - 304 (6ms)
[2026-01-26T10:35:35.302Z] GET /exams/performance/trend - 304 (16ms)
[2026-01-26T10:35:35.308Z] GET /adaptive/mastery - 200 (18ms)
[2026-01-26T10:35:35.318Z] GET /exams/user/stats - 304 (7ms)
[2026-01-26T10:35:35.324Z] GET /exams/performance/trend - 304 (5ms)
[2026-01-26T10:35:35.330Z] GET /adaptive/mastery - 304 (3ms)
[2026-01-26T10:35:42.741Z] GET /passes - 304 (4ms)
[2026-01-26T10:35:42.752Z] GET /passes - 304 (3ms)
[2026-01-26T10:35:51.521Z] GET /users/saved-questions - 200 (4ms)
[2026-01-26T10:35:51.534Z] GET /users/saved-questions - 304 (3ms)
[2026-01-26T10:35:52.700Z] GET /admin/notifications/my - 304 (4ms)
[2026-01-26T10:35:55.434Z] GET /quality/my-flags - 200 (11ms)
[2026-01-26T10:35:55.457Z] GET /quality/my-flags - 304 (3ms)
[2026-01-26T10:35:56.624Z] GET /exams?type=real_exam - 200 (10ms)
[2026-01-26T10:35:56.644Z] GET /exams?type=real_exam - 304 (7ms)
[2026-01-26T10:35:57.902Z] GET /exams?type=previous_year_paper - 304 (8ms)
[2026-01-26T10:35:57.919Z] GET /exams?type=previous_year_paper - 304 (7ms)
[2026-01-26T10:35:59.354Z] GET /exams?type=live_exam - 304 (7ms)
[2026-01-26T10:35:59.373Z] GET /exams?type=live_exam - 304 (8ms)
[2026-01-26T10:36:06.840Z] GET /admin/notifications/my - 304 (3ms)
[2026-01-26T10:36:06.976Z] GET /passes/current - 200 (4ms)
[2026-01-26T10:36:06.987Z] GET /exams/user/stats - 304 (6ms)
[2026-01-26T10:36:07.003Z] GET /exams/user/recent - 304 (21ms)
[2026-01-26T10:36:07.009Z] GET /passes/current - 200 (4ms)
[2026-01-26T10:36:07.014Z] GET /exams/user/stats - 304 (6ms)
[2026-01-26T10:36:07.026Z] GET /exams/user/recent - 304 (8ms)
[2026-01-26T10:36:08.514Z] GET /exams/hierarchy - 403: "Forbidden resource"
[2026-01-26T10:36:08.515Z] GET /exams/hierarchy - 403 (2ms)
[2026-01-26T10:36:08.828Z] GET /exams/hierarchy - 403: "Forbidden resource"
[2026-01-26T10:36:08.830Z] GET /exams/hierarchy - 403 (2ms)
[2026-01-26T10:36:11.857Z] GET /exams?type=quiz - 500: "invalid input value for enum exam_type_enum: \"quiz\""
QueryFailedError: invalid input value for enum exam_type_enum: "quiz"
    at PostgresQueryRunner.query (C:\Users\dadim\OneDrive\Desktop\eRankUp\backend\node_modules\typeorm\driver\postgres\PostgresQueryRunner.js:216:19)
    at process.processTicksAndRejections (node:internal/process/task_queues:103:5)
    at async SelectQueryBuilder.loadRawResults (C:\Users\dadim\OneDrive\Desktop\eRankUp\backend\node_modules\typeorm\query-builder\SelectQueryBuilder.js:2231:25)
    at async SelectQueryBuilder.executeEntitiesAndRawResults (C:\Users\dadim\OneDrive\Desktop\eRankUp\backend\node_modules\typeorm\query-builder\SelectQueryBuilder.js:2079:26)
    at async SelectQueryBuilder.getRawAndEntities (C:\Users\dadim\OneDrive\Desktop\eRankUp\backend\node_modules\typeorm\query-builder\SelectQueryBuilder.js:684:29)
    at async SelectQueryBuilder.getMany (C:\Users\dadim\OneDrive\Desktop\eRankUp\backend\node_modules\typeorm\query-builder\SelectQueryBuilder.js:750:25)
    at async ExamsService.findAll (C:\Users\dadim\OneDrive\Desktop\eRankUp\backend\dist\backend\src\exams\exams.service.js:68:23)
    at async ExamsController.findAll (C:\Users\dadim\OneDrive\Desktop\eRankUp\backend\dist\backend\src\exams\exams.controller.js:44:23)
[2026-01-26T10:36:11.859Z] GET /exams?type=quiz - 500 (9ms)
[2026-01-26T10:36:11.870Z] GET /exams?type=quiz - 500: "invalid input value for enum exam_type_enum: \"quiz\""
QueryFailedError: invalid input value for enum exam_type_enum: "quiz"
    at PostgresQueryRunner.query (C:\Users\dadim\OneDrive\Desktop\eRankUp\backend\node_modules\typeorm\driver\postgres\PostgresQueryRunner.js:216:19)
    at process.processTicksAndRejections (node:internal/process/task_queues:103:5)
    at async SelectQueryBuilder.loadRawResults (C:\Users\dadim\OneDrive\Desktop\eRankUp\backend\node_modules\typeorm\query-builder\SelectQueryBuilder.js:2231:25)
    at async SelectQueryBuilder.executeEntitiesAndRawResults (C:\Users\dadim\OneDrive\Desktop\eRankUp\backend\node_modules\typeorm\query-builder\SelectQueryBuilder.js:2079:26)
    at async SelectQueryBuilder.getRawAndEntities (C:\Users\dadim\OneDrive\Desktop\eRankUp\backend\node_modules\typeorm\query-builder\SelectQueryBuilder.js:684:29)
    at async SelectQueryBuilder.getMany (C:\Users\dadim\OneDrive\Desktop\eRankUp\backend\node_modules\typeorm\query-builder\SelectQueryBuilder.js:750:25)
    at async ExamsService.findAll (C:\Users\dadim\OneDrive\Desktop\eRankUp\backend\dist\backend\src\exams\exams.service.js:68:23)
    at async ExamsController.findAll (C:\Users\dadim\OneDrive\Desktop\eRankUp\backend\dist\backend\src\exams\exams.controller.js:44:23)
[2026-01-26T10:36:11.872Z] GET /exams?type=quiz - 500 (7ms)
[2026-01-26T10:36:14.453Z] GET /exams/performance/trend - 304 (6ms)
[2026-01-26T10:36:14.459Z] GET /exams/user/stats - 304 (11ms)
[2026-01-26T10:36:14.466Z] GET /exams?type=real_exam - 304 (8ms)
[2026-01-26T10:36:14.472Z] GET /adaptive/mastery - 304 (23ms)
[2026-01-26T10:36:14.495Z] GET /exams?type=real_exam - 304 (9ms)
[2026-01-26T10:36:14.769Z] GET /exams/performance/trend - 304 (5ms)
[2026-01-26T10:36:14.779Z] GET /exams/user/stats - 304 (5ms)
[2026-01-26T10:36:14.785Z] GET /adaptive/mastery - 304 (4ms)
[2026-01-26T10:36:20.844Z] GET /exams?type=real_exam - 304 (8ms)
[2026-01-26T10:36:20.864Z] GET /exams?type=real_exam - 304 (7ms)
[2026-01-26T10:36:24.880Z] GET /exams/attempts/c8112a25-041d-4658-b2ba-0cfc7ec240e2 - 200 (16ms)
[2026-01-26T10:36:24.899Z] GET /exams/attempts/c8112a25-041d-4658-b2ba-0cfc7ec240e2 - 304 (12ms)
[2026-01-26T10:36:24.915Z] GET /exams/ea974100-c6ab-42a4-bdbb-e68493548c25 - 200 (2ms)
[2026-01-26T10:36:24.928Z] GET /exams/ea974100-c6ab-42a4-bdbb-e68493548c25/my-attempts - 200 (6ms)
[2026-01-26T10:36:24.939Z] GET /exams/ea974100-c6ab-42a4-bdbb-e68493548c25 - 304 (3ms)
[2026-01-26T10:36:24.947Z] GET /exams/ea974100-c6ab-42a4-bdbb-e68493548c25/my-attempts - 304 (5ms)
[2026-01-26T10:36:25.250Z] GET /users/saved-questions/59c20889-8f51-4f4c-98c3-50d8f7e3c636/status - 304 (3ms)
[2026-01-26T10:36:25.515Z] GET /users/saved-questions/59c20889-8f51-4f4c-98c3-50d8f7e3c636/status - 304 (3ms)
[2026-01-26T10:36:25.725Z] GET /passes/current - 200 (6ms)
[2026-01-26T10:36:25.740Z] GET /exams/user/stats - 304 (19ms)
[2026-01-26T10:36:25.744Z] GET /exams/user/recent - 304 (21ms)
[2026-01-26T10:36:25.751Z] GET /passes/current - 200 (4ms)
[2026-01-26T10:36:25.762Z] GET /exams/user/stats - 304 (6ms)
[2026-01-26T10:36:25.767Z] GET /exams/user/recent - 304 (7ms)
[2026-01-26T10:36:30.615Z] GET /exams/models/ea974100-c6ab-42a4-bdbb-e68493548c25 - 200 (5ms)
[2026-01-26T10:36:30.637Z] GET /exams/models/ea974100-c6ab-42a4-bdbb-e68493548c25 - 200 (4ms)
[2026-01-26T10:36:30.642Z] GET /exams/ea974100-c6ab-42a4-bdbb-e68493548c25 - 304 (2ms)
[2026-01-26T10:36:30.660Z] GET /exams/ea974100-c6ab-42a4-bdbb-e68493548c25 - 304 (3ms)
[2026-01-26T10:36:30.673Z] POST /test-session/start - 201 (8ms)
[2026-01-26T10:36:30.684Z] POST /test-session/start - 201 (6ms)
[2026-01-26T10:36:33.918Z] GET /exams/performance/trend - 200 (4ms)
[2026-01-26T10:36:33.923Z] GET /exams/user/stats - 304 (7ms)
[2026-01-26T10:36:33.927Z] GET /adaptive/mastery - 200 (5ms)
[2026-01-26T10:36:33.949Z] GET /exams/performance/trend - 304 (5ms)
[2026-01-26T10:36:33.952Z] GET /exams/user/stats - 304 (10ms)
[2026-01-26T10:36:33.956Z] GET /adaptive/mastery - 304 (3ms)
[2026-01-26T10:36:34.169Z] GET /passes/current - 304 (6ms)
[2026-01-26T10:36:34.479Z] GET /exams/user/stats - 304 (6ms)
[2026-01-26T10:36:34.483Z] GET /exams/user/recent - 304 (9ms)
[2026-01-26T10:36:34.492Z] GET /passes/current - 304 (5ms)
[2026-01-26T10:36:34.793Z] GET /exams/user/stats - 304 (4ms)
[2026-01-26T10:36:34.805Z] GET /exams/user/recent - 304 (7ms)
[2026-01-26T10:36:35.327Z] GET /admin/notifications/my - 304 (4ms)
[2026-01-26T10:36:36.645Z] POST /test-session/ea974100-c6ab-42a4-bdbb-e68493548c25/sync - 201 (3ms)
[2026-01-26T10:36:38.534Z] POST /test-session/ea974100-c6ab-42a4-bdbb-e68493548c25/sync - 201 (3ms)
[2026-01-26T10:36:40.466Z] POST /test-session/ea974100-c6ab-42a4-bdbb-e68493548c25/sync - 201 (3ms)
[2026-01-26T10:36:42.344Z] POST /test-session/ea974100-c6ab-42a4-bdbb-e68493548c25/sync - 201 (3ms)
[2026-01-26T10:36:44.809Z] POST /test-session/ea974100-c6ab-42a4-bdbb-e68493548c25/sync - 201 (3ms)
[2026-01-26T10:36:47.689Z] POST /test-session/ea974100-c6ab-42a4-bdbb-e68493548c25/sync - 201 (3ms)
[2026-01-26T10:36:50.152Z] POST /test-session/ea974100-c6ab-42a4-bdbb-e68493548c25/sync - 201 (3ms)
[2026-01-26T10:36:52.124Z] POST /test-session/ea974100-c6ab-42a4-bdbb-e68493548c25/sync - 201 (3ms)
[2026-01-26T10:36:52.722Z] GET /admin/notifications/my - 304 (15ms)
[2026-01-26T10:36:54.392Z] POST /test-session/ea974100-c6ab-42a4-bdbb-e68493548c25/sync - 201 (4ms)
[2026-01-26T10:36:58.869Z] POST /test-session/ea974100-c6ab-42a4-bdbb-e68493548c25/sync - 201 (3ms)
[2026-01-26T10:36:59.816Z] POST /test-session/ea974100-c6ab-42a4-bdbb-e68493548c25/sync - 201 (2ms)
[2026-01-26T10:36:59.985Z] POST /test-session/ea974100-c6ab-42a4-bdbb-e68493548c25/sync - 201 (2ms)
[2026-01-26T10:37:00.160Z] POST /test-session/ea974100-c6ab-42a4-bdbb-e68493548c25/sync - 201 (3ms)
[2026-01-26T10:37:00.308Z] POST /test-session/ea974100-c6ab-42a4-bdbb-e68493548c25/sync - 201 (2ms)
[2026-01-26T10:37:00.480Z] POST /test-session/ea974100-c6ab-42a4-bdbb-e68493548c25/sync - 201 (3ms)
[2026-01-26T10:37:00.695Z] POST /test-session/ea974100-c6ab-42a4-bdbb-e68493548c25/sync - 201 (3ms)
[2026-01-26T10:37:07.681Z] POST /test-session/ea974100-c6ab-42a4-bdbb-e68493548c25/sync - 201 (3ms)
[2026-01-26T10:37:16.503Z] POST /test-session/ea974100-c6ab-42a4-bdbb-e68493548c25/submit - 201 (94ms)
[2026-01-26T10:37:18.294Z] GET /exams/attempts/32cbb016-863a-455b-9778-e9b924f5550b - 200 (12ms)
[2026-01-26T10:37:18.296Z] GET /admin/notifications/my - 304 (6ms)
[2026-01-26T10:37:18.297Z] GET /analytics/percentile/exam/32cbb016-863a-455b-9778-e9b924f5550b - 400: "No attempts found for this exam"
[2026-01-26T10:37:18.297Z] GET /analytics/percentile/exam/32cbb016-863a-455b-9778-e9b924f5550b - 400 (8ms)
[2026-01-26T10:37:18.300Z] GET /analytics/attempt/32cbb016-863a-455b-9778-e9b924f5550b - 200 (16ms)
[2026-01-26T10:37:18.306Z] GET /analytics/patterns - 200 (7ms)
[2026-01-26T10:37:18.318Z] GET /analytics/percentile/exam/32cbb016-863a-455b-9778-e9b924f5550b - 400: "No attempts found for this exam"
[2026-01-26T10:37:18.319Z] GET /analytics/percentile/exam/32cbb016-863a-455b-9778-e9b924f5550b - 400 (3ms)
[2026-01-26T10:37:18.320Z] GET /admin/notifications/my - 304 (3ms)
[2026-01-26T10:37:18.323Z] GET /exams/attempts/32cbb016-863a-455b-9778-e9b924f5550b - 304 (12ms)
[2026-01-26T10:37:18.332Z] GET /analytics/attempt/32cbb016-863a-455b-9778-e9b924f5550b - 304 (7ms)
[2026-01-26T10:37:18.334Z] GET /analytics/patterns - 304 (7ms)
[2026-01-26T10:37:25.776Z] GET /admin/notifications/my - 304 (5ms)
[2026-01-26T10:37:25.785Z] GET /analytics/percentile/exam/32cbb016-863a-455b-9778-e9b924f5550b - 400: "No attempts found for this exam"
[2026-01-26T10:37:25.787Z] GET /analytics/percentile/exam/32cbb016-863a-455b-9778-e9b924f5550b - 400 (8ms)
[2026-01-26T10:37:25.792Z] GET /exams/attempts/32cbb016-863a-455b-9778-e9b924f5550b - 304 (19ms)
[2026-01-26T10:37:25.799Z] GET /analytics/patterns - 304 (16ms)
[2026-01-26T10:37:25.803Z] GET /analytics/attempt/32cbb016-863a-455b-9778-e9b924f5550b - 304 (26ms)
[2026-01-26T10:37:25.814Z] GET /admin/notifications/my - 304 (3ms)
[2026-01-26T10:37:25.822Z] GET /analytics/percentile/exam/32cbb016-863a-455b-9778-e9b924f5550b - 400: "No attempts found for this exam"
[2026-01-26T10:37:25.824Z] GET /analytics/percentile/exam/32cbb016-863a-455b-9778-e9b924f5550b - 400 (6ms)
[2026-01-26T10:37:25.833Z] GET /exams/attempts/32cbb016-863a-455b-9778-e9b924f5550b - 304 (14ms)
[2026-01-26T10:37:25.845Z] GET /analytics/patterns - 304 (10ms)
[2026-01-26T10:37:25.851Z] GET /analytics/attempt/32cbb016-863a-455b-9778-e9b924f5550b - 304 (13ms)
[2026-01-26T10:37:32.087Z] GET /exams/attempts/32cbb016-863a-455b-9778-e9b924f5550b - 304 (16ms)
[2026-01-26T10:37:32.110Z] GET /exams/attempts/32cbb016-863a-455b-9778-e9b924f5550b - 304 (14ms)
[2026-01-26T10:37:32.279Z] GET /users/saved-questions/a9dd92de-a078-423d-b55b-e7ff2fac2547/status - 200 (3ms)
[2026-01-26T10:37:32.302Z] GET /users/saved-questions/a9dd92de-a078-423d-b55b-e7ff2fac2547/status - 304 (4ms)
[2026-01-26T10:37:34.032Z] GET /exams?type=quiz - 500: "invalid input value for enum exam_type_enum: \"quiz\""
QueryFailedError: invalid input value for enum exam_type_enum: "quiz"
    at PostgresQueryRunner.query (C:\Users\dadim\OneDrive\Desktop\eRankUp\backend\node_modules\typeorm\driver\postgres\PostgresQueryRunner.js:216:19)
    at process.processTicksAndRejections (node:internal/process/task_queues:103:5)
    at async SelectQueryBuilder.loadRawResults (C:\Users\dadim\OneDrive\Desktop\eRankUp\backend\node_modules\typeorm\query-builder\SelectQueryBuilder.js:2231:25)
    at async SelectQueryBuilder.executeEntitiesAndRawResults (C:\Users\dadim\OneDrive\Desktop\eRankUp\backend\node_modules\typeorm\query-builder\SelectQueryBuilder.js:2079:26)
    at async SelectQueryBuilder.getRawAndEntities (C:\Users\dadim\OneDrive\Desktop\eRankUp\backend\node_modules\typeorm\query-builder\SelectQueryBuilder.js:684:29)
    at async SelectQueryBuilder.getMany (C:\Users\dadim\OneDrive\Desktop\eRankUp\backend\node_modules\typeorm\query-builder\SelectQueryBuilder.js:750:25)
    at async ExamsService.findAll (C:\Users\dadim\OneDrive\Desktop\eRankUp\backend\dist\backend\src\exams\exams.service.js:68:23)
    at async ExamsController.findAll (C:\Users\dadim\OneDrive\Desktop\eRankUp\backend\dist\backend\src\exams\exams.controller.js:44:23)
[2026-01-26T10:37:34.034Z] GET /exams?type=quiz - 500 (7ms)
[2026-01-26T10:37:34.230Z] GET /exams?type=quiz - 500: "invalid input value for enum exam_type_enum: \"quiz\""
QueryFailedError: invalid input value for enum exam_type_enum: "quiz"
    at PostgresQueryRunner.query (C:\Users\dadim\OneDrive\Desktop\eRankUp\backend\node_modules\typeorm\driver\postgres\PostgresQueryRunner.js:216:19)
    at process.processTicksAndRejections (node:internal/process/task_queues:103:5)
    at async SelectQueryBuilder.loadRawResults (C:\Users\dadim\OneDrive\Desktop\eRankUp\backend\node_modules\typeorm\query-builder\SelectQueryBuilder.js:2231:25)
    at async SelectQueryBuilder.executeEntitiesAndRawResults (C:\Users\dadim\OneDrive\Desktop\eRankUp\backend\node_modules\typeorm\query-builder\SelectQueryBuilder.js:2079:26)
    at async SelectQueryBuilder.getRawAndEntities (C:\Users\dadim\OneDrive\Desktop\eRankUp\backend\node_modules\typeorm\query-builder\SelectQueryBuilder.js:684:29)
    at async SelectQueryBuilder.getMany (C:\Users\dadim\OneDrive\Desktop\eRankUp\backend\node_modules\typeorm\query-builder\SelectQueryBuilder.js:750:25)
    at async ExamsService.findAll (C:\Users\dadim\OneDrive\Desktop\eRankUp\backend\dist\backend\src\exams\exams.service.js:68:23)
    at async ExamsController.findAll (C:\Users\dadim\OneDrive\Desktop\eRankUp\backend\dist\backend\src\exams\exams.controller.js:44:23)
[2026-01-26T10:37:34.232Z] GET /exams?type=quiz - 500 (7ms)
[2026-01-26T10:37:35.337Z] GET /admin/notifications/my - 304 (3ms)
[2026-01-26T10:37:35.400Z] GET /exams/hierarchy - 403: "Forbidden resource"
[2026-01-26T10:37:35.402Z] GET /exams/hierarchy - 403 (3ms)
[2026-01-26T10:37:35.714Z] GET /exams/hierarchy - 403: "Forbidden resource"
[2026-01-26T10:37:35.715Z] GET /exams/hierarchy - 403 (2ms)
[2026-01-26T10:37:36.419Z] GET /passes/current - 304 (7ms)
[2026-01-26T10:37:36.432Z] GET /exams/user/stats - 200 (19ms)
[2026-01-26T10:37:36.435Z] GET /exams/user/recent - 200 (21ms)
[2026-01-26T10:37:36.454Z] GET /passes/current - 304 (6ms)
[2026-01-26T10:37:36.501Z] GET /exams/user/stats - 304 (6ms)
[2026-01-26T10:37:36.510Z] GET /exams/user/recent - 304 (6ms)
[2026-01-26T10:37:41.861Z] GET /exams?type=live_exam - 304 (8ms)
[2026-01-26T10:37:41.882Z] GET /exams?type=live_exam - 304 (7ms)
[2026-01-26T10:37:45.528Z] GET /passes/current - 304 (4ms)
[2026-01-26T10:37:45.529Z] GET /exams/user/stats - 304 (4ms)
[2026-01-26T10:37:45.531Z] GET /exams/user/recent - 304 (5ms)
[2026-01-26T10:37:45.555Z] GET /passes/current - 304 (4ms)
[2026-01-26T10:37:45.557Z] GET /exams/user/stats - 304 (5ms)
[2026-01-26T10:37:45.558Z] GET /exams/user/recent - 304 (6ms)
[2026-01-26T10:37:49.067Z] GET /exams?type=real_exam - 200 (6ms)
[2026-01-26T10:37:49.114Z] GET /exams?type=real_exam - 304 (6ms)
[2026-01-26T10:37:52.896Z] GET /admin/notifications/my - 304 (3ms)
[2026-01-26T10:38:00.669Z] GET /admin/notifications/my - 304 (3ms)
[2026-01-26T10:38:00.686Z] GET /exams?type=real_exam - 304 (19ms)
[2026-01-26T10:38:00.691Z] GET /admin/notifications/my - 304 (3ms)
[2026-01-26T10:38:00.709Z] GET /exams?type=real_exam - 304 (7ms)
[2026-01-26T10:38:07.737Z] GET /passes/current - 304 (6ms)
[2026-01-26T10:38:07.739Z] GET /exams/user/stats - 304 (5ms)
[2026-01-26T10:38:07.745Z] GET /exams/user/recent - 304 (5ms)
[2026-01-26T10:38:07.775Z] GET /passes/current - 304 (4ms)
[2026-01-26T10:38:07.781Z] GET /exams/user/stats - 304 (4ms)
[2026-01-26T10:38:07.783Z] GET /exams/user/recent - 304 (5ms)
[2026-01-26T10:38:11.682Z] GET /exams?type=real_exam - 304 (7ms)
[2026-01-26T10:38:11.711Z] GET /exams?type=real_exam - 304 (6ms)
[2026-01-26T10:38:15.194Z] GET /passes/current - 304 (6ms)
[2026-01-26T10:38:15.196Z] GET /exams/user/stats - 304 (6ms)
[2026-01-26T10:38:15.499Z] GET /exams/user/recent - 304 (7ms)
[2026-01-26T10:38:15.511Z] GET /passes/current - 304 (5ms)
[2026-01-26T10:38:15.514Z] GET /exams/user/stats - 304 (7ms)
[2026-01-26T10:38:15.812Z] GET /exams/user/recent - 304 (7ms)
[2026-01-26T10:38:16.703Z] GET /exams?type=real_exam - 304 (9ms)
[2026-01-26T10:38:16.934Z] GET /exams?type=real_exam - 304 (11ms)
[2026-01-26T10:38:18.150Z] GET /exams?type=live_exam - 304 (8ms)
[2026-01-26T10:38:18.470Z] GET /exams?type=live_exam - 304 (8ms)
[2026-01-26T10:38:19.519Z] GET /exams?type=previous_year_paper - 304 (9ms)
[2026-01-26T10:38:19.902Z] GET /exams?type=previous_year_paper - 304 (10ms)
[2026-01-26T10:38:24.725Z] GET /exams?type=real_exam - 304 (9ms)
[2026-01-26T10:38:24.739Z] GET /exams?type=real_exam - 304 (9ms)
[2026-01-26T10:38:35.025Z] GET /admin/notifications/my - 304 (14ms)
[2026-01-26T10:38:45.666Z] GET /exams/user/stats - 304 (17ms)
[2026-01-26T10:38:45.668Z] GET /passes/current - 304 (20ms)
[2026-01-26T10:38:45.676Z] GET /exams/user/recent - 304 (23ms)
[2026-01-26T10:38:45.757Z] GET /exams/user/stats - 304 (6ms)
[2026-01-26T10:38:45.761Z] GET /passes/current - 304 (6ms)
[2026-01-26T10:38:45.771Z] GET /exams/user/recent - 304 (7ms)
[2026-01-26T10:38:49.604Z] GET /exams?type=real_exam - 304 (9ms)
[2026-01-26T10:38:49.628Z] GET /exams?type=real_exam - 304 (7ms)
[2026-01-26T10:38:52.881Z] GET /admin/notifications/my - 304 (3ms)
[2026-01-26T10:39:00.668Z] GET /admin/notifications/my - 304 (3ms)
[2026-01-26T10:39:35.022Z] GET /admin/notifications/my - 304 (15ms)
[2026-01-26T10:39:52.900Z] GET /admin/notifications/my - 304 (12ms)
[2026-01-26T10:40:01.435Z] GET /admin/notifications/my - 304 (3ms)
[2026-01-26T10:40:04.910Z] GET /exams?type=real_exam - 304 (10ms)
[2026-01-26T10:40:04.939Z] GET /exams?type=real_exam - 304 (9ms)
[2026-01-26T10:40:05.717Z] GET /exams?type=real_exam - 304 (6ms)
[2026-01-26T10:40:05.750Z] GET /exams?type=real_exam - 304 (6ms)
[2026-01-26T10:40:31.326Z] GET /exams?type=quiz - 500: "invalid input value for enum exam_type_enum: \"quiz\""
QueryFailedError: invalid input value for enum exam_type_enum: "quiz"
    at PostgresQueryRunner.query (C:\Users\dadim\OneDrive\Desktop\eRankUp\backend\node_modules\typeorm\driver\postgres\PostgresQueryRunner.js:216:19)
    at process.processTicksAndRejections (node:internal/process/task_queues:103:5)
    at async SelectQueryBuilder.loadRawResults (C:\Users\dadim\OneDrive\Desktop\eRankUp\backend\node_modules\typeorm\query-builder\SelectQueryBuilder.js:2231:25)
    at async SelectQueryBuilder.executeEntitiesAndRawResults (C:\Users\dadim\OneDrive\Desktop\eRankUp\backend\node_modules\typeorm\query-builder\SelectQueryBuilder.js:2079:26)
    at async SelectQueryBuilder.getRawAndEntities (C:\Users\dadim\OneDrive\Desktop\eRankUp\backend\node_modules\typeorm\query-builder\SelectQueryBuilder.js:684:29)
    at async SelectQueryBuilder.getMany (C:\Users\dadim\OneDrive\Desktop\eRankUp\backend\node_modules\typeorm\query-builder\SelectQueryBuilder.js:750:25)
    at async ExamsService.findAll (C:\Users\dadim\OneDrive\Desktop\eRankUp\backend\dist\backend\src\exams\exams.service.js:68:23)
    at async ExamsController.findAll (C:\Users\dadim\OneDrive\Desktop\eRankUp\backend\dist\backend\src\exams\exams.controller.js:44:23)
[2026-01-26T10:40:31.328Z] GET /exams?type=quiz - 500 (18ms)
[2026-01-26T10:40:31.341Z] GET /exams?type=quiz - 500: "invalid input value for enum exam_type_enum: \"quiz\""
QueryFailedError: invalid input value for enum exam_type_enum: "quiz"
    at PostgresQueryRunner.query (C:\Users\dadim\OneDrive\Desktop\eRankUp\backend\node_modules\typeorm\driver\postgres\PostgresQueryRunner.js:216:19)
    at process.processTicksAndRejections (node:internal/process/task_queues:103:5)
    at async SelectQueryBuilder.loadRawResults (C:\Users\dadim\OneDrive\Desktop\eRankUp\backend\node_modules\typeorm\query-builder\SelectQueryBuilder.js:2231:25)
    at async SelectQueryBuilder.executeEntitiesAndRawResults (C:\Users\dadim\OneDrive\Desktop\eRankUp\backend\node_modules\typeorm\query-builder\SelectQueryBuilder.js:2079:26)
    at async SelectQueryBuilder.getRawAndEntities (C:\Users\dadim\OneDrive\Desktop\eRankUp\backend\node_modules\typeorm\query-builder\SelectQueryBuilder.js:684:29)
    at async SelectQueryBuilder.getMany (C:\Users\dadim\OneDrive\Desktop\eRankUp\backend\node_modules\typeorm\query-builder\SelectQueryBuilder.js:750:25)
    at async ExamsService.findAll (C:\Users\dadim\OneDrive\Desktop\eRankUp\backend\dist\backend\src\exams\exams.service.js:68:23)
    at async ExamsController.findAll (C:\Users\dadim\OneDrive\Desktop\eRankUp\backend\dist\backend\src\exams\exams.controller.js:44:23)
[2026-01-26T10:40:31.343Z] GET /exams?type=quiz - 500 (5ms)
[2026-01-26T10:40:34.394Z] GET /exams/hierarchy - 403: "Forbidden resource"
[2026-01-26T10:40:34.396Z] GET /exams/hierarchy - 403 (2ms)
[2026-01-26T10:40:34.408Z] GET /exams/hierarchy - 403: "Forbidden resource"
[2026-01-26T10:40:34.410Z] GET /exams/hierarchy - 403 (2ms)
[2026-01-26T10:40:35.012Z] GET /admin/notifications/my - 304 (4ms)
[2026-01-26T10:40:43.404Z] GET /passes/current - 200 (4ms)
[2026-01-26T10:40:43.427Z] GET /exams/user/stats - 304 (7ms)
[2026-01-26T10:40:43.434Z] GET /passes/current - 200 (3ms)
[2026-01-26T10:40:43.445Z] GET /exams/user/recent - 304 (24ms)
[2026-01-26T10:40:43.454Z] GET /exams/user/stats - 304 (7ms)
[2026-01-26T10:40:43.475Z] GET /exams/user/recent - 304 (7ms)
[2026-01-26T10:40:52.690Z] GET /admin/notifications/my - 304 (2ms)
[2026-01-26T10:40:59.655Z] GET /exams?type=quiz - 500: "invalid input value for enum exam_type_enum: \"quiz\""
QueryFailedError: invalid input value for enum exam_type_enum: "quiz"
    at PostgresQueryRunner.query (C:\Users\dadim\OneDrive\Desktop\eRankUp\backend\node_modules\typeorm\driver\postgres\PostgresQueryRunner.js:216:19)
    at process.processTicksAndRejections (node:internal/process/task_queues:103:5)
    at async SelectQueryBuilder.loadRawResults (C:\Users\dadim\OneDrive\Desktop\eRankUp\backend\node_modules\typeorm\query-builder\SelectQueryBuilder.js:2231:25)
    at async SelectQueryBuilder.executeEntitiesAndRawResults (C:\Users\dadim\OneDrive\Desktop\eRankUp\backend\node_modules\typeorm\query-builder\SelectQueryBuilder.js:2079:26)
    at async SelectQueryBuilder.getRawAndEntities (C:\Users\dadim\OneDrive\Desktop\eRankUp\backend\node_modules\typeorm\query-builder\SelectQueryBuilder.js:684:29)
    at async SelectQueryBuilder.getMany (C:\Users\dadim\OneDrive\Desktop\eRankUp\backend\node_modules\typeorm\query-builder\SelectQueryBuilder.js:750:25)
    at async ExamsService.findAll (C:\Users\dadim\OneDrive\Desktop\eRankUp\backend\dist\backend\src\exams\exams.service.js:68:23)
    at async ExamsController.findAll (C:\Users\dadim\OneDrive\Desktop\eRankUp\backend\dist\backend\src\exams\exams.controller.js:44:23)
[2026-01-26T10:40:59.656Z] GET /exams?type=quiz - 500 (5ms)
[2026-01-26T10:40:59.681Z] GET /exams?type=quiz - 500: "invalid input value for enum exam_type_enum: \"quiz\""
QueryFailedError: invalid input value for enum exam_type_enum: "quiz"
    at PostgresQueryRunner.query (C:\Users\dadim\OneDrive\Desktop\eRankUp\backend\node_modules\typeorm\driver\postgres\PostgresQueryRunner.js:216:19)
    at process.processTicksAndRejections (node:internal/process/task_queues:103:5)
    at async SelectQueryBuilder.loadRawResults (C:\Users\dadim\OneDrive\Desktop\eRankUp\backend\node_modules\typeorm\query-builder\SelectQueryBuilder.js:2231:25)
    at async SelectQueryBuilder.executeEntitiesAndRawResults (C:\Users\dadim\OneDrive\Desktop\eRankUp\backend\node_modules\typeorm\query-builder\SelectQueryBuilder.js:2079:26)
    at async SelectQueryBuilder.getRawAndEntities (C:\Users\dadim\OneDrive\Desktop\eRankUp\backend\node_modules\typeorm\query-builder\SelectQueryBuilder.js:684:29)
    at async SelectQueryBuilder.getMany (C:\Users\dadim\OneDrive\Desktop\eRankUp\backend\node_modules\typeorm\query-builder\SelectQueryBuilder.js:750:25)
    at async ExamsService.findAll (C:\Users\dadim\OneDrive\Desktop\eRankUp\backend\dist\backend\src\exams\exams.service.js:68:23)
    at async ExamsController.findAll (C:\Users\dadim\OneDrive\Desktop\eRankUp\backend\dist\backend\src\exams\exams.controller.js:44:23)
[2026-01-26T10:40:59.682Z] GET /exams?type=quiz - 500 (4ms)
[2026-01-26T10:41:01.519Z] GET /admin/notifications/my - 304 (2ms)
[2026-01-26T10:41:04.827Z] GET /exams?type=real_exam - 304 (7ms)
[2026-01-26T10:41:04.844Z] GET /exams?type=real_exam - 304 (7ms)
[2026-01-26T10:41:13.739Z] GET /passes/current - 200 (3ms)
[2026-01-26T10:41:13.747Z] GET /exams/user/stats - 304 (5ms)
[2026-01-26T10:41:13.761Z] GET /exams/user/recent - 304 (18ms)
[2026-01-26T10:41:13.771Z] GET /passes/current - 200 (4ms)
[2026-01-26T10:41:13.772Z] GET /exams/user/stats - 304 (4ms)
[2026-01-26T10:41:13.794Z] GET /exams/user/recent - 304 (5ms)
[2026-01-26T10:41:35.539Z] GET /admin/notifications/my - 304 (15ms)
[2026-01-26T10:41:52.705Z] GET /admin/notifications/my - 304 (13ms)
[2026-01-26T10:42:01.428Z] GET /admin/notifications/my - 304 (2ms)
[2026-01-26T10:42:47.847Z] GET /admin/notifications/my - 304 (13ms)
[2026-01-26T10:42:52.697Z] GET /admin/notifications/my - 304 (2ms)
[2026-01-26T10:43:01.401Z] GET /admin/notifications/my - 304 (3ms)
[2026-01-26T10:43:52.698Z] GET /admin/notifications/my - 304 (14ms)
[2026-01-26T10:43:54.269Z] GET /users/saved-questions - 200 (3ms)
[2026-01-26T10:43:54.309Z] GET /users/saved-questions - 304 (3ms)
[2026-01-26T10:43:58.744Z] GET /exams?type=real_exam - 304 (8ms)
[2026-01-26T10:43:58.763Z] GET /exams?type=real_exam - 304 (6ms)
[2026-01-26T10:44:01.524Z] GET /admin/notifications/my - 304 (3ms)
[2026-01-26T10:44:01.963Z] GET /exams/ea974100-c6ab-42a4-bdbb-e68493548c25 - 304 (2ms)
[2026-01-26T10:44:01.969Z] GET /exams/ea974100-c6ab-42a4-bdbb-e68493548c25/my-attempts - 200 (5ms)
[2026-01-26T10:44:01.996Z] GET /exams/ea974100-c6ab-42a4-bdbb-e68493548c25 - 304 (3ms)
[2026-01-26T10:44:02.001Z] GET /exams/ea974100-c6ab-42a4-bdbb-e68493548c25/my-attempts - 304 (4ms)
[2026-01-26T10:44:05.445Z] GET /exams/attempts/1f8c5e73-d1c2-43b8-b8d2-02a53b4a0ebe - 200 (11ms)
[2026-01-26T10:44:05.465Z] GET /analytics/attempt/1f8c5e73-d1c2-43b8-b8d2-02a53b4a0ebe - 200 (11ms)
[2026-01-26T10:44:05.472Z] GET /analytics/percentile/exam/1f8c5e73-d1c2-43b8-b8d2-02a53b4a0ebe - 400: "No attempts found for this exam"
[2026-01-26T10:44:05.473Z] GET /analytics/percentile/exam/1f8c5e73-d1c2-43b8-b8d2-02a53b4a0ebe - 400 (17ms)
[2026-01-26T10:44:05.480Z] GET /exams/attempts/1f8c5e73-d1c2-43b8-b8d2-02a53b4a0ebe - 304 (11ms)
[2026-01-26T10:44:05.486Z] GET /analytics/patterns - 304 (29ms)
[2026-01-26T10:44:05.492Z] GET /analytics/percentile/exam/1f8c5e73-d1c2-43b8-b8d2-02a53b4a0ebe - 400: "No attempts found for this exam"
[2026-01-26T10:44:05.494Z] GET /analytics/percentile/exam/1f8c5e73-d1c2-43b8-b8d2-02a53b4a0ebe - 400 (4ms)
[2026-01-26T10:44:05.504Z] GET /analytics/attempt/1f8c5e73-d1c2-43b8-b8d2-02a53b4a0ebe - 304 (15ms)
[2026-01-26T10:44:05.520Z] GET /analytics/patterns - 304 (12ms)
[2026-01-26T10:44:09.867Z] GET /admin/notifications/my - 304 (3ms)
[2026-01-26T10:44:10.131Z] GET /exams/attempts/1f8c5e73-d1c2-43b8-b8d2-02a53b4a0ebe - 304 (11ms)
[2026-01-26T10:44:10.151Z] GET /exams/attempts/1f8c5e73-d1c2-43b8-b8d2-02a53b4a0ebe - 304 (9ms)
[2026-01-26T10:44:10.259Z] GET /users/saved-questions/a9dd92de-a078-423d-b55b-e7ff2fac2547/status - 304 (3ms)
[2026-01-26T10:44:10.270Z] GET /users/saved-questions/a9dd92de-a078-423d-b55b-e7ff2fac2547/status - 304 (2ms)
[2026-01-26T10:44:13.808Z] POST /users/saved-questions/a9dd92de-a078-423d-b55b-e7ff2fac2547/toggle - 201 (12ms)
[2026-01-26T10:44:19.265Z] GET /users/saved-questions/55292297-87a1-4c84-838c-4d80fe29c11a/status - 200 (2ms)
[2026-01-26T10:44:22.339Z] POST /users/saved-questions/55292297-87a1-4c84-838c-4d80fe29c11a/toggle - 201 (7ms)
[2026-01-26T10:44:26.806Z] GET /passes/current - 200 (6ms)
[2026-01-26T10:44:26.817Z] GET /passes/current - 200 (3ms)
[2026-01-26T10:44:26.827Z] GET /exams/user/stats - 304 (23ms)
[2026-01-26T10:44:26.830Z] GET /exams/user/recent - 304 (25ms)
[2026-01-26T10:44:26.841Z] GET /exams/user/stats - 304 (5ms)
[2026-01-26T10:44:26.846Z] GET /exams/user/recent - 304 (6ms)
[2026-01-26T10:44:33.846Z] GET /exams/performance/trend - 304 (5ms)
[2026-01-26T10:44:33.852Z] GET /exams/user/stats - 304 (4ms)
[2026-01-26T10:44:33.853Z] GET /adaptive/mastery - 304 (4ms)
[2026-01-26T10:44:33.904Z] GET /exams/performance/trend - 304 (4ms)
[2026-01-26T10:44:33.908Z] GET /exams/user/stats - 304 (6ms)
[2026-01-26T10:44:33.910Z] GET /adaptive/mastery - 304 (4ms)
[2026-01-26T10:44:39.904Z] GET /users/saved-questions - 200 (4ms)
[2026-01-26T10:44:39.925Z] GET /users/saved-questions - 304 (3ms)
[2026-01-26T10:44:40.801Z] GET /admin/notifications/my - 304 (3ms)
[2026-01-26T10:44:40.836Z] GET /admin/notifications/my - 304 (3ms)
[2026-01-26T10:44:40.838Z] GET /users/saved-questions - 304 (4ms)
[2026-01-26T10:44:40.875Z] GET /users/saved-questions - 304 (3ms)
[2026-01-26T10:44:40.876Z] GET /admin/notifications/my - 304 (3ms)
[2026-01-26T10:44:41.070Z] GET /admin/notifications/my - 304 (4ms)
[2026-01-26T10:44:41.078Z] GET /exams?type=real_exam - 304 (10ms)
[2026-01-26T10:44:41.084Z] GET /exams?type=real_exam - 304 (8ms)
[2026-01-26T10:44:41.091Z] GET /admin/notifications/my - 304 (3ms)
[2026-01-26T10:44:41.102Z] GET /exams?type=real_exam - 304 (8ms)
[2026-01-26T10:44:41.103Z] GET /admin/notifications/my - 304 (3ms)
[2026-01-26T10:44:41.143Z] GET /exams?type=real_exam - 304 (7ms)
[2026-01-26T10:45:05.849Z] GET /admin/notifications/my - 304 (15ms)
[2026-01-26T10:45:05.867Z] GET /admin/notifications/my - 304 (3ms)
[2026-01-26T10:45:05.881Z] GET /admin/notifications/my - 304 (3ms)
[2026-01-26T10:45:06.039Z] GET /admin/notifications/my - 304 (2ms)
[2026-01-26T10:45:07.989Z] GET /admin/notifications/my - 304 (2ms)
[2026-01-26T10:45:08.000Z] GET /admin/notifications/my - 304 (3ms)
[2026-01-26T10:45:24.120Z] GET /exams?type=previous_year_paper - 200 (20ms)
[2026-01-26T10:45:24.142Z] GET /exams?type=previous_year_paper - 304 (7ms)
[2026-01-26T10:45:31.629Z] GET /exams/b86611c4-cbe7-479e-803c-65b41f574533 - 200 (11ms)
[2026-01-26T10:45:31.638Z] GET /exams/b86611c4-cbe7-479e-803c-65b41f574533/my-attempts - 200 (15ms)
[2026-01-26T10:45:31.649Z] GET /exams/b86611c4-cbe7-479e-803c-65b41f574533 - 200 (3ms)
[2026-01-26T10:45:31.660Z] GET /exams/b86611c4-cbe7-479e-803c-65b41f574533/my-attempts - 304 (3ms)
[2026-01-26T10:45:39.083Z] GET /exams/models/b86611c4-cbe7-479e-803c-65b41f574533 - 200 (4ms)
[2026-01-26T10:45:39.100Z] GET /exams/b86611c4-cbe7-479e-803c-65b41f574533 - 304 (2ms)
[2026-01-26T10:45:39.101Z] GET /exams/models/b86611c4-cbe7-479e-803c-65b41f574533 - 200 (4ms)
[2026-01-26T10:45:39.130Z] POST /test-session/start - 201 (8ms)
[2026-01-26T10:45:39.132Z] GET /exams/b86611c4-cbe7-479e-803c-65b41f574533 - 304 (3ms)
[2026-01-26T10:45:39.162Z] POST /test-session/start - 201 (5ms)
[2026-01-26T10:45:45.553Z] POST /test-session/b86611c4-cbe7-479e-803c-65b41f574533/sync - 201 (3ms)
[2026-01-26T10:45:47.591Z] POST /test-session/b86611c4-cbe7-479e-803c-65b41f574533/sync - 201 (2ms)
[2026-01-26T10:45:49.731Z] POST /test-session/b86611c4-cbe7-479e-803c-65b41f574533/sync - 201 (3ms)
[2026-01-26T10:45:52.527Z] POST /test-session/b86611c4-cbe7-479e-803c-65b41f574533/sync - 201 (3ms)
[2026-01-26T10:45:58.844Z] POST /test-session/b86611c4-cbe7-479e-803c-65b41f574533/submit - 201 (100ms)
[2026-01-26T10:46:00.220Z] GET /admin/notifications/my - 304 (3ms)
[2026-01-26T10:46:00.261Z] GET /admin/notifications/my - 304 (2ms)
[2026-01-26T10:46:00.464Z] GET /exams/attempts/cd0d7942-ec53-47d7-b987-de6291609ea1 - 200 (13ms)
[2026-01-26T10:46:00.468Z] GET /analytics/percentile/exam/cd0d7942-ec53-47d7-b987-de6291609ea1 - 400: "No attempts found for this exam"
[2026-01-26T10:46:00.470Z] GET /analytics/percentile/exam/cd0d7942-ec53-47d7-b987-de6291609ea1 - 400 (5ms)
[2026-01-26T10:46:00.479Z] GET /analytics/patterns - 200 (19ms)
[2026-01-26T10:46:00.483Z] GET /analytics/attempt/cd0d7942-ec53-47d7-b987-de6291609ea1 - 200 (24ms)
[2026-01-26T10:46:00.494Z] GET /analytics/percentile/exam/cd0d7942-ec53-47d7-b987-de6291609ea1 - 400: "No attempts found for this exam"
[2026-01-26T10:46:00.496Z] GET /analytics/percentile/exam/cd0d7942-ec53-47d7-b987-de6291609ea1 - 400 (4ms)
[2026-01-26T10:46:00.500Z] GET /exams/attempts/cd0d7942-ec53-47d7-b987-de6291609ea1 - 304 (15ms)
[2026-01-26T10:46:00.515Z] GET /analytics/patterns - 304 (13ms)
[2026-01-26T10:46:00.521Z] GET /analytics/attempt/cd0d7942-ec53-47d7-b987-de6291609ea1 - 304 (16ms)
[2026-01-26T10:46:06.528Z] GET /admin/notifications/my - 304 (3ms)
[2026-01-26T10:46:08.900Z] GET /admin/notifications/my - 304 (2ms)
[2026-01-26T10:46:24.698Z] GET /exams/models/b86611c4-cbe7-479e-803c-65b41f574533 - 200 (17ms)
[2026-01-26T10:46:24.718Z] GET /exams/models/b86611c4-cbe7-479e-803c-65b41f574533 - 200 (3ms)
[2026-01-26T10:46:24.723Z] GET /exams/b86611c4-cbe7-479e-803c-65b41f574533 - 304 (2ms)
[2026-01-26T10:46:24.742Z] GET /exams/b86611c4-cbe7-479e-803c-65b41f574533 - 304 (3ms)
[2026-01-26T10:46:24.748Z] POST /test-session/start - 201 (8ms)
[2026-01-26T10:46:24.765Z] POST /test-session/start - 201 (4ms)
[2026-01-26T10:46:27.472Z] GET /admin/notifications/my - 304 (3ms)
[2026-01-26T10:46:27.477Z] GET /analytics/percentile/exam/cd0d7942-ec53-47d7-b987-de6291609ea1 - 400: "No attempts found for this exam"
[2026-01-26T10:46:27.478Z] GET /analytics/percentile/exam/cd0d7942-ec53-47d7-b987-de6291609ea1 - 400 (4ms)
[2026-01-26T10:46:27.488Z] GET /admin/notifications/my - 304 (2ms)
[2026-01-26T10:46:27.494Z] GET /exams/attempts/cd0d7942-ec53-47d7-b987-de6291609ea1 - 304 (25ms)
[2026-01-26T10:46:27.496Z] GET /analytics/attempt/cd0d7942-ec53-47d7-b987-de6291609ea1 - 304 (25ms)
[2026-01-26T10:46:27.502Z] GET /analytics/patterns - 304 (26ms)
[2026-01-26T10:46:27.503Z] GET /analytics/percentile/exam/cd0d7942-ec53-47d7-b987-de6291609ea1 - 400: "No attempts found for this exam"
[2026-01-26T10:46:27.504Z] GET /analytics/percentile/exam/cd0d7942-ec53-47d7-b987-de6291609ea1 - 400 (9ms)
[2026-01-26T10:46:27.526Z] GET /exams/attempts/cd0d7942-ec53-47d7-b987-de6291609ea1 - 304 (8ms)
[2026-01-26T10:46:27.535Z] GET /analytics/patterns - 304 (12ms)
[2026-01-26T10:46:27.538Z] GET /analytics/attempt/cd0d7942-ec53-47d7-b987-de6291609ea1 - 304 (16ms)
[2026-01-26T10:46:29.879Z] GET /exams/attempts/cd0d7942-ec53-47d7-b987-de6291609ea1 - 304 (9ms)
[2026-01-26T10:46:29.901Z] GET /exams/attempts/cd0d7942-ec53-47d7-b987-de6291609ea1 - 304 (7ms)
[2026-01-26T10:46:29.964Z] GET /users/saved-questions/61fbee02-bc8d-4a3c-8615-f58c191aaeaf/status - 200 (3ms)
[2026-01-26T10:46:29.986Z] GET /users/saved-questions/61fbee02-bc8d-4a3c-8615-f58c191aaeaf/status - 304 (2ms)
[2026-01-26T10:46:32.994Z] POST /users/saved-questions/61fbee02-bc8d-4a3c-8615-f58c191aaeaf/toggle - 201 (9ms)
[2026-01-26T10:46:35.621Z] GET /users/saved-questions/14fddb3b-6657-44a7-8139-076b4ad93e32/status - 200 (2ms)
[2026-01-26T10:46:38.235Z] POST /users/saved-questions/14fddb3b-6657-44a7-8139-076b4ad93e32/toggle - 201 (7ms)
[2026-01-26T10:46:40.486Z] GET /users/saved-questions/ccdaccef-16ae-4888-8b6b-f40cfed314a8/status - 200 (3ms)
[2026-01-26T10:46:42.382Z] POST /users/saved-questions/ccdaccef-16ae-4888-8b6b-f40cfed314a8/toggle - 201 (8ms)
[2026-01-26T10:46:54.698Z] GET /users/saved-questions - 200 (17ms)
[2026-01-26T10:46:54.726Z] GET /users/saved-questions - 304 (4ms)
[2026-01-26T10:47:06.850Z] GET /admin/notifications/my - 304 (14ms)
[2026-01-26T10:47:07.704Z] POST /users/saved-questions/ccdaccef-16ae-4888-8b6b-f40cfed314a8/toggle - 201 (24ms)
[2026-01-26T10:47:08.557Z] GET /admin/notifications/my - 304 (4ms)
[2026-01-26T10:47:13.710Z] POST /users/saved-questions/14fddb3b-6657-44a7-8139-076b4ad93e32/toggle - 201 (8ms)
[2026-01-26T10:47:18.453Z] POST /users/saved-questions/61fbee02-bc8d-4a3c-8615-f58c191aaeaf/toggle - 201 (8ms)
[2026-01-26T10:47:20.524Z] POST /users/saved-questions/55292297-87a1-4c84-838c-4d80fe29c11a/toggle - 201 (13ms)
[2026-01-26T10:47:24.817Z] POST /users/saved-questions/a9dd92de-a078-423d-b55b-e7ff2fac2547/toggle - 201 (8ms)
[2026-01-26T10:47:27.449Z] GET /admin/notifications/my - 304 (3ms)
[2026-01-26T10:47:31.585Z] GET /exams - 200 (14ms)
[2026-01-26T10:47:31.592Z] GET /passes/current - 200 (5ms)
[2026-01-26T10:47:31.614Z] GET /exams - 304 (11ms)
[2026-01-26T10:47:31.619Z] GET /exams/user/stats - 200 (30ms)
[2026-01-26T10:47:31.623Z] GET /exams/user/recent - 200 (33ms)
[2026-01-26T10:47:31.631Z] GET /passes/current - 200 (24ms)
[2026-01-26T10:47:31.657Z] GET /exams/user/recent - 304 (9ms)
[2026-01-26T10:47:31.659Z] GET /exams/user/stats - 304 (8ms)
[2026-01-26T10:47:57.201Z] GET /users/profile - 304 (16ms)
[2026-01-26T10:47:57.223Z] GET /users/profile - 304 (2ms)
[2026-01-26T10:48:06.541Z] GET /admin/notifications/my - 304 (4ms)
[2026-01-26T10:48:08.428Z] GET /admin/notifications/my - 304 (3ms)
[2026-01-26T10:48:27.471Z] GET /admin/notifications/my - 304 (17ms)
[2026-01-26T10:49:06.855Z] GET /admin/notifications/my - 304 (16ms)
[2026-01-26T10:49:08.818Z] GET /admin/notifications/my - 304 (3ms)
[2026-01-26T10:49:27.456Z] GET /admin/notifications/my - 304 (16ms)
[2026-01-26T10:49:55.329Z] GET /passes/my-pass - 200 (16ms)
[2026-01-26T10:49:55.343Z] GET /passes/my-pass - 200 (2ms)
[2026-01-26T10:50:06.540Z] GET /admin/notifications/my - 304 (14ms)
[2026-01-26T10:50:08.422Z] GET /admin/notifications/my - 304 (3ms)
[2026-01-26T10:50:27.452Z] GET /admin/notifications/my - 304 (15ms)
[2026-01-26T10:51:06.857Z] GET /admin/notifications/my - 304 (14ms)
[2026-01-26T10:51:08.482Z] GET /admin/notifications/my - 304 (2ms)
[2026-01-26T10:51:27.475Z] GET /admin/notifications/my - 304 (14ms)
[2026-01-26T10:51:41.346Z] GET /passes/current - 200 (14ms)
[2026-01-26T10:51:41.353Z] GET /exams/user/stats - 304 (16ms)
[2026-01-26T10:51:41.355Z] GET /exams/user/recent - 304 (17ms)
[2026-01-26T10:51:41.387Z] GET /exams - 304 (7ms)
[2026-01-26T10:51:41.435Z] GET /passes/current - 200 (4ms)
[2026-01-26T10:51:41.438Z] GET /exams/user/stats - 304 (4ms)
[2026-01-26T10:51:41.440Z] GET /exams/user/recent - 304 (6ms)
[2026-01-26T10:51:41.449Z] GET /exams - 304 (7ms)
[2026-01-26T10:51:50.524Z] GET /users/profile - 304 (2ms)
[2026-01-26T10:51:50.555Z] GET /users/profile - 304 (2ms)
[2026-01-26T10:52:09.866Z] GET /admin/notifications/my - 304 (16ms)
[2026-01-26T10:52:21.218Z] GET /admin/notifications/my - 304 (15ms)
[2026-01-26T10:52:27.455Z] GET /admin/notifications/my - 304 (3ms)
[2026-01-26T10:53:05.837Z] GET /admin/notifications/my - 304 (15ms)
[2026-01-26T10:53:07.950Z] GET /admin/notifications/my - 304 (4ms)
[2026-01-26T10:53:18.857Z] GET /exams - 200 (27ms)
[2026-01-26T10:53:18.869Z] GET /passes/current - 304 (25ms)
[2026-01-26T10:53:18.874Z] GET /exams/user/recent - 304 (25ms)
[2026-01-26T10:53:18.877Z] GET /exams/user/stats - 304 (31ms)
[2026-01-26T10:53:18.887Z] GET /exams - 304 (9ms)
[2026-01-26T10:53:18.901Z] GET /passes/current - 304 (9ms)
[2026-01-26T10:53:18.906Z] GET /exams/user/recent - 304 (7ms)
[2026-01-26T10:53:18.911Z] GET /exams/user/stats - 304 (8ms)
[2026-01-26T10:53:20.822Z] GET /exams?type=live_exam - 304 (9ms)
[2026-01-26T10:53:20.839Z] GET /exams?type=live_exam - 304 (12ms)
[2026-01-26T10:53:27.459Z] GET /admin/notifications/my - 304 (3ms)
[2026-01-26T10:53:27.814Z] GET /passes/current - 200 (3ms)
[2026-01-26T10:53:27.821Z] GET /exams/user/stats - 304 (5ms)
[2026-01-26T10:53:27.832Z] GET /exams/user/recent - 304 (9ms)
[2026-01-26T10:53:27.838Z] GET /exams - 304 (13ms)
[2026-01-26T10:53:27.846Z] GET /passes/current - 200 (5ms)
[2026-01-26T10:53:27.850Z] GET /exams/user/stats - 304 (5ms)
[2026-01-26T10:53:27.858Z] GET /exams/user/recent - 304 (6ms)
[2026-01-26T10:53:27.867Z] GET /exams - 304 (11ms)
[2026-01-26T10:53:37.684Z] GET /adaptive/learning-path - 200 (23ms)
[2026-01-26T10:53:37.712Z] GET /adaptive/learning-path - 200 (13ms)
[2026-01-26T10:53:38.061Z] GET /exams?type=live_exam - 304 (7ms)
[2026-01-26T10:53:38.089Z] GET /exams?type=live_exam - 304 (8ms)
[2026-01-26T10:53:40.424Z] GET /exams?type=previous_year_paper - 304 (8ms)
[2026-01-26T10:53:40.441Z] GET /exams?type=previous_year_paper - 304 (7ms)
[2026-01-26T10:53:44.691Z] GET /exams/b86611c4-cbe7-479e-803c-65b41f574533 - 200 (3ms)
[2026-01-26T10:53:44.713Z] GET /exams/b86611c4-cbe7-479e-803c-65b41f574533/my-attempts - 200 (5ms)
[2026-01-26T10:53:44.733Z] GET /exams/b86611c4-cbe7-479e-803c-65b41f574533 - 304 (4ms)
[2026-01-26T10:53:44.752Z] GET /exams/b86611c4-cbe7-479e-803c-65b41f574533/my-attempts - 304 (4ms)
[2026-01-26T10:53:48.761Z] POST /adaptive/start-session - 201 (6ms)
[2026-01-26T10:53:48.981Z] GET /test-session/adaptive-1769424828759-7136 - 200 (3ms)
[2026-01-26T10:53:49.010Z] GET /test-session/adaptive-1769424828759-7136 - 304 (3ms)
[2026-01-26T10:53:49.171Z] GET /exams/models/b86611c4-cbe7-479e-803c-65b41f574533 - 200 (4ms)
[2026-01-26T10:53:49.201Z] GET /exams/models/b86611c4-cbe7-479e-803c-65b41f574533 - 200 (5ms)
[2026-01-26T10:53:49.211Z] GET /exams/b86611c4-cbe7-479e-803c-65b41f574533 - 304 (3ms)
[2026-01-26T10:53:49.228Z] GET /exams/b86611c4-cbe7-479e-803c-65b41f574533 - 304 (3ms)
[2026-01-26T10:53:49.241Z] POST /test-session/start - 201 (8ms)
[2026-01-26T10:53:49.250Z] POST /test-session/start - 201 (5ms)
[2026-01-26T10:53:56.781Z] POST /test-session/b86611c4-cbe7-479e-803c-65b41f574533/sync - 201 (3ms)
[2026-01-26T10:53:56.813Z] POST /test-session/b86611c4-cbe7-479e-803c-65b41f574533/pause - 201 (3ms)
[2026-01-26T10:54:00.198Z] POST /test-session/b86611c4-cbe7-479e-803c-65b41f574533/resume - 201 (2ms)
[2026-01-26T10:54:02.925Z] POST /test-session/adaptive-1769424828759-7136/sync - 201 (4ms)
[2026-01-26T10:54:02.947Z] POST /test-session/adaptive-1769424828759-7136/pause - 201 (4ms)
[2026-01-26T10:54:06.153Z] GET /admin/notifications/my - 304 (15ms)
[2026-01-26T10:54:07.353Z] GET /exams?type=previous_year_paper - 304 (11ms)
[2026-01-26T10:54:07.669Z] GET /exams?type=previous_year_paper - 304 (7ms)
[2026-01-26T10:54:08.958Z] POST /test-session/adaptive-1769424828759-7136/resume - 201 (3ms)
[2026-01-26T10:54:09.089Z] GET /exams/hierarchy - 403: "Forbidden resource"
[2026-01-26T10:54:09.091Z] GET /exams/hierarchy - 403 (3ms)
[2026-01-26T10:54:09.407Z] GET /exams/hierarchy - 403: "Forbidden resource"
[2026-01-26T10:54:09.409Z] GET /exams/hierarchy - 403 (2ms)
[2026-01-26T10:54:10.753Z] GET /exams?type=quiz - 500: "invalid input value for enum exam_type_enum: \"quiz\""
QueryFailedError: invalid input value for enum exam_type_enum: "quiz"
    at PostgresQueryRunner.query (C:\Users\dadim\OneDrive\Desktop\eRankUp\backend\node_modules\typeorm\driver\postgres\PostgresQueryRunner.js:216:19)
    at process.processTicksAndRejections (node:internal/process/task_queues:103:5)
    at async SelectQueryBuilder.loadRawResults (C:\Users\dadim\OneDrive\Desktop\eRankUp\backend\node_modules\typeorm\query-builder\SelectQueryBuilder.js:2231:25)
    at async SelectQueryBuilder.executeEntitiesAndRawResults (C:\Users\dadim\OneDrive\Desktop\eRankUp\backend\node_modules\typeorm\query-builder\SelectQueryBuilder.js:2079:26)
    at async SelectQueryBuilder.getRawAndEntities (C:\Users\dadim\OneDrive\Desktop\eRankUp\backend\node_modules\typeorm\query-builder\SelectQueryBuilder.js:684:29)
    at async SelectQueryBuilder.getMany (C:\Users\dadim\OneDrive\Desktop\eRankUp\backend\node_modules\typeorm\query-builder\SelectQueryBuilder.js:750:25)
    at async ExamsService.findAll (C:\Users\dadim\OneDrive\Desktop\eRankUp\backend\dist\backend\src\exams\exams.service.js:68:23)
    at async ExamsController.findAll (C:\Users\dadim\OneDrive\Desktop\eRankUp\backend\dist\backend\src\exams\exams.controller.js:44:23)
[2026-01-26T10:54:10.756Z] GET /exams?type=quiz - 500 (7ms)
[2026-01-26T10:54:10.766Z] GET /exams?type=quiz - 500: "invalid input value for enum exam_type_enum: \"quiz\""
QueryFailedError: invalid input value for enum exam_type_enum: "quiz"
    at PostgresQueryRunner.query (C:\Users\dadim\OneDrive\Desktop\eRankUp\backend\node_modules\typeorm\driver\postgres\PostgresQueryRunner.js:216:19)
    at process.processTicksAndRejections (node:internal/process/task_queues:103:5)
    at async SelectQueryBuilder.loadRawResults (C:\Users\dadim\OneDrive\Desktop\eRankUp\backend\node_modules\typeorm\query-builder\SelectQueryBuilder.js:2231:25)
    at async SelectQueryBuilder.executeEntitiesAndRawResults (C:\Users\dadim\OneDrive\Desktop\eRankUp\backend\node_modules\typeorm\query-builder\SelectQueryBuilder.js:2079:26)
    at async SelectQueryBuilder.getRawAndEntities (C:\Users\dadim\OneDrive\Desktop\eRankUp\backend\node_modules\typeorm\query-builder\SelectQueryBuilder.js:684:29)
    at async SelectQueryBuilder.getMany (C:\Users\dadim\OneDrive\Desktop\eRankUp\backend\node_modules\typeorm\query-builder\SelectQueryBuilder.js:750:25)
    at async ExamsService.findAll (C:\Users\dadim\OneDrive\Desktop\eRankUp\backend\dist\backend\src\exams\exams.service.js:68:23)
    at async ExamsController.findAll (C:\Users\dadim\OneDrive\Desktop\eRankUp\backend\dist\backend\src\exams\exams.controller.js:44:23)
[2026-01-26T10:54:10.768Z] GET /exams?type=quiz - 500 (6ms)
[2026-01-26T10:54:11.215Z] POST /test-session/b86611c4-cbe7-479e-803c-65b41f574533/sync - 201 (2ms)
[2026-01-26T10:54:11.245Z] POST /test-session/b86611c4-cbe7-479e-803c-65b41f574533/pause - 201 (2ms)
[2026-01-26T10:54:30.167Z] POST /test-session/b86611c4-cbe7-479e-803c-65b41f574533/resume - 201 (3ms)
[2026-01-26T10:54:35.080Z] POST /test-session/b86611c4-cbe7-479e-803c-65b41f574533/sync - 201 (3ms)
[2026-01-26T10:54:38.399Z] POST /test-session/b86611c4-cbe7-479e-803c-65b41f574533/sync - 201 (3ms)
[2026-01-26T10:54:40.655Z] POST /test-session/b86611c4-cbe7-479e-803c-65b41f574533/sync - 201 (3ms)
[2026-01-26T10:54:41.286Z] POST /test-session/b86611c4-cbe7-479e-803c-65b41f574533/sync - 201 (3ms)
[2026-01-26T10:54:41.444Z] POST /test-session/b86611c4-cbe7-479e-803c-65b41f574533/sync - 201 (3ms)
[2026-01-26T10:54:41.606Z] POST /test-session/b86611c4-cbe7-479e-803c-65b41f574533/sync - 201 (3ms)
[2026-01-26T10:54:41.769Z] POST /test-session/b86611c4-cbe7-479e-803c-65b41f574533/sync - 201 (2ms)
[2026-01-26T10:54:43.622Z] POST /test-session/b86611c4-cbe7-479e-803c-65b41f574533/sync - 201 (3ms)
[2026-01-26T10:54:45.542Z] POST /test-session/b86611c4-cbe7-479e-803c-65b41f574533/sync - 201 (3ms)
[2026-01-26T10:54:49.491Z] POST /test-session/b86611c4-cbe7-479e-803c-65b41f574533/sync - 201 (4ms)
[2026-01-26T10:54:49.570Z] POST /test-session/adaptive-1769424828759-7136/sync - 201 (4ms)
[2026-01-26T10:54:49.725Z] POST /test-session/adaptive-1769424828759-7136/sync - 201 (4ms)
[2026-01-26T10:54:49.994Z] POST /test-session/adaptive-1769424828759-7136/sync - 201 (4ms)
[2026-01-26T10:54:50.180Z] POST /test-session/adaptive-1769424828759-7136/sync - 201 (5ms)
[2026-01-26T10:54:51.214Z] POST /test-session/b86611c4-cbe7-479e-803c-65b41f574533/sync - 201 (3ms)
[2026-01-26T10:54:52.997Z] POST /test-session/b86611c4-cbe7-479e-803c-65b41f574533/sync - 201 (3ms)
[2026-01-26T10:54:53.082Z] POST /test-session/adaptive-1769424828759-7136/sync - 201 (4ms)
[2026-01-26T10:54:53.255Z] POST /test-session/adaptive-1769424828759-7136/sync - 201 (5ms)
[2026-01-26T10:54:53.545Z] POST /test-session/adaptive-1769424828759-7136/sync - 201 (4ms)
[2026-01-26T10:54:53.736Z] POST /test-session/adaptive-1769424828759-7136/sync - 201 (4ms)
[2026-01-26T10:54:53.970Z] POST /test-session/adaptive-1769424828759-7136/sync - 201 (4ms)
[2026-01-26T10:54:54.252Z] POST /test-session/adaptive-1769424828759-7136/sync - 201 (4ms)
[2026-01-26T10:54:54.860Z] POST /test-session/adaptive-1769424828759-7136/sync - 201 (3ms)
[2026-01-26T10:54:55.389Z] POST /test-session/adaptive-1769424828759-7136/sync - 201 (4ms)
[2026-01-26T10:54:55.572Z] POST /test-session/adaptive-1769424828759-7136/sync - 201 (5ms)
[2026-01-26T10:54:55.874Z] POST /test-session/adaptive-1769424828759-7136/sync - 201 (4ms)
[2026-01-26T10:54:55.981Z] POST /test-session/adaptive-1769424828759-7136/sync - 201 (5ms)
[2026-01-26T10:54:56.145Z] POST /test-session/adaptive-1769424828759-7136/sync - 201 (4ms)
[2026-01-26T10:54:56.326Z] POST /test-session/adaptive-1769424828759-7136/sync - 201 (4ms)
[2026-01-26T10:54:56.633Z] POST /test-session/b86611c4-cbe7-479e-803c-65b41f574533/sync - 201 (3ms)
[2026-01-26T10:54:56.681Z] POST /test-session/adaptive-1769424828759-7136/sync - 201 (4ms)
[2026-01-26T10:54:56.863Z] POST /test-session/adaptive-1769424828759-7136/sync - 201 (4ms)
[2026-01-26T10:54:57.142Z] POST /test-session/adaptive-1769424828759-7136/sync - 201 (5ms)
[2026-01-26T10:54:57.324Z] POST /test-session/adaptive-1769424828759-7136/sync - 201 (5ms)
[2026-01-26T10:54:58.162Z] POST /test-session/adaptive-1769424828759-7136/sync - 201 (4ms)
[2026-01-26T10:54:58.505Z] POST /test-session/adaptive-1769424828759-7136/sync - 201 (3ms)
[2026-01-26T10:54:58.692Z] POST /test-session/adaptive-1769424828759-7136/sync - 201 (3ms)
[2026-01-26T10:55:00.560Z] POST /test-session/b86611c4-cbe7-479e-803c-65b41f574533/sync - 201 (3ms)
[2026-01-26T10:55:01.619Z] POST /test-session/adaptive-1769424828759-7136/sync - 201 (4ms)
[2026-01-26T10:55:02.400Z] POST /test-session/adaptive-1769424828759-7136/sync - 201 (3ms)
[2026-01-26T10:55:02.410Z] POST /test-session/adaptive-1769424828759-7136/sync - 201 (4ms)
[2026-01-26T10:55:03.009Z] POST /test-session/adaptive-1769424828759-7136/sync - 201 (4ms)
[2026-01-26T10:55:03.097Z] POST /test-session/adaptive-1769424828759-7136/sync - 201 (3ms)
[2026-01-26T10:55:03.316Z] POST /test-session/b86611c4-cbe7-479e-803c-65b41f574533/sync - 201 (4ms)
[2026-01-26T10:55:03.594Z] POST /test-session/adaptive-1769424828759-7136/sync - 201 (3ms)
[2026-01-26T10:55:03.776Z] POST /test-session/adaptive-1769424828759-7136/sync - 201 (3ms)
[2026-01-26T10:55:06.150Z] GET /admin/notifications/my - 304 (16ms)
[2026-01-26T10:55:06.454Z] POST /test-session/b86611c4-cbe7-479e-803c-65b41f574533/sync - 201 (4ms)
[2026-01-26T10:55:08.029Z] POST /test-session/adaptive-1769424828759-7136/sync - 201 (4ms)
[2026-01-26T10:55:09.221Z] POST /test-session/adaptive-1769424828759-7136/sync - 201 (4ms)
[2026-01-26T10:55:09.272Z] POST /test-session/b86611c4-cbe7-479e-803c-65b41f574533/sync - 201 (3ms)
[2026-01-26T10:55:09.483Z] POST /test-session/adaptive-1769424828759-7136/sync - 201 (4ms)
[2026-01-26T10:55:11.488Z] POST /test-session/adaptive-1769424828759-7136/sync - 201 (4ms)
[2026-01-26T10:55:17.828Z] POST /test-session/b86611c4-cbe7-479e-803c-65b41f574533/sync - 201 (2ms)
[2026-01-26T10:55:17.985Z] POST /test-session/b86611c4-cbe7-479e-803c-65b41f574533/sync - 201 (4ms)
[2026-01-26T10:55:18.161Z] POST /test-session/b86611c4-cbe7-479e-803c-65b41f574533/sync - 201 (3ms)
[2026-01-26T10:55:18.387Z] POST /test-session/b86611c4-cbe7-479e-803c-65b41f574533/sync - 201 (3ms)
[2026-01-26T10:55:32.093Z] POST /test-session/adaptive-1769424828759-7136/sync - 201 (4ms)
[2026-01-26T10:55:45.048Z] POST /test-session/b86611c4-cbe7-479e-803c-65b41f574533/sync - 201 (4ms)
[2026-01-26T10:56:05.837Z] GET /admin/notifications/my - 304 (14ms)
[2026-01-26T10:56:20.264Z] POST /test-session/adaptive-1769424828759-7136/sync - 201 (4ms)
[2026-01-26T10:56:21.120Z] POST /test-session/b86611c4-cbe7-479e-803c-65b41f574533/submit - 201 (108ms)
[2026-01-26T10:56:21.134Z] POST /test-session/adaptive-1769424828759-7136/sync - 201 (3ms)
[2026-01-26T10:56:21.863Z] POST /test-session/adaptive-1769424828759-7136/sync - 201 (3ms)
[2026-01-26T10:56:21.874Z] POST /test-session/adaptive-1769424828759-7136/sync - 201 (4ms)
[2026-01-26T10:56:23.267Z] GET /admin/notifications/my - 304 (2ms)
[2026-01-26T10:56:23.299Z] GET /admin/notifications/my - 304 (2ms)
[2026-01-26T10:56:23.596Z] GET /exams/attempts/f84daa65-2ff3-4880-b005-75415669f016 - 200 (16ms)
[2026-01-26T10:56:23.601Z] GET /analytics/percentile/exam/f84daa65-2ff3-4880-b005-75415669f016 - 400: "No attempts found for this exam"
[2026-01-26T10:56:23.603Z] GET /analytics/percentile/exam/f84daa65-2ff3-4880-b005-75415669f016 - 400 (12ms)
[2026-01-26T10:56:23.611Z] GET /analytics/patterns - 200 (14ms)
[2026-01-26T10:56:23.618Z] GET /analytics/attempt/f84daa65-2ff3-4880-b005-75415669f016 - 200 (30ms)
[2026-01-26T10:56:23.624Z] GET /analytics/percentile/exam/f84daa65-2ff3-4880-b005-75415669f016 - 400: "No attempts found for this exam"
[2026-01-26T10:56:23.625Z] GET /analytics/percentile/exam/f84daa65-2ff3-4880-b005-75415669f016 - 400 (4ms)
[2026-01-26T10:56:23.630Z] GET /exams/attempts/f84daa65-2ff3-4880-b005-75415669f016 - 304 (17ms)
[2026-01-26T10:56:23.651Z] GET /analytics/patterns - 304 (12ms)
[2026-01-26T10:56:23.658Z] GET /analytics/attempt/f84daa65-2ff3-4880-b005-75415669f016 - 304 (15ms)
[2026-01-26T10:56:29.724Z] GET /exams/models/b86611c4-cbe7-479e-803c-65b41f574533 - 200 (4ms)
[2026-01-26T10:56:29.742Z] GET /exams/models/b86611c4-cbe7-479e-803c-65b41f574533 - 200 (4ms)
[2026-01-26T10:56:29.746Z] GET /exams/b86611c4-cbe7-479e-803c-65b41f574533 - 304 (3ms)
[2026-01-26T10:56:29.760Z] GET /exams/b86611c4-cbe7-479e-803c-65b41f574533 - 304 (3ms)
[2026-01-26T10:56:29.773Z] POST /test-session/start - 201 (9ms)
[2026-01-26T10:56:29.785Z] POST /test-session/start - 201 (5ms)
[2026-01-26T10:56:42.360Z] POST /test-session/adaptive-1769424828759-7136/sync - 201 (4ms)
[2026-01-26T10:56:42.384Z] POST /test-session/adaptive-1769424828759-7136/pause - 201 (2ms)
[2026-01-26T10:56:47.367Z] POST /test-session/adaptive-1769424828759-7136/resume - 201 (4ms)
[2026-01-26T10:57:06.844Z] GET /admin/notifications/my - 304 (14ms)
[2026-01-26T10:57:16.899Z] POST /test-session/adaptive-1769424828759-7136/submit - 201 (88ms)
[2026-01-26T10:57:18.006Z] GET /admin/notifications/my - 304 (3ms)
[2026-01-26T10:57:18.033Z] GET /admin/notifications/my - 304 (2ms)
[2026-01-26T10:57:18.260Z] GET /exams/attempts/638c2a26-2418-4885-ac89-a1c4256ee1de - 200 (13ms)
[2026-01-26T10:57:18.268Z] GET /analytics/percentile/exam/638c2a26-2418-4885-ac89-a1c4256ee1de - 400: "No attempts found for this exam"
[2026-01-26T10:57:18.270Z] GET /analytics/percentile/exam/638c2a26-2418-4885-ac89-a1c4256ee1de - 400 (6ms)
[2026-01-26T10:57:18.272Z] GET /analytics/attempt/638c2a26-2418-4885-ac89-a1c4256ee1de - 200 (10ms)
[2026-01-26T10:57:18.286Z] GET /analytics/patterns - 200 (21ms)
[2026-01-26T10:57:18.292Z] GET /analytics/percentile/exam/638c2a26-2418-4885-ac89-a1c4256ee1de - 400: "No attempts found for this exam"
[2026-01-26T10:57:18.294Z] GET /analytics/percentile/exam/638c2a26-2418-4885-ac89-a1c4256ee1de - 400 (4ms)
[2026-01-26T10:57:18.302Z] GET /exams/attempts/638c2a26-2418-4885-ac89-a1c4256ee1de - 304 (15ms)
[2026-01-26T10:57:18.308Z] GET /analytics/attempt/638c2a26-2418-4885-ac89-a1c4256ee1de - 304 (12ms)
[2026-01-26T10:57:18.325Z] GET /analytics/patterns - 304 (15ms)
[2026-01-26T10:57:55.149Z] GET /exams?type=real_exam - 304 (23ms)
[2026-01-26T10:57:55.182Z] GET /exams?type=real_exam - 304 (10ms)
[2026-01-26T10:57:57.816Z] GET /passes/current - 200 (4ms)
[2026-01-26T10:57:57.825Z] GET /exams/user/stats - 200 (7ms)
[2026-01-26T10:57:57.838Z] GET /exams/user/recent - 200 (11ms)
[2026-01-26T10:57:57.846Z] GET /exams/user/stats - 304 (5ms)
[2026-01-26T10:57:57.857Z] GET /passes/current - 200 (24ms)
[2026-01-26T10:57:57.861Z] GET /exams - 304 (35ms)
[2026-01-26T10:57:57.864Z] GET /exams/user/recent - 304 (9ms)
[2026-01-26T10:57:57.884Z] GET /exams - 304 (9ms)
[2026-01-26T10:58:01.101Z] GET /exams?type=real_exam - 304 (8ms)
[2026-01-26T10:58:01.135Z] GET /exams?type=real_exam - 304 (10ms)
[2026-01-26T10:58:07.199Z] GET /admin/notifications/my - 304 (2ms)
[2026-01-26T10:58:07.290Z] GET /exams/ea974100-c6ab-42a4-bdbb-e68493548c25 - 304 (7ms)
[2026-01-26T10:58:07.296Z] GET /exams/performance/trend - 304 (12ms)
[2026-01-26T10:58:07.301Z] GET /exams/ea974100-c6ab-42a4-bdbb-e68493548c25/my-attempts - 304 (15ms)
[2026-01-26T10:58:07.369Z] GET /adaptive/mastery - 200 (5ms)
[2026-01-26T10:58:07.371Z] GET /exams/user/stats - 304 (9ms)
[2026-01-26T10:58:07.410Z] GET /exams/performance/trend - 304 (5ms)
[2026-01-26T10:58:07.418Z] GET /exams/ea974100-c6ab-42a4-bdbb-e68493548c25 - 304 (6ms)
[2026-01-26T10:58:07.427Z] GET /exams/ea974100-c6ab-42a4-bdbb-e68493548c25/my-attempts - 304 (14ms)
[2026-01-26T10:58:07.723Z] GET /adaptive/mastery - 304 (5ms)
[2026-01-26T10:58:07.726Z] GET /exams/user/stats - 304 (7ms)
[2026-01-26T10:58:09.295Z] GET /passes - 304 (3ms)
[2026-01-26T10:58:09.304Z] GET /passes - 304 (3ms)
[2026-01-26T10:58:11.525Z] GET /exams/hierarchy - 403: "Forbidden resource"
[2026-01-26T10:58:11.526Z] GET /exams/hierarchy - 403 (2ms)
[2026-01-26T10:58:11.532Z] GET /exams/hierarchy - 403: "Forbidden resource"
[2026-01-26T10:58:11.534Z] GET /exams/hierarchy - 403 (2ms)
[2026-01-26T10:58:14.414Z] POST /test-session/b86611c4-cbe7-479e-803c-65b41f574533/sync - 201 (3ms)
[2026-01-26T10:58:17.981Z] GET /admin/notifications/my - 304 (2ms)
[2026-01-26T10:58:20.516Z] GET /exams?type=real_exam - 304 (10ms)
[2026-01-26T10:58:20.552Z] GET /exams?type=real_exam - 304 (10ms)
[2026-01-26T10:58:23.857Z] GET /exams/ea974100-c6ab-42a4-bdbb-e68493548c25 - 304 (3ms)
[2026-01-26T10:58:23.861Z] GET /exams/ea974100-c6ab-42a4-bdbb-e68493548c25/my-attempts - 304 (7ms)
[2026-01-26T10:58:23.881Z] GET /exams/ea974100-c6ab-42a4-bdbb-e68493548c25 - 304 (3ms)
[2026-01-26T10:58:23.889Z] GET /exams/ea974100-c6ab-42a4-bdbb-e68493548c25/my-attempts - 304 (6ms)
[2026-01-26T10:58:34.051Z] GET /exams/hierarchy - 403: "Forbidden resource"
[2026-01-26T10:58:34.053Z] GET /exams/hierarchy - 403 (3ms)
[2026-01-26T10:58:34.059Z] GET /exams/hierarchy - 403: "Forbidden resource"
[2026-01-26T10:58:34.060Z] GET /exams/hierarchy - 403 (1ms)
[2026-01-26T10:58:34.070Z] GET /admin/notifications/my - 304 (21ms)
[2026-01-26T10:58:34.078Z] GET /admin/notifications/my - 304 (2ms)
[2026-01-26T10:58:37.710Z] GET /exams/hierarchy - 403: "Forbidden resource"
[2026-01-26T10:58:37.712Z] GET /exams/hierarchy - 403 (2ms)
[2026-01-26T10:58:37.714Z] GET /admin/notifications/my - 304 (6ms)
[2026-01-26T10:58:37.720Z] GET /exams/hierarchy - 403: "Forbidden resource"
[2026-01-26T10:58:37.721Z] GET /exams/hierarchy - 403 (2ms)
[2026-01-26T10:58:37.727Z] GET /admin/notifications/my - 304 (3ms)
[2026-01-26T10:58:40.193Z] GET /passes/current - 304 (9ms)
[2026-01-26T10:58:40.210Z] GET /exams/user/stats - 304 (25ms)
[2026-01-26T10:58:40.499Z] GET /exams/user/recent - 304 (8ms)
[2026-01-26T10:58:40.509Z] GET /passes/current - 304 (5ms)
[2026-01-26T10:58:40.512Z] GET /exams - 200 (19ms)
[2026-01-26T10:58:40.526Z] GET /exams/user/stats - 304 (7ms)
[2026-01-26T10:58:40.817Z] GET /exams/user/recent - 304 (8ms)
[2026-01-26T10:58:40.847Z] GET /exams - 304 (10ms)
[2026-01-26T10:58:45.741Z] GET /analytics/attempt/c8112a25-041d-4658-b2ba-0cfc7ec240e2 - 304 (8ms)
[2026-01-26T10:58:45.746Z] GET /exams/attempts/c8112a25-041d-4658-b2ba-0cfc7ec240e2 - 200 (16ms)
[2026-01-26T10:58:46.038Z] GET /analytics/percentile/exam/c8112a25-041d-4658-b2ba-0cfc7ec240e2 - 400: "No attempts found for this exam"
[2026-01-26T10:58:46.039Z] GET /analytics/percentile/exam/c8112a25-041d-4658-b2ba-0cfc7ec240e2 - 400 (4ms)
[2026-01-26T10:58:46.048Z] GET /analytics/patterns - 200 (12ms)
[2026-01-26T10:58:46.066Z] GET /analytics/attempt/c8112a25-041d-4658-b2ba-0cfc7ec240e2 - 304 (10ms)
[2026-01-26T10:58:46.071Z] GET /exams/attempts/c8112a25-041d-4658-b2ba-0cfc7ec240e2 - 304 (13ms)
[2026-01-26T10:58:46.356Z] GET /analytics/percentile/exam/c8112a25-041d-4658-b2ba-0cfc7ec240e2 - 400: "No attempts found for this exam"
[2026-01-26T10:58:46.358Z] GET /analytics/percentile/exam/c8112a25-041d-4658-b2ba-0cfc7ec240e2 - 400 (4ms)
[2026-01-26T10:58:46.374Z] GET /analytics/patterns - 304 (11ms)
[2026-01-26T11:02:53.139Z] POST /test-session/b86611c4-cbe7-479e-803c-65b41f574533/sync - 201 (37ms)
[2026-01-26T11:03:37.810Z] GET /admin/notifications/my - 200 (39ms)
[2026-01-26T11:03:37.812Z] GET /passes/current - 200 (33ms)
[2026-01-26T11:03:37.823Z] GET /exams/user/stats - 304 (39ms)
[2026-01-26T11:03:37.833Z] GET /exams/user/recent - 304 (42ms)
[2026-01-26T11:03:37.849Z] GET /admin/notifications/my - 304 (13ms)
[2026-01-26T11:03:37.852Z] GET /passes/current - 200 (8ms)
[2026-01-26T11:03:37.861Z] GET /exams/user/stats - 304 (15ms)
[2026-01-26T11:03:37.864Z] GET /exams - 304 (75ms)
[2026-01-26T11:03:37.871Z] GET /exams/user/recent - 304 (17ms)
[2026-01-26T11:03:37.890Z] GET /exams - 304 (13ms)
[2026-01-26T11:04:17.922Z] GET /users/profile - 304 (18ms)
[2026-01-26T11:04:17.936Z] GET /users/profile - 304 (3ms)
[2026-01-26T11:04:37.786Z] GET /admin/notifications/my - 304 (16ms)
[2026-01-26T11:04:38.161Z] GET /passes/current - 200 (4ms)
[2026-01-26T11:04:38.202Z] GET /exams/user/stats - 304 (10ms)
[2026-01-26T11:04:38.217Z] GET /exams - 304 (16ms)
[2026-01-26T11:04:38.223Z] GET /passes/current - 200 (3ms)
[2026-01-26T11:04:38.235Z] GET /exams/user/recent - 304 (37ms)
[2026-01-26T11:04:38.237Z] GET /exams/user/stats - 304 (12ms)
[2026-01-26T11:04:38.253Z] GET /exams - 304 (14ms)
[2026-01-26T11:04:38.261Z] GET /exams/user/recent - 304 (11ms)
[2026-01-26T11:05:14.722Z] POST /test-session/b86611c4-cbe7-479e-803c-65b41f574533/sync - 201 (4ms)
[2026-01-26T11:05:37.961Z] GET /admin/notifications/my - 304 (16ms)
[2026-01-26T11:05:38.590Z] GET /auth/google - 302 (1ms)
[2026-01-26T11:05:45.846Z] GET /auth/google/callback?code=4%2F0ASc3gC2j0ZefhgDSo7IWaJjTBZKvdfTAMfZe7hfrmc3xGOU6hi9ADv9h2Z9eRR_BhjTfnw&scope=email+profile+openid+https%3A%2F%2Fwww.googleapis.com%2Fauth%2Fuserinfo.email+https%3A%2F%2Fwww.googleapis.com%2Fauth%2Fuserinfo.profile&authuser=1&prompt=none - 302 (548ms)
[2026-01-26T11:05:47.556Z] GET /admin/notifications/my - 304 (5ms)
[2026-01-26T11:05:47.573Z] GET /exams/user/recent - 304 (15ms)
[2026-01-26T11:05:47.587Z] GET /passes/current - 304 (34ms)
[2026-01-26T11:05:47.589Z] GET /exams/user/stats - 304 (35ms)
[2026-01-26T11:05:47.591Z] GET /admin/notifications/my - 304 (25ms)
[2026-01-26T11:05:47.604Z] GET /exams - 304 (41ms)
[2026-01-26T11:05:47.911Z] GET /exams/user/recent - 304 (10ms)
[2026-01-26T11:05:47.914Z] GET /exams/user/stats - 304 (9ms)
[2026-01-26T11:05:47.917Z] GET /passes/current - 304 (14ms)
[2026-01-26T11:05:47.933Z] GET /exams - 304 (12ms)
[2026-01-26T11:05:54.222Z] POST /test-session/b86611c4-cbe7-479e-803c-65b41f574533/sync - 201 (4ms)
[2026-01-26T11:06:21.757Z] GET /users/profile - 304 (15ms)
[2026-01-26T11:06:21.808Z] GET /users/profile - 304 (2ms)
[2026-01-26T11:06:23.564Z] GET /passes/current - 304 (8ms)
[2026-01-26T11:06:23.581Z] GET /exams/user/stats - 304 (24ms)
[2026-01-26T11:06:23.890Z] GET /exams/user/recent - 304 (13ms)
[2026-01-26T11:06:23.893Z] GET /passes/current - 304 (11ms)
[2026-01-26T11:06:23.904Z] GET /exams/user/stats - 304 (7ms)
[2026-01-26T11:06:23.917Z] GET /exams - 304 (36ms)
[2026-01-26T11:06:24.218Z] GET /exams/user/recent - 304 (8ms)
[2026-01-26T11:06:24.235Z] GET /exams - 304 (12ms)
[2026-01-26T11:06:27.785Z] GET /exams?type=real_exam - 304 (15ms)
[2026-01-26T11:06:27.800Z] GET /exams?type=real_exam - 304 (9ms)
[2026-01-26T11:06:34.722Z] GET /exams?type=live_exam - 304 (10ms)
[2026-01-26T11:06:34.738Z] GET /exams?type=live_exam - 304 (9ms)
[2026-01-26T11:06:37.936Z] GET /admin/notifications/my - 304 (5ms)
[2026-01-26T11:06:42.572Z] GET /exams?type=real_exam - 304 (11ms)
[2026-01-26T11:06:42.591Z] GET /exams?type=real_exam - 304 (11ms)
[2026-01-26T11:06:42.662Z] GET /exams/performance/trend - 304 (6ms)
[2026-01-26T11:06:42.681Z] GET /exams/user/stats - 304 (23ms)
[2026-01-26T11:06:42.964Z] GET /adaptive/mastery - 304 (5ms)
[2026-01-26T11:06:42.975Z] GET /exams/performance/trend - 304 (6ms)
[2026-01-26T11:06:43.004Z] GET /exams/user/stats - 304 (5ms)
[2026-01-26T11:06:43.276Z] GET /adaptive/mastery - 304 (4ms)
[2026-01-26T11:06:47.773Z] GET /admin/notifications/my - 304 (4ms)
[2026-01-26T11:06:49.919Z] GET /exams/attempts/c8112a25-041d-4658-b2ba-0cfc7ec240e2 - 304 (20ms)
[2026-01-26T11:06:49.935Z] GET /exams/attempts/c8112a25-041d-4658-b2ba-0cfc7ec240e2 - 304 (12ms)
[2026-01-26T11:06:50.282Z] GET /users/saved-questions/59c20889-8f51-4f4c-98c3-50d8f7e3c636/status - 304 (3ms)
[2026-01-26T11:06:50.545Z] GET /users/saved-questions/59c20889-8f51-4f4c-98c3-50d8f7e3c636/status - 304 (4ms)
[2026-01-26T11:06:52.467Z] POST /test-session/b86611c4-cbe7-479e-803c-65b41f574533/sync - 201 (4ms)
[2026-01-26T11:06:54.391Z] GET /passes/current - 200 (4ms)
[2026-01-26T11:06:54.404Z] GET /exams/user/stats - 304 (8ms)
[2026-01-26T11:06:54.421Z] GET /exams/user/recent - 304 (24ms)
[2026-01-26T11:06:54.428Z] GET /exams - 304 (27ms)
[2026-01-26T11:06:54.443Z] GET /exams/user/stats - 304 (6ms)
[2026-01-26T11:06:54.458Z] GET /passes/current - 200 (4ms)
[2026-01-26T11:06:54.464Z] GET /exams/user/recent - 304 (8ms)
[2026-01-26T11:06:54.520Z] GET /exams - 304 (11ms)
[2026-01-26T11:06:57.116Z] GET /exams?type=real_exam - 304 (9ms)
[2026-01-26T11:06:57.135Z] GET /exams?type=real_exam - 304 (9ms)
[2026-01-26T11:07:05.560Z] GET /exams/models/ea974100-c6ab-42a4-bdbb-e68493548c25 - 200 (5ms)
[2026-01-26T11:07:05.575Z] GET /exams/models/ea974100-c6ab-42a4-bdbb-e68493548c25 - 200 (4ms)
[2026-01-26T11:07:05.582Z] GET /exams/ea974100-c6ab-42a4-bdbb-e68493548c25 - 304 (4ms)
[2026-01-26T11:07:05.610Z] GET /exams/ea974100-c6ab-42a4-bdbb-e68493548c25 - 304 (6ms)
[2026-01-26T11:07:05.614Z] POST /test-session/start - 201 (9ms)
[2026-01-26T11:07:05.627Z] POST /test-session/start - 201 (5ms)
[2026-01-26T11:07:07.573Z] POST /test-session/ea974100-c6ab-42a4-bdbb-e68493548c25/submit - 201 (128ms)
[2026-01-26T11:07:08.477Z] GET /admin/notifications/my - 304 (4ms)
[2026-01-26T11:07:08.552Z] GET /admin/notifications/my - 304 (2ms)
[2026-01-26T11:07:08.754Z] GET /exams/attempts/68dd290e-07fe-4797-b661-275804b4f2c0 - 200 (17ms)
[2026-01-26T11:07:08.765Z] GET /analytics/percentile/exam/68dd290e-07fe-4797-b661-275804b4f2c0 - 400: "No attempts found for this exam"
[2026-01-26T11:07:08.766Z] GET /analytics/percentile/exam/68dd290e-07fe-4797-b661-275804b4f2c0 - 400 (8ms)
[2026-01-26T11:07:08.789Z] GET /analytics/patterns - 200 (29ms)
[2026-01-26T11:07:08.798Z] GET /analytics/attempt/68dd290e-07fe-4797-b661-275804b4f2c0 - 200 (42ms)
[2026-01-26T11:07:08.801Z] GET /analytics/percentile/exam/68dd290e-07fe-4797-b661-275804b4f2c0 - 400: "No attempts found for this exam"
[2026-01-26T11:07:08.803Z] GET /analytics/percentile/exam/68dd290e-07fe-4797-b661-275804b4f2c0 - 400 (7ms)
[2026-01-26T11:07:08.809Z] GET /exams/attempts/68dd290e-07fe-4797-b661-275804b4f2c0 - 304 (37ms)
[2026-01-26T11:07:08.830Z] GET /analytics/patterns - 304 (18ms)
[2026-01-26T11:07:08.840Z] GET /analytics/attempt/68dd290e-07fe-4797-b661-275804b4f2c0 - 304 (23ms)
[2026-01-26T11:07:16.291Z] GET /exams?type=real_exam - 200 (10ms)
[2026-01-26T11:07:16.316Z] GET /exams?type=real_exam - 304 (10ms)
[2026-01-26T11:07:19.726Z] GET /exams/attempts/68dd290e-07fe-4797-b661-275804b4f2c0 - 304 (13ms)
[2026-01-26T11:07:19.741Z] GET /analytics/attempt/68dd290e-07fe-4797-b661-275804b4f2c0 - 304 (13ms)
[2026-01-26T11:07:19.751Z] GET /analytics/percentile/exam/68dd290e-07fe-4797-b661-275804b4f2c0 - 400: "No attempts found for this exam"
[2026-01-26T11:07:19.753Z] GET /analytics/percentile/exam/68dd290e-07fe-4797-b661-275804b4f2c0 - 400 (21ms)
[2026-01-26T11:07:19.771Z] GET /analytics/patterns - 304 (38ms)
[2026-01-26T11:07:19.777Z] GET /exams/attempts/68dd290e-07fe-4797-b661-275804b4f2c0 - 304 (29ms)
[2026-01-26T11:07:19.785Z] GET /analytics/percentile/exam/68dd290e-07fe-4797-b661-275804b4f2c0 - 400: "No attempts found for this exam"
[2026-01-26T11:07:19.787Z] GET /analytics/percentile/exam/68dd290e-07fe-4797-b661-275804b4f2c0 - 400 (6ms)
[2026-01-26T11:07:19.794Z] GET /analytics/attempt/68dd290e-07fe-4797-b661-275804b4f2c0 - 304 (37ms)
[2026-01-26T11:07:19.807Z] GET /analytics/patterns - 304 (19ms)
[2026-01-26T11:07:47.040Z] GET /passes/current - 200 (13ms)
[2026-01-26T11:07:47.045Z] GET /exams/user/recent - 200 (15ms)
[2026-01-26T11:07:47.046Z] GET /exams/user/stats - 200 (17ms)
[2026-01-26T11:07:47.051Z] GET /exams - 200 (20ms)
[2026-01-26T11:07:47.058Z] GET /passes/current - 200 (4ms)
[2026-01-26T11:07:47.073Z] GET /exams/user/recent - 304 (5ms)
[2026-01-26T11:07:47.074Z] GET /exams/user/stats - 304 (5ms)
[2026-01-26T11:07:47.093Z] GET /exams - 304 (8ms)
[2026-01-26T11:07:48.540Z] GET /admin/notifications/my - 304 (2ms)
[2026-01-26T11:07:50.163Z] GET /exams?type=real_exam - 304 (8ms)
[2026-01-26T11:07:50.187Z] GET /exams?type=real_exam - 304 (8ms)
[2026-01-26T11:07:52.754Z] POST /test-session/b86611c4-cbe7-479e-803c-65b41f574533/sync - 201 (3ms)
[2026-01-26T11:08:05.331Z] GET /exams/ea974100-c6ab-42a4-bdbb-e68493548c25 - 304 (3ms)
[2026-01-26T11:08:05.350Z] GET /exams/ea974100-c6ab-42a4-bdbb-e68493548c25/my-attempts - 200 (21ms)
[2026-01-26T11:08:05.355Z] GET /exams/ea974100-c6ab-42a4-bdbb-e68493548c25 - 304 (4ms)
[2026-01-26T11:08:05.378Z] GET /exams/ea974100-c6ab-42a4-bdbb-e68493548c25/my-attempts - 304 (5ms)
[2026-01-26T11:08:08.503Z] GET /admin/notifications/my - 304 (2ms)
[2026-01-26T11:08:13.354Z] GET /passes/current - 200 (7ms)
[2026-01-26T11:08:13.368Z] GET /exams - 304 (11ms)
[2026-01-26T11:08:13.376Z] GET /exams/user/stats - 304 (27ms)
[2026-01-26T11:08:13.377Z] GET /passes/current - 200 (3ms)
[2026-01-26T11:08:13.384Z] GET /exams/user/recent - 304 (33ms)
[2026-01-26T11:08:13.396Z] GET /exams - 304 (9ms)
[2026-01-26T11:08:13.416Z] GET /exams/user/stats - 304 (7ms)
[2026-01-26T11:08:13.419Z] GET /exams/user/recent - 304 (8ms)
[2026-01-26T11:08:16.022Z] GET /exams?type=real_exam - 304 (11ms)
[2026-01-26T11:08:16.044Z] GET /exams?type=real_exam - 304 (10ms)
[2026-01-26T11:08:21.761Z] GET /exams/ea974100-c6ab-42a4-bdbb-e68493548c25 - 304 (3ms)
[2026-01-26T11:08:21.766Z] GET /exams/ea974100-c6ab-42a4-bdbb-e68493548c25/my-attempts - 304 (7ms)
[2026-01-26T11:08:21.778Z] GET /exams/ea974100-c6ab-42a4-bdbb-e68493548c25 - 304 (3ms)
[2026-01-26T11:08:21.788Z] GET /exams/ea974100-c6ab-42a4-bdbb-e68493548c25/my-attempts - 304 (5ms)
[2026-01-26T11:08:43.838Z] GET /exams?type=real_exam - 304 (26ms)
[2026-01-26T11:08:43.878Z] GET /exams?type=real_exam - 304 (10ms)
[2026-01-26T11:08:48.102Z] GET /admin/notifications/my - 304 (4ms)
[2026-01-26T11:08:52.610Z] POST /test-session/b86611c4-cbe7-479e-803c-65b41f574533/sync - 201 (4ms)
[2026-01-26T11:08:54.168Z] GET /exams/ea974100-c6ab-42a4-bdbb-e68493548c25 - 304 (4ms)
[2026-01-26T11:08:54.176Z] GET /exams/ea974100-c6ab-42a4-bdbb-e68493548c25/my-attempts - 304 (6ms)
[2026-01-26T11:08:54.189Z] GET /exams/ea974100-c6ab-42a4-bdbb-e68493548c25 - 304 (3ms)
[2026-01-26T11:08:54.206Z] GET /exams/ea974100-c6ab-42a4-bdbb-e68493548c25/my-attempts - 304 (7ms)
[2026-01-26T11:09:00.138Z] GET /exams?type=real_exam - 304 (9ms)
[2026-01-26T11:09:00.164Z] GET /exams?type=real_exam - 304 (10ms)
[2026-01-26T11:09:03.795Z] GET /passes/current - 200 (5ms)
[2026-01-26T11:09:03.808Z] GET /exams/user/stats - 304 (10ms)
[2026-01-26T11:09:03.820Z] GET /passes/current - 200 (3ms)
[2026-01-26T11:09:03.824Z] GET /exams/user/recent - 304 (24ms)
[2026-01-26T11:09:03.831Z] GET /exams - 304 (29ms)
[2026-01-26T11:09:03.833Z] GET /exams/user/stats - 304 (6ms)
[2026-01-26T11:09:03.846Z] GET /exams/user/recent - 304 (7ms)
[2026-01-26T11:09:03.860Z] GET /exams - 304 (9ms)
[2026-01-26T11:09:05.615Z] GET /exams?type=real_exam - 304 (9ms)
[2026-01-26T11:09:05.636Z] GET /exams?type=real_exam - 304 (9ms)
[2026-01-26T11:09:08.471Z] GET /admin/notifications/my - 304 (2ms)
[2026-01-26T11:09:09.449Z] GET /exams/ea974100-c6ab-42a4-bdbb-e68493548c25 - 304 (3ms)
[2026-01-26T11:09:09.457Z] GET /exams/ea974100-c6ab-42a4-bdbb-e68493548c25/my-attempts - 304 (6ms)
[2026-01-26T11:09:09.469Z] GET /exams/ea974100-c6ab-42a4-bdbb-e68493548c25 - 304 (2ms)
[2026-01-26T11:09:09.484Z] GET /exams/ea974100-c6ab-42a4-bdbb-e68493548c25/my-attempts - 304 (5ms)
[2026-01-26T11:09:21.811Z] GET /exams/models/ea974100-c6ab-42a4-bdbb-e68493548c25 - 200 (15ms)
[2026-01-26T11:09:21.831Z] GET /exams/models/ea974100-c6ab-42a4-bdbb-e68493548c25 - 200 (3ms)
[2026-01-26T11:09:21.832Z] GET /exams/ea974100-c6ab-42a4-bdbb-e68493548c25 - 304 (2ms)
[2026-01-26T11:09:21.848Z] GET /exams/ea974100-c6ab-42a4-bdbb-e68493548c25 - 304 (2ms)
[2026-01-26T11:09:21.856Z] POST /test-session/start - 201 (6ms)
[2026-01-26T11:09:21.869Z] POST /test-session/start - 201 (5ms)
[2026-01-26T11:09:28.464Z] POST /test-session/ea974100-c6ab-42a4-bdbb-e68493548c25/submit - 201 (72ms)
[2026-01-26T11:09:29.853Z] GET /admin/notifications/my - 304 (3ms)
[2026-01-26T11:09:29.883Z] GET /admin/notifications/my - 304 (2ms)
[2026-01-26T11:09:30.097Z] GET /exams/attempts/5f2c95e0-c23f-4d84-bd72-093505057005 - 200 (12ms)
[2026-01-26T11:09:30.100Z] GET /analytics/attempt/5f2c95e0-c23f-4d84-bd72-093505057005 - 200 (13ms)
[2026-01-26T11:09:30.105Z] GET /analytics/percentile/exam/5f2c95e0-c23f-4d84-bd72-093505057005 - 400: "No attempts found for this exam"
[2026-01-26T11:09:30.106Z] GET /analytics/percentile/exam/5f2c95e0-c23f-4d84-bd72-093505057005 - 400 (3ms)
[2026-01-26T11:09:30.116Z] GET /analytics/patterns - 200 (12ms)
[2026-01-26T11:09:30.125Z] GET /exams/attempts/5f2c95e0-c23f-4d84-bd72-093505057005 - 304 (8ms)
[2026-01-26T11:09:30.130Z] GET /analytics/percentile/exam/5f2c95e0-c23f-4d84-bd72-093505057005 - 400: "No attempts found for this exam"
[2026-01-26T11:09:30.132Z] GET /analytics/percentile/exam/5f2c95e0-c23f-4d84-bd72-093505057005 - 400 (4ms)
[2026-01-26T11:09:30.135Z] GET /analytics/attempt/5f2c95e0-c23f-4d84-bd72-093505057005 - 304 (14ms)
[2026-01-26T11:09:30.143Z] GET /analytics/patterns - 304 (9ms)
[2026-01-26T11:09:34.468Z] GET /passes/current - 200 (3ms)
[2026-01-26T11:09:34.477Z] GET /exams/user/stats - 200 (5ms)
[2026-01-26T11:09:34.480Z] GET /exams/user/recent - 200 (7ms)
[2026-01-26T11:09:34.486Z] GET /exams - 200 (12ms)
[2026-01-26T11:09:34.487Z] GET /passes/current - 200 (3ms)
[2026-01-26T11:09:34.504Z] GET /exams/user/stats - 304 (4ms)
[2026-01-26T11:09:34.513Z] GET /exams/user/recent - 304 (7ms)
[2026-01-26T11:09:34.516Z] GET /exams - 304 (9ms)
[2026-01-26T11:09:35.979Z] GET /exams?type=real_exam - 200 (8ms)
[2026-01-26T11:09:36.004Z] GET /exams?type=real_exam - 304 (7ms)
[2026-01-26T11:09:47.867Z] GET /passes/current - 200 (14ms)
[2026-01-26T11:09:47.870Z] GET /exams/user/stats - 304 (16ms)
[2026-01-26T11:09:47.873Z] GET /exams/user/recent - 304 (18ms)
[2026-01-26T11:09:47.876Z] GET /exams - 304 (22ms)
[2026-01-26T11:09:47.882Z] GET /passes/current - 200 (3ms)
[2026-01-26T11:09:47.890Z] GET /exams/user/stats - 304 (5ms)
[2026-01-26T11:09:47.893Z] GET /exams/user/recent - 304 (6ms)
[2026-01-26T11:09:47.902Z] GET /exams - 304 (8ms)
[2026-01-26T11:09:48.850Z] GET /admin/notifications/my - 304 (3ms)
[2026-01-26T11:09:49.113Z] GET /exams?type=real_exam - 304 (9ms)
[2026-01-26T11:09:49.152Z] GET /exams?type=real_exam - 304 (9ms)
[2026-01-26T11:09:51.325Z] GET /exams/ea974100-c6ab-42a4-bdbb-e68493548c25 - 304 (2ms)
[2026-01-26T11:09:51.334Z] GET /exams/ea974100-c6ab-42a4-bdbb-e68493548c25/my-attempts - 200 (5ms)
[2026-01-26T11:09:51.343Z] GET /exams/ea974100-c6ab-42a4-bdbb-e68493548c25 - 304 (2ms)
[2026-01-26T11:09:51.350Z] GET /exams/ea974100-c6ab-42a4-bdbb-e68493548c25/my-attempts - 304 (5ms)
[2026-01-26T11:09:51.846Z] POST /test-session/b86611c4-cbe7-479e-803c-65b41f574533/sync - 201 (2ms)
[2026-01-26T11:09:59.921Z] GET /exams?type=real_exam - 304 (7ms)
[2026-01-26T11:09:59.950Z] GET /exams?type=real_exam - 304 (7ms)
[2026-01-26T11:10:05.637Z] GET /exams/ea974100-c6ab-42a4-bdbb-e68493548c25 - 304 (3ms)
[2026-01-26T11:10:05.639Z] GET /exams/ea974100-c6ab-42a4-bdbb-e68493548c25/my-attempts - 304 (4ms)
[2026-01-26T11:10:05.663Z] GET /exams/ea974100-c6ab-42a4-bdbb-e68493548c25 - 304 (3ms)
[2026-01-26T11:10:05.669Z] GET /exams/ea974100-c6ab-42a4-bdbb-e68493548c25/my-attempts - 304 (4ms)
[2026-01-26T11:10:14.582Z] GET /exams?type=real_exam - 304 (9ms)
[2026-01-26T11:10:14.608Z] GET /exams?type=real_exam - 304 (7ms)
[2026-01-26T11:10:22.038Z] POST /test-session/b86611c4-cbe7-479e-803c-65b41f574533/sync - 201 (3ms)
[2026-01-26T11:10:26.698Z] GET /admin/notifications/my - 304 (16ms)
[2026-01-26T11:10:26.706Z] GET /admin/notifications/my - 304 (3ms)
[2026-01-26T11:10:26.713Z] GET /exams/attempts/c8112a25-041d-4658-b2ba-0cfc7ec240e2 - 200 (29ms)
[2026-01-26T11:10:26.727Z] GET /exams/attempts/c8112a25-041d-4658-b2ba-0cfc7ec240e2 - 304 (9ms)
[2026-01-26T11:10:26.783Z] GET /users/saved-questions/59c20889-8f51-4f4c-98c3-50d8f7e3c636/status - 304 (3ms)
[2026-01-26T11:10:26.809Z] GET /users/saved-questions/59c20889-8f51-4f4c-98c3-50d8f7e3c636/status - 304 (2ms)
[2026-01-26T11:10:30.019Z] GET /admin/notifications/my - 304 (3ms)
[2026-01-26T11:10:52.416Z] POST /test-session/b86611c4-cbe7-479e-803c-65b41f574533/sync - 201 (3ms)
[2026-01-26T11:10:59.080Z] GET /exams/ea974100-c6ab-42a4-bdbb-e68493548c25 - 304 (2ms)
[2026-01-26T11:10:59.101Z] GET /exams/ea974100-c6ab-42a4-bdbb-e68493548c25/my-attempts - 304 (17ms)
[2026-01-26T11:10:59.105Z] GET /exams/ea974100-c6ab-42a4-bdbb-e68493548c25 - 304 (2ms)
[2026-01-26T11:10:59.127Z] GET /exams/ea974100-c6ab-42a4-bdbb-e68493548c25/my-attempts - 304 (5ms)
[2026-01-26T11:11:27.856Z] GET /admin/notifications/my - 304 (12ms)
[2026-01-26T11:11:29.851Z] GET /admin/notifications/my - 304 (2ms)
[2026-01-26T11:11:47.868Z] GET /exams?type=real_exam - 304 (20ms)
[2026-01-26T11:11:47.891Z] GET /exams?type=real_exam - 304 (7ms)
[2026-01-26T11:11:51.735Z] POST /test-session/b86611c4-cbe7-479e-803c-65b41f574533/sync - 201 (3ms)
[2026-01-26T11:11:56.213Z] GET /exams/ea974100-c6ab-42a4-bdbb-e68493548c25 - 304 (3ms)
[2026-01-26T11:11:56.224Z] GET /exams/ea974100-c6ab-42a4-bdbb-e68493548c25/my-attempts - 304 (4ms)
[2026-01-26T11:11:56.232Z] GET /exams/ea974100-c6ab-42a4-bdbb-e68493548c25 - 304 (2ms)
[2026-01-26T11:11:56.258Z] GET /exams/ea974100-c6ab-42a4-bdbb-e68493548c25/my-attempts - 304 (5ms)
[2026-01-26T11:12:01.268Z] GET /exams?type=real_exam - 304 (8ms)
[2026-01-26T11:12:01.289Z] GET /exams?type=real_exam - 304 (8ms)
[2026-01-26T11:12:27.549Z] GET /admin/notifications/my - 304 (12ms)
[2026-01-26T11:12:29.852Z] GET /admin/notifications/my - 304 (3ms)
[2026-01-26T11:12:34.828Z] GET /exams/performance/trend - 200 (6ms)
[2026-01-26T11:12:34.842Z] GET /exams/user/stats - 304 (18ms)
[2026-01-26T11:12:34.844Z] GET /adaptive/mastery - 200 (18ms)
[2026-01-26T11:12:34.848Z] GET /exams/performance/trend - 304 (5ms)
[2026-01-26T11:12:34.863Z] GET /exams/user/stats - 304 (5ms)
[2026-01-26T11:12:34.866Z] GET /adaptive/mastery - 304 (5ms)
[2026-01-26T11:12:51.411Z] POST /test-session/b86611c4-cbe7-479e-803c-65b41f574533/sync - 201 (3ms)
[2026-01-26T11:13:27.543Z] GET /admin/notifications/my - 304 (14ms)
[2026-01-26T11:13:29.831Z] GET /admin/notifications/my - 304 (2ms)
[2026-01-26T11:13:34.887Z] GET /passes/current - 200 (4ms)
[2026-01-26T11:13:34.897Z] GET /exams/user/stats - 304 (6ms)
[2026-01-26T11:13:34.906Z] GET /passes/current - 200 (2ms)
[2026-01-26T11:13:34.908Z] GET /exams - 304 (9ms)
[2026-01-26T11:13:34.914Z] GET /exams/user/recent - 304 (20ms)
[2026-01-26T11:13:34.918Z] GET /exams/user/stats - 304 (6ms)
[2026-01-26T11:13:34.931Z] GET /exams - 304 (7ms)
[2026-01-26T11:13:34.942Z] GET /exams/user/recent - 304 (6ms)
[2026-01-26T11:13:41.478Z] GET /exams?type=real_exam - 304 (7ms)
[2026-01-26T11:13:41.502Z] GET /exams?type=real_exam - 304 (8ms)
[2026-01-26T11:13:55.776Z] POST /test-session/b86611c4-cbe7-479e-803c-65b41f574533/sync - 201 (3ms)
[2026-01-26T11:14:08.945Z] GET /passes/current - 200 (18ms)
[2026-01-26T11:14:08.947Z] GET /exams/user/stats - 304 (17ms)
[2026-01-26T11:14:08.952Z] GET /exams/user/recent - 304 (18ms)
[2026-01-26T11:14:08.957Z] GET /exams - 304 (22ms)
[2026-01-26T11:14:08.962Z] GET /passes/current - 200 (3ms)
[2026-01-26T11:14:08.969Z] GET /exams/user/stats - 304 (4ms)
[2026-01-26T11:14:08.974Z] GET /exams/user/recent - 304 (6ms)
[2026-01-26T11:14:08.978Z] GET /exams - 304 (7ms)
[2026-01-26T11:14:27.857Z] GET /admin/notifications/my - 304 (14ms)
[2026-01-26T11:14:29.837Z] GET /admin/notifications/my - 304 (2ms)
[2026-01-26T11:15:27.546Z] GET /admin/notifications/my - 304 (15ms)
[2026-01-26T11:15:29.874Z] GET /admin/notifications/my - 304 (3ms)
[2026-01-26T11:16:21.089Z] GET /admin/notifications/my - 304 (16ms)
[2026-01-26T11:16:21.097Z] GET /admin/notifications/my - 304 (3ms)
[2026-01-26T11:16:21.103Z] GET /exams/attempts/c8112a25-041d-4658-b2ba-0cfc7ec240e2 - 304 (29ms)
[2026-01-26T11:16:21.119Z] GET /exams/attempts/c8112a25-041d-4658-b2ba-0cfc7ec240e2 - 304 (10ms)
[2026-01-26T11:16:21.156Z] GET /users/saved-questions/59c20889-8f51-4f4c-98c3-50d8f7e3c636/status - 304 (4ms)
[2026-01-26T11:16:21.183Z] GET /users/saved-questions/59c20889-8f51-4f4c-98c3-50d8f7e3c636/status - 304 (3ms)
[2026-01-26T11:16:29.879Z] GET /admin/notifications/my - 304 (3ms)
[2026-01-26T11:16:40.494Z] GET /users/saved-questions/92478de5-37aa-4815-814d-bd3d66e96f30/status - 304 (14ms)
[2026-01-26T11:16:51.336Z] GET /users/saved-questions/59c20889-8f51-4f4c-98c3-50d8f7e3c636/status - 304 (17ms)
[2026-01-26T11:17:21.859Z] GET /admin/notifications/my - 304 (14ms)
[2026-01-26T11:17:29.841Z] GET /admin/notifications/my - 304 (2ms)
[2026-01-26T11:18:21.542Z] GET /admin/notifications/my - 304 (11ms)
[2026-01-26T11:18:29.852Z] GET /admin/notifications/my - 304 (2ms)
[2026-01-26T11:18:30.405Z] GET /exams?type=real_exam - 304 (10ms)
[2026-01-26T11:18:30.427Z] GET /exams?type=real_exam - 304 (8ms)
[2026-01-26T11:18:45.141Z] GET /passes/current - 200 (17ms)
[2026-01-26T11:18:45.150Z] GET /exams/user/stats - 304 (17ms)
[2026-01-26T11:18:45.154Z] GET /exams/user/recent - 304 (18ms)
[2026-01-26T11:18:45.158Z] GET /exams - 304 (21ms)
[2026-01-26T11:18:45.159Z] GET /passes/current - 200 (3ms)
[2026-01-26T11:18:45.172Z] GET /exams/user/stats - 304 (5ms)
[2026-01-26T11:18:45.179Z] GET /exams/user/recent - 304 (5ms)
[2026-01-26T11:18:45.184Z] GET /exams - 304 (8ms)
[2026-01-26T11:18:50.246Z] GET /exams?type=real_exam - 304 (9ms)
[2026-01-26T11:18:50.277Z] GET /exams?type=real_exam - 304 (10ms)
[2026-01-26T11:18:55.311Z] GET /exams?type=live_exam - 200 (9ms)
[2026-01-26T11:18:55.346Z] GET /exams?type=live_exam - 304 (9ms)
[2026-01-26T11:19:05.445Z] GET /users/saved-questions/92478de5-37aa-4815-814d-bd3d66e96f30/status - 304 (15ms)
[2026-01-26T11:19:05.949Z] GET /users/profile - 304 (5ms)
[2026-01-26T11:19:05.978Z] GET /users/profile - 304 (3ms)
[2026-01-26T11:19:14.036Z] GET /users/saved-questions/2a9fbef9-6752-4577-8516-a21d48ca1644/status - 304 (3ms)
[2026-01-26T11:19:18.211Z] GET /users/saved-questions/39b26e87-655f-43bc-bcdd-9b6696e55316/status - 304 (2ms)
[2026-01-26T11:19:21.075Z] GET /admin/notifications/my - 304 (3ms)
[2026-01-26T11:19:27.681Z] GET /users/saved-questions/3d799542-f865-497c-8b4b-cd1c0b5294b7/status - 200 (3ms)
[2026-01-26T11:19:30.029Z] GET /admin/notifications/my - 304 (3ms)
[2026-01-26T11:19:30.350Z] GET /users/saved-questions/54bc444a-4678-4aa1-80d6-21fd40859dd0/status - 200 (2ms)
[2026-01-26T11:19:38.296Z] GET /users/saved-questions/69155a4b-094c-4297-83ee-84500afaf415/status - 200 (3ms)
[2026-01-26T11:19:44.156Z] GET /users/saved-questions/3cd43a13-8737-4f9d-a0e9-fedc0c72f9d1/status - 200 (2ms)
[2026-01-26T11:19:47.364Z] GET /users/saved-questions/b5a43011-ba6a-4458-9121-d4c9a929feaa/status - 304 (3ms)
[2026-01-26T11:19:59.332Z] GET /users/saved-questions/e6619525-697c-4976-aa5e-99c8a1d2808d/status - 304 (14ms)
[2026-01-26T11:20:12.946Z] GET /passes/current - 200 (15ms)
[2026-01-26T11:20:12.953Z] GET /exams/user/stats - 304 (16ms)
[2026-01-26T11:20:12.958Z] GET /exams/user/recent - 304 (18ms)
[2026-01-26T11:20:12.961Z] GET /exams - 304 (19ms)
[2026-01-26T11:20:12.962Z] GET /passes/current - 200 (3ms)
[2026-01-26T11:20:12.979Z] GET /exams/user/stats - 304 (5ms)
[2026-01-26T11:20:12.983Z] GET /exams/user/recent - 304 (6ms)
[2026-01-26T11:20:12.989Z] GET /exams - 304 (8ms)
[2026-01-26T11:20:16.274Z] GET /admin/notifications/my - 304 (3ms)
[2026-01-26T11:20:16.275Z] GET /passes/current - 200 (3ms)
[2026-01-26T11:20:16.279Z] GET /exams/user/stats - 304 (6ms)
[2026-01-26T11:20:16.284Z] GET /exams/user/recent - 304 (6ms)
[2026-01-26T11:20:16.289Z] GET /exams - 304 (8ms)
[2026-01-26T11:20:16.293Z] GET /admin/notifications/my - 304 (3ms)
[2026-01-26T11:20:16.305Z] GET /passes/current - 200 (4ms)
[2026-01-26T11:20:16.309Z] GET /exams/user/stats - 304 (5ms)
[2026-01-26T11:20:16.314Z] GET /exams/user/recent - 304 (7ms)
[2026-01-26T11:20:16.321Z] GET /exams - 304 (9ms)
[2026-01-26T11:20:20.989Z] GET /exams?type=real_exam - 304 (7ms)
[2026-01-26T11:20:21.025Z] GET /exams?type=real_exam - 304 (8ms)
[2026-01-26T11:20:21.855Z] GET /admin/notifications/my - 304 (2ms)
[2026-01-26T11:20:24.615Z] GET /exams/ea974100-c6ab-42a4-bdbb-e68493548c25 - 304 (2ms)
[2026-01-26T11:20:24.619Z] GET /exams/ea974100-c6ab-42a4-bdbb-e68493548c25/my-attempts - 304 (5ms)
[2026-01-26T11:20:24.634Z] GET /exams/ea974100-c6ab-42a4-bdbb-e68493548c25 - 304 (3ms)
[2026-01-26T11:20:24.644Z] GET /exams/ea974100-c6ab-42a4-bdbb-e68493548c25/my-attempts - 304 (5ms)
[2026-01-26T11:20:28.291Z] GET /exams/attempts/5f2c95e0-c23f-4d84-bd72-093505057005 - 304 (10ms)
[2026-01-26T11:20:28.333Z] GET /analytics/attempt/5f2c95e0-c23f-4d84-bd72-093505057005 - 304 (10ms)
[2026-01-26T11:20:28.340Z] GET /analytics/percentile/exam/5f2c95e0-c23f-4d84-bd72-093505057005 - 400: "No attempts found for this exam"
[2026-01-26T11:20:28.341Z] GET /analytics/percentile/exam/5f2c95e0-c23f-4d84-bd72-093505057005 - 400 (17ms)
[2026-01-26T11:20:28.351Z] GET /analytics/patterns - 304 (25ms)
[2026-01-26T11:20:28.354Z] GET /exams/attempts/5f2c95e0-c23f-4d84-bd72-093505057005 - 304 (25ms)
[2026-01-26T11:20:28.363Z] GET /analytics/percentile/exam/5f2c95e0-c23f-4d84-bd72-093505057005 - 400: "No attempts found for this exam"
[2026-01-26T11:20:28.364Z] GET /analytics/percentile/exam/5f2c95e0-c23f-4d84-bd72-093505057005 - 400 (2ms)
[2026-01-26T11:20:28.365Z] GET /analytics/attempt/5f2c95e0-c23f-4d84-bd72-093505057005 - 304 (9ms)
[2026-01-26T11:20:28.380Z] GET /analytics/patterns - 304 (10ms)
[2026-01-26T11:20:31.249Z] GET /exams/attempts/5f2c95e0-c23f-4d84-bd72-093505057005 - 304 (9ms)
[2026-01-26T11:20:31.270Z] GET /exams/attempts/5f2c95e0-c23f-4d84-bd72-093505057005 - 304 (9ms)
[2026-01-26T11:20:31.386Z] GET /users/saved-questions/a9dd92de-a078-423d-b55b-e7ff2fac2547/status - 304 (3ms)
[2026-01-26T11:20:31.402Z] GET /users/saved-questions/a9dd92de-a078-423d-b55b-e7ff2fac2547/status - 304 (2ms)
[2026-01-26T11:21:16.349Z] GET /admin/notifications/my - 304 (12ms)
[2026-01-26T11:21:21.528Z] GET /admin/notifications/my - 304 (3ms)
[2026-01-26T11:22:16.281Z] GET /admin/notifications/my - 304 (15ms)
[2026-01-26T11:22:19.907Z] GET /passes/current - 200 (4ms)
[2026-01-26T11:22:19.916Z] GET /exams/user/stats - 304 (6ms)
[2026-01-26T11:22:19.929Z] GET /exams/user/recent - 304 (17ms)
[2026-01-26T11:22:20.053Z] GET /exams - 304 (8ms)
[2026-01-26T11:22:20.105Z] GET /passes/current - 200 (3ms)
[2026-01-26T11:22:20.190Z] GET /exams/user/stats - 304 (5ms)
[2026-01-26T11:22:20.960Z] GET /exams - 304 (8ms)
[2026-01-26T11:22:20.966Z] GET /exams/user/recent - 304 (4ms)
[2026-01-26T11:22:21.840Z] GET /admin/notifications/my - 304 (2ms)
[2026-01-26T11:22:42.149Z] GET /exams/performance/trend - 304 (15ms)
[2026-01-26T11:22:42.167Z] GET /exams/performance/trend - 304 (4ms)
[2026-01-26T11:22:56.340Z] GET /exams/attempts/5f2c95e0-c23f-4d84-bd72-093505057005 - 304 (20ms)
[2026-01-26T11:22:56.359Z] GET /analytics/attempt/5f2c95e0-c23f-4d84-bd72-093505057005 - 304 (8ms)
[2026-01-26T11:22:56.371Z] GET /analytics/percentile/exam/5f2c95e0-c23f-4d84-bd72-093505057005 - 400: "No attempts found for this exam"
[2026-01-26T11:22:56.372Z] GET /analytics/percentile/exam/5f2c95e0-c23f-4d84-bd72-093505057005 - 400 (4ms)
[2026-01-26T11:22:56.394Z] GET /analytics/patterns - 304 (11ms)
[2026-01-26T11:22:56.415Z] GET /analytics/attempt/5f2c95e0-c23f-4d84-bd72-093505057005 - 304 (8ms)
[2026-01-26T11:22:56.419Z] GET /exams/attempts/5f2c95e0-c23f-4d84-bd72-093505057005 - 304 (32ms)
[2026-01-26T11:22:57.341Z] GET /analytics/percentile/exam/5f2c95e0-c23f-4d84-bd72-093505057005 - 400: "No attempts found for this exam"
[2026-01-26T11:22:57.343Z] GET /analytics/percentile/exam/5f2c95e0-c23f-4d84-bd72-093505057005 - 400 (4ms)
[2026-01-26T11:22:59.341Z] GET /analytics/patterns - 304 (11ms)
[2026-01-26T11:23:16.927Z] GET /admin/notifications/my - 304 (15ms)
[2026-01-26T11:23:41.811Z] POST /test-session/b86611c4-cbe7-479e-803c-65b41f574533/sync - 201 (3ms)
[2026-01-26T11:24:09.851Z] GET /admin/notifications/my - 304 (14ms)
[2026-01-26T11:24:17.057Z] GET /admin/notifications/my - 304 (3ms)
[2026-01-26T11:25:09.544Z] GET /admin/notifications/my - 304 (14ms)
[2026-01-26T11:25:16.877Z] GET /admin/notifications/my - 304 (3ms)
[2026-01-26T11:25:46.399Z] GET /passes/current - 200 (17ms)
[2026-01-26T11:25:46.405Z] GET /exams/user/stats - 304 (18ms)
[2026-01-26T11:25:46.409Z] GET /exams/user/recent - 304 (21ms)
[2026-01-26T11:25:46.412Z] GET /exams - 304 (23ms)
[2026-01-26T11:25:46.421Z] GET /passes/current - 200 (3ms)
[2026-01-26T11:25:46.425Z] GET /exams/user/stats - 304 (6ms)
[2026-01-26T11:25:46.435Z] GET /exams/user/recent - 304 (5ms)
[2026-01-26T11:25:46.441Z] GET /exams - 304 (9ms)
[2026-01-26T11:25:51.406Z] GET /exams?type=live_exam - 304 (10ms)
[2026-01-26T11:25:51.432Z] GET /exams?type=live_exam - 304 (8ms)
[2026-01-26T11:25:55.842Z] GET /exams?type=previous_year_paper - 200 (8ms)
[2026-01-26T11:25:55.865Z] GET /exams?type=previous_year_paper - 304 (8ms)
[2026-01-26T11:25:56.529Z] GET /admin/notifications/my - 304 (3ms)
[2026-01-26T11:26:17.099Z] GET /admin/notifications/my - 304 (14ms)
[2026-01-26T11:26:29.728Z] POST /test-session/b86611c4-cbe7-479e-803c-65b41f574533/sync - 201 (3ms)
[2026-01-26T11:26:44.259Z] GET /admin/notifications/my - 304 (14ms)
[2026-01-26T11:26:45.461Z] POST /test-session/b86611c4-cbe7-479e-803c-65b41f574533/sync - 201 (3ms)
[2026-01-26T11:26:48.954Z] GET /passes/current - 304 (7ms)
[2026-01-26T11:26:49.015Z] GET /exams/user/stats - 304 (6ms)
[2026-01-26T11:26:49.270Z] GET /exams/user/recent - 304 (9ms)
[2026-01-26T11:26:49.279Z] GET /exams/user/stats - 304 (6ms)
[2026-01-26T11:26:49.289Z] GET /passes/current - 304 (26ms)
[2026-01-26T11:26:49.294Z] GET /exams - 304 (32ms)
[2026-01-26T11:26:49.334Z] GET /exams/user/recent - 304 (8ms)
[2026-01-26T11:26:49.591Z] GET /exams - 304 (10ms)
[2026-01-26T11:27:15.428Z] POST /test-session/b86611c4-cbe7-479e-803c-65b41f574533/sync - 201 (3ms)
[2026-01-26T11:27:16.894Z] GET /admin/notifications/my - 304 (14ms)
[2026-01-26T11:27:21.072Z] GET /admin/notifications/my - 304 (2ms)
[2026-01-26T11:27:53.737Z] GET /exams?type=real_exam - 304 (24ms)
[2026-01-26T11:27:53.777Z] GET /exams?type=real_exam - 304 (8ms)
[2026-01-26T11:28:03.359Z] GET /exams?type=live_exam - 304 (11ms)
[2026-01-26T11:28:03.385Z] GET /exams?type=live_exam - 304 (9ms)
[2026-01-26T11:28:06.798Z] GET /passes/current - 200 (4ms)
[2026-01-26T11:28:06.811Z] GET /exams/user/stats - 304 (9ms)
[2026-01-26T11:28:06.822Z] GET /exams - 304 (12ms)
[2026-01-26T11:28:06.828Z] GET /passes/current - 200 (3ms)
[2026-01-26T11:28:06.837Z] GET /exams/user/recent - 304 (29ms)
[2026-01-26T11:28:06.840Z] GET /exams/user/stats - 304 (8ms)
[2026-01-26T11:28:06.859Z] GET /exams - 304 (10ms)
[2026-01-26T11:28:06.881Z] GET /exams/user/recent - 304 (7ms)
[2026-01-26T11:28:16.267Z] GET /admin/notifications/my - 304 (2ms)
[2026-01-26T11:28:21.076Z] GET /admin/notifications/my - 304 (3ms)
[2026-01-26T11:29:16.290Z] GET /admin/notifications/my - 304 (14ms)
[2026-01-26T11:29:19.647Z] GET /users/profile - 304 (4ms)
[2026-01-26T11:29:19.675Z] GET /users/profile - 304 (3ms)
[2026-01-26T11:29:21.391Z] GET /admin/notifications/my - 304 (4ms)
[2026-01-26T11:30:16.894Z] GET /admin/notifications/my - 304 (15ms)
[2026-01-26T11:30:21.530Z] GET /admin/notifications/my - 304 (3ms)
[2026-01-26T11:30:40.192Z] GET /passes/current - 200 (22ms)
[2026-01-26T11:30:40.200Z] GET /exams/user/stats - 304 (23ms)
[2026-01-26T11:30:40.204Z] GET /exams/user/recent - 304 (23ms)
[2026-01-26T11:30:40.210Z] GET /exams - 304 (27ms)
[2026-01-26T11:30:40.217Z] GET /passes/current - 200 (3ms)
[2026-01-26T11:30:40.246Z] GET /exams/user/stats - 304 (6ms)
[2026-01-26T11:30:40.261Z] GET /exams/user/recent - 304 (7ms)
[2026-01-26T11:30:40.270Z] GET /exams - 304 (12ms)
[2026-01-26T11:31:16.918Z] GET /admin/notifications/my - 304 (15ms)
[2026-01-26T11:32:09.863Z] GET /admin/notifications/my - 304 (16ms)
[2026-01-26T11:32:16.265Z] GET /admin/notifications/my - 304 (2ms)
[2026-01-26T11:32:23.284Z] GET /exams?type=real_exam - 304 (13ms)
[2026-01-26T11:32:23.322Z] GET /exams?type=real_exam - 304 (9ms)
[2026-01-26T11:32:29.425Z] GET /exams?type=live_exam - 304 (10ms)
[2026-01-26T11:32:29.449Z] GET /exams?type=live_exam - 304 (11ms)
[2026-01-26T11:32:33.077Z] GET /exams?type=previous_year_paper - 304 (13ms)
[2026-01-26T11:32:33.103Z] GET /exams?type=previous_year_paper - 304 (10ms)
[2026-01-26T11:32:51.560Z] POST /test-session/b86611c4-cbe7-479e-803c-65b41f574533/sync - 201 (3ms)
[2026-01-26T11:32:54.301Z] GET /exams/b86611c4-cbe7-479e-803c-65b41f574533 - 304 (3ms)
[2026-01-26T11:32:54.304Z] GET /exams/b86611c4-cbe7-479e-803c-65b41f574533/my-attempts - 200 (18ms)
[2026-01-26T11:32:54.336Z] GET /exams/b86611c4-cbe7-479e-803c-65b41f574533 - 304 (3ms)
[2026-01-26T11:32:54.339Z] GET /exams/b86611c4-cbe7-479e-803c-65b41f574533/my-attempts - 304 (5ms)
[2026-01-26T11:33:03.156Z] GET /exams?type=real_exam - 304 (12ms)
[2026-01-26T11:33:03.184Z] GET /exams?type=real_exam - 304 (9ms)
[2026-01-26T11:33:09.539Z] GET /admin/notifications/my - 304 (3ms)
[2026-01-26T11:33:09.780Z] GET /exams/hierarchy - 403: "Forbidden resource"
[2026-01-26T11:33:09.782Z] GET /exams/hierarchy - 403 (3ms)
[2026-01-26T11:33:09.795Z] GET /exams/hierarchy - 403: "Forbidden resource"
[2026-01-26T11:33:09.797Z] GET /exams/hierarchy - 403 (3ms)
[2026-01-26T11:33:14.667Z] GET /passes/current - 200 (4ms)
[2026-01-26T11:33:14.681Z] GET /exams/user/stats - 304 (6ms)
[2026-01-26T11:33:14.696Z] GET /exams/user/recent - 304 (20ms)
[2026-01-26T11:33:14.703Z] GET /exams - 304 (26ms)
[2026-01-26T11:33:14.751Z] GET /exams/user/stats - 304 (7ms)
[2026-01-26T11:33:14.758Z] GET /passes/current - 200 (4ms)
[2026-01-26T11:33:14.764Z] GET /exams/user/recent - 304 (9ms)
[2026-01-26T11:33:14.772Z] GET /exams - 304 (15ms)
[2026-01-26T11:33:16.270Z] GET /admin/notifications/my - 304 (3ms)
[2026-01-26T11:33:37.410Z] GET /admin/notifications/my - 304 (18ms)
[2026-01-26T11:33:51.425Z] POST /test-session/b86611c4-cbe7-479e-803c-65b41f574533/sync - 201 (2ms)
[2026-01-26T11:34:16.889Z] GET /admin/notifications/my - 304 (14ms)
[2026-01-26T11:34:21.075Z] GET /admin/notifications/my - 304 (2ms)
[2026-01-26T11:34:51.424Z] POST /test-session/b86611c4-cbe7-479e-803c-65b41f574533/sync - 201 (3ms)
[2026-01-26T11:35:16.904Z] GET /admin/notifications/my - 304 (14ms)
[2026-01-26T11:35:21.838Z] GET /admin/notifications/my - 304 (3ms)
[2026-01-26T11:35:51.448Z] POST /test-session/b86611c4-cbe7-479e-803c-65b41f574533/sync - 201 (2ms)
[2026-01-26T11:36:16.885Z] GET /admin/notifications/my - 304 (15ms)
[2026-01-26T11:36:21.521Z] GET /admin/notifications/my - 304 (3ms)
[2026-01-26T11:36:51.415Z] POST /test-session/b86611c4-cbe7-479e-803c-65b41f574533/sync - 201 (3ms)
[2026-01-26T11:37:16.889Z] GET /admin/notifications/my - 304 (16ms)
[2026-01-26T11:37:21.072Z] GET /admin/notifications/my - 304 (3ms)
[2026-01-26T11:37:43.140Z] GET /admin/notifications/my - 304 (22ms)
[2026-01-26T11:37:43.146Z] GET /passes/current - 304 (27ms)
[2026-01-26T11:37:43.149Z] GET /exams/user/stats - 304 (27ms)
[2026-01-26T11:37:43.151Z] GET /admin/notifications/my - 304 (4ms)
[2026-01-26T11:37:43.163Z] GET /exams/user/recent - 304 (38ms)
[2026-01-26T11:37:43.168Z] GET /exams - 304 (44ms)
[2026-01-26T11:37:43.467Z] GET /passes/current - 304 (6ms)
[2026-01-26T11:37:43.469Z] GET /exams/user/stats - 304 (7ms)
[2026-01-26T11:37:43.479Z] GET /exams/user/recent - 304 (6ms)
[2026-01-26T11:37:43.487Z] GET /exams - 304 (10ms)
[2026-01-26T11:37:49.371Z] GET /exams?type=real_exam - 304 (10ms)
[2026-01-26T11:37:49.386Z] GET /exams?type=real_exam - 304 (9ms)
[2026-01-26T11:37:51.427Z] POST /test-session/b86611c4-cbe7-479e-803c-65b41f574533/sync - 201 (2ms)
[2026-01-26T11:37:55.317Z] GET /passes/current - 304 (12ms)
[2026-01-26T11:37:55.333Z] GET /exams/user/recent - 304 (24ms)
[2026-01-26T11:37:55.335Z] GET /exams/user/stats - 304 (28ms)
[2026-01-26T11:37:55.341Z] GET /exams - 304 (30ms)
[2026-01-26T11:37:55.561Z] GET /passes/current - 304 (7ms)
[2026-01-26T11:37:55.632Z] GET /exams/user/recent - 304 (8ms)
[2026-01-26T11:37:55.650Z] GET /exams/user/stats - 304 (5ms)
[2026-01-26T11:37:55.656Z] GET /exams - 304 (10ms)
[2026-01-26T11:38:16.882Z] GET /admin/notifications/my - 304 (17ms)
[2026-01-26T11:38:43.541Z] GET /admin/notifications/my - 304 (13ms)
[2026-01-26T11:38:51.438Z] POST /test-session/b86611c4-cbe7-479e-803c-65b41f574533/sync - 201 (3ms)
[2026-01-26T11:39:12.242Z] GET /exams?type=live_exam - 304 (21ms)
[2026-01-26T11:39:12.312Z] GET /exams?type=live_exam - 304 (9ms)
[2026-01-26T11:39:14.976Z] GET /exams?type=previous_year_paper - 304 (9ms)
[2026-01-26T11:39:14.991Z] GET /exams?type=previous_year_paper - 304 (10ms)
[2026-01-26T11:39:16.872Z] GET /admin/notifications/my - 304 (3ms)
[2026-01-26T11:39:24.513Z] GET /passes - 304 (3ms)
[2026-01-26T11:39:24.521Z] GET /passes - 304 (3ms)
[2026-01-26T11:39:35.812Z] GET /quality/my-flags - 200 (17ms)
[2026-01-26T11:39:35.821Z] GET /quality/my-flags - 304 (3ms)
[2026-01-26T11:39:35.868Z] GET /exams?type=previous_year_paper - 304 (9ms)
[2026-01-26T11:39:35.880Z] GET /exams?type=previous_year_paper - 304 (8ms)
[2026-01-26T11:39:37.310Z] GET /passes - 304 (3ms)
[2026-01-26T11:39:37.620Z] GET /passes - 304 (2ms)
[2026-01-26T11:39:43.532Z] GET /admin/notifications/my - 304 (3ms)
[2026-01-26T11:39:50.439Z] POST /test-session/b86611c4-cbe7-479e-803c-65b41f574533/sync - 201 (2ms)
[2026-01-26T11:40:16.907Z] GET /admin/notifications/my - 304 (15ms)
[2026-01-26T11:40:39.227Z] GET /admin/notifications/my - 304 (20ms)
[2026-01-26T11:40:39.232Z] GET /passes/current - 200 (16ms)
[2026-01-26T11:40:39.234Z] GET /exams/user/stats - 304 (17ms)
[2026-01-26T11:40:39.241Z] GET /exams/user/recent - 304 (22ms)
[2026-01-26T11:40:39.244Z] GET /exams - 304 (24ms)
[2026-01-26T11:40:39.330Z] GET /admin/notifications/my - 304 (3ms)
[2026-01-26T11:40:39.339Z] GET /exams/user/stats - 304 (5ms)
[2026-01-26T11:40:39.341Z] GET /exams/user/recent - 304 (6ms)
[2026-01-26T11:40:39.351Z] GET /passes/current - 200 (4ms)
[2026-01-26T11:40:39.357Z] GET /exams - 304 (8ms)
[2026-01-26T11:40:43.537Z] GET /admin/notifications/my - 304 (2ms)
[2026-01-26T11:40:51.428Z] POST /test-session/b86611c4-cbe7-479e-803c-65b41f574533/sync - 201 (3ms)
[2026-01-26T11:41:39.223Z] GET /admin/notifications/my - 304 (12ms)
[2026-01-26T11:41:43.846Z] GET /admin/notifications/my - 304 (3ms)
[2026-01-26T11:41:51.416Z] POST /test-session/b86611c4-cbe7-479e-803c-65b41f574533/sync - 201 (3ms)
[2026-01-26T11:42:39.217Z] GET /admin/notifications/my - 304 (13ms)
[2026-01-26T11:42:43.526Z] GET /admin/notifications/my - 304 (2ms)
[2026-01-26T11:42:51.423Z] POST /test-session/b86611c4-cbe7-479e-803c-65b41f574533/sync - 201 (3ms)
[2026-01-26T11:43:39.887Z] GET /admin/notifications/my - 304 (13ms)
[2026-01-26T11:43:43.531Z] GET /admin/notifications/my - 304 (2ms)
[2026-01-26T11:43:51.431Z] POST /test-session/b86611c4-cbe7-479e-803c-65b41f574533/sync - 201 (3ms)
[2026-01-26T11:44:39.896Z] GET /admin/notifications/my - 304 (17ms)
[2026-01-26T11:44:51.445Z] POST /test-session/b86611c4-cbe7-479e-803c-65b41f574533/sync - 201 (3ms)
[2026-01-26T11:45:09.859Z] GET /admin/notifications/my - 304 (13ms)
[2026-01-26T11:45:39.879Z] GET /admin/notifications/my - 304 (13ms)
[2026-01-26T11:45:51.433Z] POST /test-session/b86611c4-cbe7-479e-803c-65b41f574533/sync - 201 (3ms)
[2026-01-26T11:46:09.535Z] GET /admin/notifications/my - 304 (13ms)
[2026-01-26T11:46:39.881Z] GET /admin/notifications/my - 304 (15ms)
[2026-01-26T11:46:51.419Z] POST /test-session/b86611c4-cbe7-479e-803c-65b41f574533/sync - 201 (2ms)
[2026-01-26T11:46:53.545Z] GET /admin/notifications/my - 304 (12ms)
[2026-01-26T11:47:51.430Z] POST /test-session/b86611c4-cbe7-479e-803c-65b41f574533/sync - 201 (3ms)
[2026-01-26T11:47:54.851Z] GET /admin/notifications/my - 304 (14ms)
[2026-01-26T11:48:16.883Z] GET /admin/notifications/my - 304 (13ms)
[2026-01-26T11:48:51.431Z] POST /test-session/b86611c4-cbe7-479e-803c-65b41f574533/sync - 201 (2ms)
[2026-01-26T11:49:09.847Z] GET /admin/notifications/my - 304 (13ms)
[2026-01-26T11:49:16.880Z] GET /admin/notifications/my - 304 (3ms)
[2026-01-26T11:49:51.438Z] POST /test-session/b86611c4-cbe7-479e-803c-65b41f574533/sync - 201 (4ms)
[2026-01-26T11:49:57.660Z] GET /admin/notifications/my - 304 (16ms)
[2026-01-26T11:50:00.228Z] GET /passes/current - 304 (7ms)
[2026-01-26T11:50:00.416Z] GET /exams/user/stats - 304 (7ms)
[2026-01-26T11:50:00.537Z] GET /exams/user/recent - 304 (9ms)
[2026-01-26T11:50:00.549Z] GET /passes/current - 304 (19ms)
[2026-01-26T11:50:00.555Z] GET /exams - 304 (26ms)
[2026-01-26T11:50:00.558Z] GET /exams/user/stats - 304 (23ms)
[2026-01-26T11:50:00.730Z] GET /exams/user/recent - 304 (6ms)
[2026-01-26T11:50:00.863Z] GET /exams - 304 (8ms)
[2026-01-26T11:50:16.952Z] GET /admin/notifications/my - 304 (16ms)
[2026-01-26T11:50:43.546Z] GET /admin/notifications/my - 304 (13ms)
[2026-01-26T11:50:45.181Z] GET /admin/notifications/my - 304 (2ms)
[2026-01-26T11:50:51.487Z] POST /test-session/b86611c4-cbe7-479e-803c-65b41f574533/sync - 201 (3ms)
[2026-01-26T16:33:33.905Z] GET /admin/notifications/my - 304 (19ms)
[2026-01-26T16:34:03.054Z] GET /exams/user/stats - 304 (22ms)
[2026-01-26T16:34:03.057Z] GET /passes/current - 200 (27ms)
[2026-01-26T16:34:03.344Z] GET /exams/user/recent - 304 (10ms)
[2026-01-26T16:34:03.351Z] GET /exams - 304 (14ms)
[2026-01-26T16:34:03.385Z] GET /exams/user/stats - 304 (5ms)
[2026-01-26T16:34:03.388Z] GET /passes/current - 200 (6ms)
[2026-01-26T16:34:03.670Z] GET /exams/user/recent - 304 (5ms)
[2026-01-26T16:34:03.675Z] GET /exams - 304 (8ms)
[2026-01-26T16:34:07.145Z] GET /exams?type=real_exam - 304 (10ms)
[2026-01-26T16:34:07.159Z] GET /exams?type=real_exam - 304 (9ms)
[2026-01-26T16:34:08.428Z] GET /exams?type=previous_year_paper - 304 (8ms)
[2026-01-26T16:34:08.443Z] GET /exams?type=previous_year_paper - 304 (8ms)
[2026-01-26T16:34:13.972Z] GET /exams/hierarchy - 403: "Forbidden resource"
[2026-01-26T16:34:13.974Z] GET /exams/hierarchy - 403 (2ms)
[2026-01-26T16:34:13.984Z] GET /exams/hierarchy - 403: "Forbidden resource"
[2026-01-26T16:34:13.986Z] GET /exams/hierarchy - 403 (3ms)
[2026-01-26T16:34:34.213Z] GET /admin/notifications/my - 304 (22ms)
[2026-01-26T16:34:39.079Z] GET /passes/current - 200 (6ms)
[2026-01-26T16:34:39.391Z] GET /exams/user/stats - 304 (5ms)
[2026-01-26T16:34:39.403Z] GET /exams - 304 (14ms)
[2026-01-26T16:34:39.415Z] GET /exams/user/recent - 304 (27ms)
[2026-01-26T16:34:39.423Z] GET /passes/current - 200 (25ms)
[2026-01-26T16:34:39.705Z] GET /exams/user/stats - 304 (5ms)
[2026-01-26T16:34:39.720Z] GET /exams - 304 (9ms)
[2026-01-26T16:34:39.733Z] GET /exams/user/recent - 304 (5ms)
[2026-01-26T16:35:34.217Z] GET /admin/notifications/my - 304 (20ms)
[2026-01-26T16:37:04.226Z] GET /admin/notifications/my - 304 (21ms)
[2026-01-26T16:38:03.903Z] GET /admin/notifications/my - 304 (21ms)
[2026-01-26T16:39:04.205Z] GET /admin/notifications/my - 304 (23ms)
[2026-01-26T16:40:03.906Z] GET /admin/notifications/my - 304 (23ms)
[2026-01-26T16:41:04.211Z] GET /admin/notifications/my - 304 (23ms)
[2026-01-26T16:41:37.123Z] GET /admin/notifications/my - 304 (25ms)
[2026-01-26T16:41:39.673Z] GET /exams?type=previous_year_paper - 304 (12ms)
[2026-01-26T16:41:39.861Z] GET /exams?type=previous_year_paper - 304 (7ms)
[2026-01-26T16:41:47.751Z] GET /exams?type=live_exam - 304 (10ms)
[2026-01-26T16:41:48.075Z] GET /exams?type=live_exam - 304 (12ms)
[2026-01-26T16:41:48.670Z] GET /exams?type=previous_year_paper - 304 (7ms)
[2026-01-26T16:41:48.996Z] GET /exams?type=previous_year_paper - 304 (8ms)
[2026-01-26T16:41:57.078Z] GET /passes/current - 200 (6ms)
[2026-01-26T16:41:57.390Z] GET /exams/user/stats - 304 (6ms)
[2026-01-26T16:41:57.400Z] GET /exams - 304 (14ms)
[2026-01-26T16:41:57.415Z] GET /exams/user/recent - 304 (28ms)
[2026-01-26T16:41:57.417Z] GET /passes/current - 200 (22ms)
[2026-01-26T16:41:57.721Z] GET /exams/user/stats - 304 (5ms)
[2026-01-26T16:41:57.726Z] GET /exams - 304 (9ms)
[2026-01-26T16:41:57.734Z] GET /exams/user/recent - 304 (5ms)
[2026-01-26T16:42:24.039Z] POST /auth/login - 200 (148ms)
[2026-01-26T16:42:27.133Z] GET /analytics/overview - 200 (16ms)
[2026-01-26T16:42:27.142Z] GET /analytics/overview - 304 (2ms)
[2026-01-26T16:42:27.186Z] GET /admin/system/health - 200 (2ms)
[2026-01-26T16:42:27.190Z] GET /admin/system/api-usage - 304 (2ms)
[2026-01-26T16:42:27.196Z] GET /admin/system/health - 200 (2ms)
[2026-01-26T16:42:27.202Z] GET /admin/system/api-usage - 304 (2ms)
[2026-01-26T16:42:41.489Z] GET /exams?type=previous_year_paper - 304 (41ms)
[2026-01-26T16:42:41.518Z] GET /exams?type=previous_year_paper - 304 (23ms)
[2026-01-26T16:42:55.119Z] GET /exams - 200 (44ms)
[2026-01-26T16:42:55.136Z] GET /exams - 304 (10ms)
[2026-01-26T16:44:24.266Z] GET /exams?type=previous_year_paper - 304 (38ms)
[2026-01-26T16:44:24.404Z] GET /exams?type=previous_year_paper - 304 (9ms)
[2026-01-26T16:55:02.697Z] POST /auth/login - 200 (118ms)
[2026-01-26T16:55:02.750Z] POST /exams - 201 (37ms)
[2026-01-26T16:55:02.768Z] POST /subjects - 201 (14ms)
[2026-01-26T16:55:02.787Z] POST /chapters - 201 (15ms)
[2026-01-26T16:55:02.811Z] POST /models - 201 (21ms)
[2026-01-26T16:55:02.826Z] POST /questions - 201 (12ms)
[2026-01-26T16:55:02.862Z] POST /exams/076735f9-6b24-47a9-921f-5639f05422e2/link-questions - 201 (34ms)
[2026-01-26T16:55:02.889Z] PUT /exams/076735f9-6b24-47a9-921f-5639f05422e2/publish - 200 (24ms)
[2026-01-26T16:55:03.002Z] POST /auth/signup - 201 (110ms)
[2026-01-26T16:55:03.106Z] POST /auth/login - 200 (101ms)
[2026-01-26T16:55:04.204Z] POST /payments/create-order - 201 (1094ms)
[2026-01-26T16:55:04.211Z] POST /payments/webhook - 201 (4ms)
[2026-01-26T16:55:04.225Z] POST /test-session/start - 201 (12ms)
[2026-01-26T16:55:04.323Z] POST /test-session/076735f9-6b24-47a9-921f-5639f05422e2/submit - 201 (96ms)
[2026-01-26T16:55:04.343Z] GET /analytics/attempt/200d6ca9-4243-4825-84a9-de37f6cc2022 - 200 (18ms)
[2026-01-26T16:56:04.422Z] POST /auth/login - 401: "Invalid credentials"
[2026-01-26T16:56:04.424Z] POST /auth/login - 401 (120ms)
[2026-01-26T16:56:46.022Z] POST /auth/login - 200 (67ms)
[2026-01-26T16:56:46.027Z] POST /exams - 401: "Unauthorized"
[2026-01-26T16:56:46.029Z] POST /exams - 401 (2ms)
[2026-01-26T16:56:46.033Z] GET /exams/subjects/all - 401: "Unauthorized"
[2026-01-26T16:56:46.034Z] GET /exams/subjects/all - 401 (2ms)
[2026-01-26T16:57:06.228Z] POST /auth/login - 200 (74ms)
[2026-01-26T16:57:06.258Z] POST /exams - 201 (25ms)
[2026-01-26T16:57:06.266Z] GET /exams?type=previous_year_paper - 200 (6ms)
[2026-01-26T16:57:06.271Z] GET /exams/subjects/all - 200 (3ms)
[2026-01-26T16:57:06.274Z] GET /exams/practice/64cd545d-f72c-48cb-bb8b-8b7da1e4be94/start - 500: "Provided \"take\" value is not a number. Please provide a numeric value."
TypeORMError: Provided "take" value is not a number. Please provide a numeric value.
    at SelectQueryBuilder.take (C:\Users\dadim\OneDrive\Desktop\eRankUp\backend\node_modules\typeorm\query-builder\SelectQueryBuilder.js:579:19)
    at ExamsService.getPracticeQuestions (C:\Users\dadim\OneDrive\Desktop\eRankUp\backend\dist\backend\src\exams\exams.service.js:741:14)
    at ExamsController.startPractice (C:\Users\dadim\OneDrive\Desktop\eRankUp\backend\dist\backend\src\exams\exams.controller.js:282:51)
    at C:\Users\dadim\OneDrive\Desktop\eRankUp\node_modules\@nestjs\core\router\router-execution-context.js:38:29
    at process.processTicksAndRejections (node:internal/process/task_queues:103:5)
[2026-01-26T16:57:06.275Z] GET /exams/practice/64cd545d-f72c-48cb-bb8b-8b7da1e4be94/start - 500 (2ms)
[2026-01-26T16:59:13.595Z] POST /auth/login - 200 (71ms)
[2026-01-26T16:59:13.626Z] POST /exams - 201 (20ms)
[2026-01-26T16:59:13.639Z] POST /subjects - 201 (11ms)
[2026-01-26T16:59:13.651Z] POST /chapters - 201 (10ms)
[2026-01-26T16:59:13.667Z] POST /models - 201 (14ms)
[2026-01-26T16:59:13.679Z] POST /questions - 201 (9ms)
[2026-01-26T16:59:13.699Z] POST /exams/1892b94a-43b0-4005-8dc8-4cd83877d5ec/link-questions - 201 (18ms)
[2026-01-26T16:59:13.718Z] PUT /exams/1892b94a-43b0-4005-8dc8-4cd83877d5ec/publish - 200 (17ms)
[2026-01-26T16:59:13.782Z] POST /auth/signup - 201 (62ms)
[2026-01-26T16:59:13.839Z] POST /auth/login - 200 (56ms)
[2026-01-26T16:59:14.136Z] POST /payments/create-order - 201 (295ms)
[2026-01-26T16:59:14.141Z] POST /payments/webhook - 201 (3ms)
[2026-01-26T16:59:14.152Z] POST /test-session/start - 201 (9ms)
[2026-01-26T16:59:14.212Z] POST /test-session/1892b94a-43b0-4005-8dc8-4cd83877d5ec/submit - 201 (59ms)
[2026-01-26T16:59:14.228Z] GET /analytics/attempt/274e89cd-01aa-4177-8445-460f4e2dd1ca - 200 (14ms)
[2026-01-26T16:59:16.575Z] POST /auth/login - 200 (56ms)
[2026-01-26T16:59:16.590Z] POST /exams - 201 (10ms)
[2026-01-26T16:59:16.601Z] GET /exams?type=previous_year_paper - 200 (8ms)
[2026-01-26T16:59:16.606Z] GET /exams/subjects/all - 200 (3ms)
[2026-01-26T16:59:16.610Z] GET /exams/practice/64cd545d-f72c-48cb-bb8b-8b7da1e4be94/start - 500: "Provided \"take\" value is not a number. Please provide a numeric value."
TypeORMError: Provided "take" value is not a number. Please provide a numeric value.
    at SelectQueryBuilder.take (C:\Users\dadim\OneDrive\Desktop\eRankUp\backend\node_modules\typeorm\query-builder\SelectQueryBuilder.js:579:19)
    at ExamsService.getPracticeQuestions (C:\Users\dadim\OneDrive\Desktop\eRankUp\backend\dist\backend\src\exams\exams.service.js:742:14)
    at ExamsController.startPractice (C:\Users\dadim\OneDrive\Desktop\eRankUp\backend\dist\backend\src\exams\exams.controller.js:282:51)
    at C:\Users\dadim\OneDrive\Desktop\eRankUp\node_modules\@nestjs\core\router\router-execution-context.js:38:29
    at process.processTicksAndRejections (node:internal/process/task_queues:103:5)
[2026-01-26T16:59:16.611Z] GET /exams/practice/64cd545d-f72c-48cb-bb8b-8b7da1e4be94/start - 500 (3ms)
[2026-01-26T17:00:48.209Z] POST /auth/login - 200 (70ms)
[2026-01-26T17:00:48.230Z] POST /exams - 201 (16ms)
[2026-01-26T17:00:48.252Z] GET /exams?type=previous_year_paper - 200 (19ms)
[2026-01-26T17:00:48.257Z] GET /exams/subjects/all - 200 (3ms)
[2026-01-26T17:00:48.264Z] GET /exams/practice/64cd545d-f72c-48cb-bb8b-8b7da1e4be94/start - 200 (5ms)
[2026-01-26T17:07:03.366Z] GET /exams - 200 (61ms)
[2026-01-26T17:07:03.514Z] GET /exams - 304 (20ms)
[2026-01-26T17:07:07.128Z] GET /admin/exams - 404: "Cannot GET /admin/exams"
[2026-01-26T17:07:07.131Z] GET /admin/exams - 404 (5ms)
[2026-01-26T17:07:07.140Z] GET /admin/exams - 404: "Cannot GET /admin/exams"
[2026-01-26T17:07:07.143Z] GET /admin/exams - 404 (6ms)
